ISO-10303-21;
HEADER;
/* Generated by software containing ST-Developer
 * from STEP Tools, Inc. (www.steptools.com) 
 */
/* OPTION: using custom renumber hook */

FILE_DESCRIPTION(
/* description */ ('STEP AP242 Edition 2',
'CAx-IF Rec.Pracs.---Representation and Presentation of Product Manufa
cturing Information (PMI)---4.0---2014-10-13',
'CAx-IF Rec.Pracs.---3D Tessellated Geometry---0.4---2014-09-14','2;1',
'CAx-IF Rec.Pracs.---User Defined Attributes---1.5---2016-08-15'),
/* implementation_level */ '2;1');

FILE_NAME(
/* name */ 'Part Studio 1',
/* time_stamp */ '2026-09-16T09:49:16Z',
/* author */ (''),
/* organization */ (''),
/* preprocessor_version */ 'ST-DEVELOPER v20',
/* originating_system */ 'ONSHAPE BY PTC INC, 1.220',
/* authorisation */ '  ');

FILE_SCHEMA (('AP242_MANAGED_MODEL_BASED_3D_ENGINEERING_MIM_LF { 1 0 10303 442 3 1 4 }'));
ENDSEC;

DATA;
#10=SPHERICAL_SURFACE('',#10635,0.0025);
#11=SPHERICAL_SURFACE('',#10639,0.0025);
#12=TOROIDAL_SURFACE('',#10613,0.015,0.0015);
#13=TOROIDAL_SURFACE('',#10643,0.005,0.0025);
#14=TOROIDAL_SURFACE('',#10647,0.005,0.0025);
#15=SHAPE_REPRESENTATION_RELATIONSHIP('','',#10382,#19);
#16=SHAPE_REPRESENTATION_RELATIONSHIP('','',#10383,#20);
#17=SHAPE_REPRESENTATION_RELATIONSHIP('','',#10384,#21);
#18=SHAPE_REPRESENTATION_RELATIONSHIP('','',#10385,#22);
#19=ADVANCED_BREP_SHAPE_REPRESENTATION('',(#10374),#16297);
#20=ADVANCED_BREP_SHAPE_REPRESENTATION('',(#10375),#16298);
#21=ADVANCED_BREP_SHAPE_REPRESENTATION('',(#10376),#16299);
#22=ADVANCED_BREP_SHAPE_REPRESENTATION('',(#10377),#16300);
#23=CYLINDRICAL_SURFACE('',#10407,0.00500000000000007);
#24=CYLINDRICAL_SURFACE('',#10410,0.0050000000000001);
#25=CYLINDRICAL_SURFACE('',#10413,0.0015);
#26=CYLINDRICAL_SURFACE('',#10415,0.0015);
#27=CYLINDRICAL_SURFACE('',#10418,0.00175);
#28=CYLINDRICAL_SURFACE('',#10419,0.00175);
#29=CYLINDRICAL_SURFACE('',#10420,0.002);
#30=CYLINDRICAL_SURFACE('',#10421,0.002);
#31=CYLINDRICAL_SURFACE('',#10467,0.0050000000000001);
#32=CYLINDRICAL_SURFACE('',#10468,0.00500000000000009);
#33=CYLINDRICAL_SURFACE('',#10611,0.0135);
#34=CYLINDRICAL_SURFACE('',#10624,0.0025);
#35=CYLINDRICAL_SURFACE('',#10626,0.0025);
#36=CYLINDRICAL_SURFACE('',#10628,0.0025);
#37=CYLINDRICAL_SURFACE('',#10630,0.0025);
#38=CYLINDRICAL_SURFACE('',#10632,0.0025);
#39=CYLINDRICAL_SURFACE('',#10637,0.0025);
#40=CYLINDRICAL_SURFACE('',#10641,0.0025);
#41=CYLINDRICAL_SURFACE('',#10645,0.0025);
#42=CYLINDRICAL_SURFACE('',#10648,0.0016);
#43=CYLINDRICAL_SURFACE('',#10649,0.0016);
#44=CYLINDRICAL_SURFACE('',#10673,0.0025);
#45=CYLINDRICAL_SURFACE('',#10674,0.0025);
#46=CYLINDRICAL_SURFACE('',#10682,0.002);
#47=CYLINDRICAL_SURFACE('',#10686,0.002);
#48=CYLINDRICAL_SURFACE('',#10689,0.00175);
#49=CYLINDRICAL_SURFACE('',#10691,0.00175);
#50=CYLINDRICAL_SURFACE('',#10696,0.00500000000000009);
#51=CYLINDRICAL_SURFACE('',#10700,0.0050000000000001);
#52=CYLINDRICAL_SURFACE('',#10703,0.0015);
#53=CYLINDRICAL_SURFACE('',#10706,0.0015);
#54=CYLINDRICAL_SURFACE('',#10915,0.0016);
#55=CYLINDRICAL_SURFACE('',#10918,0.0016);
#56=CYLINDRICAL_SURFACE('',#10921,0.00500000000000007);
#57=CYLINDRICAL_SURFACE('',#10924,0.0050000000000001);
#58=CIRCLE('',#10391,0.002);
#59=CIRCLE('',#10392,0.002);
#60=CIRCLE('',#10393,0.0015);
#61=CIRCLE('',#10394,0.0015);
#62=CIRCLE('',#10396,0.00175);
#63=CIRCLE('',#10398,0.00500000000000007);
#64=CIRCLE('',#10399,0.0050000000000001);
#65=CIRCLE('',#10400,0.002);
#66=CIRCLE('',#10401,0.002);
#67=CIRCLE('',#10402,0.00175);
#68=CIRCLE('',#10403,0.00175);
#69=CIRCLE('',#10405,0.00175);
#70=CIRCLE('',#10408,0.00500000000000007);
#71=CIRCLE('',#10411,0.0050000000000001);
#72=CIRCLE('',#10414,0.0015);
#73=CIRCLE('',#10416,0.0015);
#74=CIRCLE('',#10429,0.0025);
#75=CIRCLE('',#10430,0.0025);
#76=CIRCLE('',#10431,0.0025);
#77=CIRCLE('',#10432,0.0025);
#78=CIRCLE('',#10434,0.0050000000000001);
#79=CIRCLE('',#10435,0.00500000000000009);
#80=CIRCLE('',#10436,0.0135);
#81=CIRCLE('',#10437,0.0016);
#82=CIRCLE('',#10438,0.0016);
#83=CIRCLE('',#10443,0.015);
#84=CIRCLE('',#10444,0.0016);
#85=CIRCLE('',#10445,0.0016);
#86=CIRCLE('',#10446,0.00500000000000009);
#87=CIRCLE('',#10447,0.0050000000000001);
#88=CIRCLE('',#10448,0.005);
#89=CIRCLE('',#10449,0.005);
#90=CIRCLE('',#10612,0.0135);
#91=CIRCLE('',#10625,0.0025);
#92=CIRCLE('',#10627,0.0025);
#93=CIRCLE('',#10629,0.0025);
#94=CIRCLE('',#10631,0.0025);
#95=CIRCLE('',#10633,0.0025);
#96=CIRCLE('',#10634,0.0025);
#97=CIRCLE('',#10636,0.0025);
#98=CIRCLE('',#10638,0.0025);
#99=CIRCLE('',#10640,0.0025);
#100=CIRCLE('',#10642,0.0025);
#101=CIRCLE('',#10644,0.0025);
#102=CIRCLE('',#10646,0.0025);
#103=CIRCLE('',#10659,0.0025);
#104=CIRCLE('',#10660,0.0025);
#105=CIRCLE('',#10662,0.0025);
#106=CIRCLE('',#10663,0.0025);
#107=CIRCLE('',#10679,0.00175);
#108=CIRCLE('',#10681,0.00175);
#109=CIRCLE('',#10683,0.002);
#110=CIRCLE('',#10684,0.002);
#111=CIRCLE('',#10687,0.002);
#112=CIRCLE('',#10688,0.002);
#113=CIRCLE('',#10690,0.00175);
#114=CIRCLE('',#10692,0.00175);
#115=CIRCLE('',#10697,0.00500000000000009);
#116=CIRCLE('',#10698,0.00500000000000009);
#117=CIRCLE('',#10701,0.0050000000000001);
#118=CIRCLE('',#10702,0.0050000000000001);
#119=CIRCLE('',#10704,0.0015);
#120=CIRCLE('',#10705,0.0015);
#121=CIRCLE('',#10707,0.0015);
#122=CIRCLE('',#10708,0.0015);
#123=CIRCLE('',#10916,0.0016);
#124=CIRCLE('',#10917,0.0016);
#125=CIRCLE('',#10919,0.0016);
#126=CIRCLE('',#10920,0.0016);
#127=CIRCLE('',#10922,0.00500000000000007);
#128=CIRCLE('',#10923,0.00500000000000007);
#129=CIRCLE('',#10925,0.0050000000000001);
#130=CIRCLE('',#10926,0.0050000000000001);
#131=ORIENTED_EDGE('',*,*,#2957,.F.);
#132=ORIENTED_EDGE('',*,*,#2958,.T.);
#133=ORIENTED_EDGE('',*,*,#2959,.T.);
#134=ORIENTED_EDGE('',*,*,#2960,.F.);
#135=ORIENTED_EDGE('',*,*,#2961,.T.);
#136=ORIENTED_EDGE('',*,*,#2962,.T.);
#137=ORIENTED_EDGE('',*,*,#2963,.F.);
#138=ORIENTED_EDGE('',*,*,#2964,.T.);
#139=ORIENTED_EDGE('',*,*,#2965,.F.);
#140=ORIENTED_EDGE('',*,*,#2966,.F.);
#141=ORIENTED_EDGE('',*,*,#2967,.F.);
#142=ORIENTED_EDGE('',*,*,#2968,.T.);
#143=ORIENTED_EDGE('',*,*,#2969,.F.);
#144=ORIENTED_EDGE('',*,*,#2961,.F.);
#145=ORIENTED_EDGE('',*,*,#2970,.T.);
#146=ORIENTED_EDGE('',*,*,#2960,.T.);
#147=ORIENTED_EDGE('',*,*,#2971,.T.);
#148=ORIENTED_EDGE('',*,*,#2966,.T.);
#149=ORIENTED_EDGE('',*,*,#2972,.F.);
#150=ORIENTED_EDGE('',*,*,#2973,.F.);
#151=ORIENTED_EDGE('',*,*,#2974,.T.);
#152=ORIENTED_EDGE('',*,*,#2975,.F.);
#153=ORIENTED_EDGE('',*,*,#2976,.T.);
#154=ORIENTED_EDGE('',*,*,#2977,.T.);
#155=ORIENTED_EDGE('',*,*,#2978,.T.);
#156=ORIENTED_EDGE('',*,*,#2979,.T.);
#157=ORIENTED_EDGE('',*,*,#2980,.F.);
#158=ORIENTED_EDGE('',*,*,#2981,.F.);
#159=ORIENTED_EDGE('',*,*,#2968,.F.);
#160=ORIENTED_EDGE('',*,*,#2982,.F.);
#161=ORIENTED_EDGE('',*,*,#2958,.F.);
#162=ORIENTED_EDGE('',*,*,#2983,.F.);
#163=ORIENTED_EDGE('',*,*,#2963,.T.);
#164=ORIENTED_EDGE('',*,*,#2984,.T.);
#165=ORIENTED_EDGE('',*,*,#2985,.T.);
#166=ORIENTED_EDGE('',*,*,#2986,.T.);
#167=ORIENTED_EDGE('',*,*,#2987,.F.);
#168=ORIENTED_EDGE('',*,*,#2988,.T.);
#169=ORIENTED_EDGE('',*,*,#2989,.T.);
#170=ORIENTED_EDGE('',*,*,#2976,.F.);
#171=ORIENTED_EDGE('',*,*,#2990,.T.);
#172=ORIENTED_EDGE('',*,*,#2977,.F.);
#173=ORIENTED_EDGE('',*,*,#2989,.F.);
#174=ORIENTED_EDGE('',*,*,#2991,.T.);
#175=ORIENTED_EDGE('',*,*,#2992,.T.);
#176=ORIENTED_EDGE('',*,*,#2978,.F.);
#177=ORIENTED_EDGE('',*,*,#2990,.F.);
#178=ORIENTED_EDGE('',*,*,#2993,.T.);
#179=ORIENTED_EDGE('',*,*,#2994,.T.);
#180=ORIENTED_EDGE('',*,*,#2979,.F.);
#181=ORIENTED_EDGE('',*,*,#2992,.F.);
#182=ORIENTED_EDGE('',*,*,#2995,.T.);
#183=ORIENTED_EDGE('',*,*,#2996,.F.);
#184=ORIENTED_EDGE('',*,*,#2997,.T.);
#185=ORIENTED_EDGE('',*,*,#2980,.T.);
#186=ORIENTED_EDGE('',*,*,#2994,.F.);
#187=ORIENTED_EDGE('',*,*,#2998,.F.);
#188=ORIENTED_EDGE('',*,*,#2972,.T.);
#189=ORIENTED_EDGE('',*,*,#2999,.F.);
#190=ORIENTED_EDGE('',*,*,#2973,.T.);
#191=ORIENTED_EDGE('',*,*,#2999,.T.);
#192=ORIENTED_EDGE('',*,*,#2998,.T.);
#193=ORIENTED_EDGE('',*,*,#2988,.F.);
#194=ORIENTED_EDGE('',*,*,#3000,.T.);
#195=ORIENTED_EDGE('',*,*,#2996,.T.);
#196=ORIENTED_EDGE('',*,*,#2995,.F.);
#197=ORIENTED_EDGE('',*,*,#2993,.F.);
#198=ORIENTED_EDGE('',*,*,#2991,.F.);
#199=ORIENTED_EDGE('',*,*,#2986,.F.);
#200=ORIENTED_EDGE('',*,*,#2984,.F.);
#201=ORIENTED_EDGE('',*,*,#2985,.F.);
#202=ORIENTED_EDGE('',*,*,#2974,.F.);
#203=ORIENTED_EDGE('',*,*,#2971,.F.);
#204=ORIENTED_EDGE('',*,*,#2959,.F.);
#205=ORIENTED_EDGE('',*,*,#2982,.T.);
#206=ORIENTED_EDGE('',*,*,#2967,.T.);
#207=ORIENTED_EDGE('',*,*,#2970,.F.);
#208=ORIENTED_EDGE('',*,*,#2964,.F.);
#209=ORIENTED_EDGE('',*,*,#2983,.T.);
#210=ORIENTED_EDGE('',*,*,#2957,.T.);
#211=ORIENTED_EDGE('',*,*,#2969,.T.);
#212=ORIENTED_EDGE('',*,*,#2965,.T.);
#213=ORIENTED_EDGE('',*,*,#2981,.T.);
#214=ORIENTED_EDGE('',*,*,#2997,.F.);
#215=ORIENTED_EDGE('',*,*,#3000,.F.);
#216=ORIENTED_EDGE('',*,*,#2987,.T.);
#217=ORIENTED_EDGE('',*,*,#2975,.T.);
#218=ORIENTED_EDGE('',*,*,#2962,.F.);
#219=ORIENTED_EDGE('',*,*,#3001,.F.);
#220=ORIENTED_EDGE('',*,*,#3002,.T.);
#221=ORIENTED_EDGE('',*,*,#3003,.F.);
#222=ORIENTED_EDGE('',*,*,#3004,.F.);
#223=ORIENTED_EDGE('',*,*,#3005,.F.);
#224=ORIENTED_EDGE('',*,*,#3006,.T.);
#225=ORIENTED_EDGE('',*,*,#3001,.T.);
#226=ORIENTED_EDGE('',*,*,#3007,.F.);
#227=ORIENTED_EDGE('',*,*,#3008,.F.);
#228=ORIENTED_EDGE('',*,*,#3005,.T.);
#229=ORIENTED_EDGE('',*,*,#3009,.T.);
#230=ORIENTED_EDGE('',*,*,#3010,.T.);
#231=ORIENTED_EDGE('',*,*,#3011,.F.);
#232=ORIENTED_EDGE('',*,*,#3012,.F.);
#233=ORIENTED_EDGE('',*,*,#3013,.T.);
#234=ORIENTED_EDGE('',*,*,#3014,.F.);
#235=ORIENTED_EDGE('',*,*,#3015,.F.);
#236=ORIENTED_EDGE('',*,*,#3016,.T.);
#237=ORIENTED_EDGE('',*,*,#3017,.T.);
#238=ORIENTED_EDGE('',*,*,#3018,.F.);
#239=ORIENTED_EDGE('',*,*,#3019,.T.);
#240=ORIENTED_EDGE('',*,*,#3020,.F.);
#241=ORIENTED_EDGE('',*,*,#3021,.F.);
#242=ORIENTED_EDGE('',*,*,#3022,.T.);
#243=ORIENTED_EDGE('',*,*,#3023,.F.);
#244=ORIENTED_EDGE('',*,*,#3024,.T.);
#245=ORIENTED_EDGE('',*,*,#3025,.T.);
#246=ORIENTED_EDGE('',*,*,#3026,.T.);
#247=ORIENTED_EDGE('',*,*,#3027,.T.);
#248=ORIENTED_EDGE('',*,*,#3028,.T.);
#249=ORIENTED_EDGE('',*,*,#3029,.F.);
#250=ORIENTED_EDGE('',*,*,#3030,.T.);
#251=ORIENTED_EDGE('',*,*,#3031,.T.);
#252=ORIENTED_EDGE('',*,*,#3009,.F.);
#253=ORIENTED_EDGE('',*,*,#3007,.T.);
#254=ORIENTED_EDGE('',*,*,#3004,.T.);
#255=ORIENTED_EDGE('',*,*,#3010,.F.);
#256=ORIENTED_EDGE('',*,*,#3031,.F.);
#257=ORIENTED_EDGE('',*,*,#3032,.F.);
#258=ORIENTED_EDGE('',*,*,#3033,.T.);
#259=ORIENTED_EDGE('',*,*,#3034,.F.);
#260=ORIENTED_EDGE('',*,*,#3035,.T.);
#261=ORIENTED_EDGE('',*,*,#3036,.F.);
#262=ORIENTED_EDGE('',*,*,#3037,.T.);
#263=ORIENTED_EDGE('',*,*,#3038,.F.);
#264=ORIENTED_EDGE('',*,*,#3039,.F.);
#265=ORIENTED_EDGE('',*,*,#3040,.F.);
#266=ORIENTED_EDGE('',*,*,#3041,.T.);
#267=ORIENTED_EDGE('',*,*,#3042,.F.);
#268=ORIENTED_EDGE('',*,*,#3043,.F.);
#269=ORIENTED_EDGE('',*,*,#3044,.F.);
#270=ORIENTED_EDGE('',*,*,#3045,.T.);
#271=ORIENTED_EDGE('',*,*,#3046,.F.);
#272=ORIENTED_EDGE('',*,*,#3047,.F.);
#273=ORIENTED_EDGE('',*,*,#3048,.F.);
#274=ORIENTED_EDGE('',*,*,#3049,.T.);
#275=ORIENTED_EDGE('',*,*,#3050,.F.);
#276=ORIENTED_EDGE('',*,*,#3051,.F.);
#277=ORIENTED_EDGE('',*,*,#3052,.F.);
#278=ORIENTED_EDGE('',*,*,#3053,.T.);
#279=ORIENTED_EDGE('',*,*,#3054,.F.);
#280=ORIENTED_EDGE('',*,*,#3055,.F.);
#281=ORIENTED_EDGE('',*,*,#3056,.F.);
#282=ORIENTED_EDGE('',*,*,#3057,.T.);
#283=ORIENTED_EDGE('',*,*,#3058,.F.);
#284=ORIENTED_EDGE('',*,*,#3059,.F.);
#285=ORIENTED_EDGE('',*,*,#3060,.F.);
#286=ORIENTED_EDGE('',*,*,#3019,.F.);
#287=ORIENTED_EDGE('',*,*,#3003,.T.);
#288=ORIENTED_EDGE('',*,*,#3061,.T.);
#289=ORIENTED_EDGE('',*,*,#3018,.T.);
#290=ORIENTED_EDGE('',*,*,#3062,.F.);
#291=ORIENTED_EDGE('',*,*,#3063,.F.);
#292=ORIENTED_EDGE('',*,*,#3064,.T.);
#293=ORIENTED_EDGE('',*,*,#3065,.T.);
#294=ORIENTED_EDGE('',*,*,#3066,.F.);
#295=ORIENTED_EDGE('',*,*,#3067,.F.);
#296=ORIENTED_EDGE('',*,*,#3068,.T.);
#297=ORIENTED_EDGE('',*,*,#3069,.T.);
#298=ORIENTED_EDGE('',*,*,#3070,.F.);
#299=ORIENTED_EDGE('',*,*,#3071,.F.);
#300=ORIENTED_EDGE('',*,*,#3072,.T.);
#301=ORIENTED_EDGE('',*,*,#3014,.T.);
#302=ORIENTED_EDGE('',*,*,#3073,.F.);
#303=ORIENTED_EDGE('',*,*,#3074,.F.);
#304=ORIENTED_EDGE('',*,*,#3075,.F.);
#305=ORIENTED_EDGE('',*,*,#3076,.T.);
#306=ORIENTED_EDGE('',*,*,#3077,.T.);
#307=ORIENTED_EDGE('',*,*,#3078,.F.);
#308=ORIENTED_EDGE('',*,*,#3079,.F.);
#309=ORIENTED_EDGE('',*,*,#3080,.T.);
#310=ORIENTED_EDGE('',*,*,#3081,.T.);
#311=ORIENTED_EDGE('',*,*,#3082,.F.);
#312=ORIENTED_EDGE('',*,*,#3083,.F.);
#313=ORIENTED_EDGE('',*,*,#3084,.T.);
#314=ORIENTED_EDGE('',*,*,#3085,.T.);
#315=ORIENTED_EDGE('',*,*,#3086,.F.);
#316=ORIENTED_EDGE('',*,*,#3087,.F.);
#317=ORIENTED_EDGE('',*,*,#3088,.T.);
#318=ORIENTED_EDGE('',*,*,#3089,.T.);
#319=ORIENTED_EDGE('',*,*,#3090,.F.);
#320=ORIENTED_EDGE('',*,*,#3091,.F.);
#321=ORIENTED_EDGE('',*,*,#3092,.T.);
#322=ORIENTED_EDGE('',*,*,#3093,.T.);
#323=ORIENTED_EDGE('',*,*,#3094,.F.);
#324=ORIENTED_EDGE('',*,*,#3095,.F.);
#325=ORIENTED_EDGE('',*,*,#3096,.T.);
#326=ORIENTED_EDGE('',*,*,#3097,.T.);
#327=ORIENTED_EDGE('',*,*,#3098,.F.);
#328=ORIENTED_EDGE('',*,*,#3099,.F.);
#329=ORIENTED_EDGE('',*,*,#3100,.T.);
#330=ORIENTED_EDGE('',*,*,#3101,.T.);
#331=ORIENTED_EDGE('',*,*,#3102,.F.);
#332=ORIENTED_EDGE('',*,*,#3103,.F.);
#333=ORIENTED_EDGE('',*,*,#3104,.T.);
#334=ORIENTED_EDGE('',*,*,#3105,.T.);
#335=ORIENTED_EDGE('',*,*,#3106,.F.);
#336=ORIENTED_EDGE('',*,*,#3107,.F.);
#337=ORIENTED_EDGE('',*,*,#3108,.T.);
#338=ORIENTED_EDGE('',*,*,#3109,.T.);
#339=ORIENTED_EDGE('',*,*,#3110,.F.);
#340=ORIENTED_EDGE('',*,*,#3111,.F.);
#341=ORIENTED_EDGE('',*,*,#3112,.T.);
#342=ORIENTED_EDGE('',*,*,#3113,.T.);
#343=ORIENTED_EDGE('',*,*,#3114,.F.);
#344=ORIENTED_EDGE('',*,*,#3115,.F.);
#345=ORIENTED_EDGE('',*,*,#3116,.T.);
#346=ORIENTED_EDGE('',*,*,#3117,.T.);
#347=ORIENTED_EDGE('',*,*,#3118,.F.);
#348=ORIENTED_EDGE('',*,*,#3119,.F.);
#349=ORIENTED_EDGE('',*,*,#3120,.T.);
#350=ORIENTED_EDGE('',*,*,#3121,.T.);
#351=ORIENTED_EDGE('',*,*,#3122,.F.);
#352=ORIENTED_EDGE('',*,*,#3123,.F.);
#353=ORIENTED_EDGE('',*,*,#3124,.T.);
#354=ORIENTED_EDGE('',*,*,#3125,.T.);
#355=ORIENTED_EDGE('',*,*,#3126,.F.);
#356=ORIENTED_EDGE('',*,*,#3127,.T.);
#357=ORIENTED_EDGE('',*,*,#3128,.T.);
#358=ORIENTED_EDGE('',*,*,#3129,.F.);
#359=ORIENTED_EDGE('',*,*,#3130,.F.);
#360=ORIENTED_EDGE('',*,*,#3131,.T.);
#361=ORIENTED_EDGE('',*,*,#3132,.T.);
#362=ORIENTED_EDGE('',*,*,#3133,.F.);
#363=ORIENTED_EDGE('',*,*,#3134,.F.);
#364=ORIENTED_EDGE('',*,*,#3135,.T.);
#365=ORIENTED_EDGE('',*,*,#3136,.T.);
#366=ORIENTED_EDGE('',*,*,#3137,.F.);
#367=ORIENTED_EDGE('',*,*,#3138,.F.);
#368=ORIENTED_EDGE('',*,*,#3139,.T.);
#369=ORIENTED_EDGE('',*,*,#3140,.T.);
#370=ORIENTED_EDGE('',*,*,#3141,.F.);
#371=ORIENTED_EDGE('',*,*,#3142,.F.);
#372=ORIENTED_EDGE('',*,*,#3143,.T.);
#373=ORIENTED_EDGE('',*,*,#3144,.T.);
#374=ORIENTED_EDGE('',*,*,#3145,.F.);
#375=ORIENTED_EDGE('',*,*,#3146,.F.);
#376=ORIENTED_EDGE('',*,*,#3147,.T.);
#377=ORIENTED_EDGE('',*,*,#3148,.T.);
#378=ORIENTED_EDGE('',*,*,#3149,.F.);
#379=ORIENTED_EDGE('',*,*,#3150,.F.);
#380=ORIENTED_EDGE('',*,*,#3151,.T.);
#381=ORIENTED_EDGE('',*,*,#3152,.T.);
#382=ORIENTED_EDGE('',*,*,#3153,.F.);
#383=ORIENTED_EDGE('',*,*,#3154,.F.);
#384=ORIENTED_EDGE('',*,*,#3155,.T.);
#385=ORIENTED_EDGE('',*,*,#3156,.T.);
#386=ORIENTED_EDGE('',*,*,#3157,.F.);
#387=ORIENTED_EDGE('',*,*,#3158,.F.);
#388=ORIENTED_EDGE('',*,*,#3159,.T.);
#389=ORIENTED_EDGE('',*,*,#3160,.T.);
#390=ORIENTED_EDGE('',*,*,#3161,.F.);
#391=ORIENTED_EDGE('',*,*,#3162,.F.);
#392=ORIENTED_EDGE('',*,*,#3163,.T.);
#393=ORIENTED_EDGE('',*,*,#3164,.T.);
#394=ORIENTED_EDGE('',*,*,#3165,.F.);
#395=ORIENTED_EDGE('',*,*,#3166,.F.);
#396=ORIENTED_EDGE('',*,*,#3167,.F.);
#397=ORIENTED_EDGE('',*,*,#3168,.T.);
#398=ORIENTED_EDGE('',*,*,#3169,.T.);
#399=ORIENTED_EDGE('',*,*,#3170,.F.);
#400=ORIENTED_EDGE('',*,*,#3171,.F.);
#401=ORIENTED_EDGE('',*,*,#3172,.T.);
#402=ORIENTED_EDGE('',*,*,#3173,.T.);
#403=ORIENTED_EDGE('',*,*,#3174,.F.);
#404=ORIENTED_EDGE('',*,*,#3175,.F.);
#405=ORIENTED_EDGE('',*,*,#3176,.T.);
#406=ORIENTED_EDGE('',*,*,#3177,.T.);
#407=ORIENTED_EDGE('',*,*,#3178,.F.);
#408=ORIENTED_EDGE('',*,*,#3179,.F.);
#409=ORIENTED_EDGE('',*,*,#3180,.T.);
#410=ORIENTED_EDGE('',*,*,#3181,.T.);
#411=ORIENTED_EDGE('',*,*,#3182,.F.);
#412=ORIENTED_EDGE('',*,*,#3183,.F.);
#413=ORIENTED_EDGE('',*,*,#3184,.T.);
#414=ORIENTED_EDGE('',*,*,#3185,.T.);
#415=ORIENTED_EDGE('',*,*,#3186,.F.);
#416=ORIENTED_EDGE('',*,*,#3187,.F.);
#417=ORIENTED_EDGE('',*,*,#3188,.T.);
#418=ORIENTED_EDGE('',*,*,#3189,.T.);
#419=ORIENTED_EDGE('',*,*,#3190,.F.);
#420=ORIENTED_EDGE('',*,*,#3191,.F.);
#421=ORIENTED_EDGE('',*,*,#3192,.T.);
#422=ORIENTED_EDGE('',*,*,#3193,.T.);
#423=ORIENTED_EDGE('',*,*,#3194,.F.);
#424=ORIENTED_EDGE('',*,*,#3195,.F.);
#425=ORIENTED_EDGE('',*,*,#3196,.T.);
#426=ORIENTED_EDGE('',*,*,#3197,.T.);
#427=ORIENTED_EDGE('',*,*,#3198,.F.);
#428=ORIENTED_EDGE('',*,*,#3199,.F.);
#429=ORIENTED_EDGE('',*,*,#3200,.T.);
#430=ORIENTED_EDGE('',*,*,#3201,.T.);
#431=ORIENTED_EDGE('',*,*,#3202,.F.);
#432=ORIENTED_EDGE('',*,*,#3203,.F.);
#433=ORIENTED_EDGE('',*,*,#3204,.T.);
#434=ORIENTED_EDGE('',*,*,#3205,.T.);
#435=ORIENTED_EDGE('',*,*,#3206,.F.);
#436=ORIENTED_EDGE('',*,*,#3207,.F.);
#437=ORIENTED_EDGE('',*,*,#3208,.T.);
#438=ORIENTED_EDGE('',*,*,#3209,.T.);
#439=ORIENTED_EDGE('',*,*,#3210,.T.);
#440=ORIENTED_EDGE('',*,*,#3211,.T.);
#441=ORIENTED_EDGE('',*,*,#3212,.T.);
#442=ORIENTED_EDGE('',*,*,#3213,.T.);
#443=ORIENTED_EDGE('',*,*,#3015,.T.);
#444=ORIENTED_EDGE('',*,*,#3072,.F.);
#445=ORIENTED_EDGE('',*,*,#3214,.T.);
#446=ORIENTED_EDGE('',*,*,#3215,.F.);
#447=ORIENTED_EDGE('',*,*,#3216,.F.);
#448=ORIENTED_EDGE('',*,*,#3068,.F.);
#449=ORIENTED_EDGE('',*,*,#3217,.F.);
#450=ORIENTED_EDGE('',*,*,#3017,.F.);
#451=ORIENTED_EDGE('',*,*,#3218,.F.);
#452=ORIENTED_EDGE('',*,*,#3219,.T.);
#453=ORIENTED_EDGE('',*,*,#3066,.T.);
#454=ORIENTED_EDGE('',*,*,#3220,.T.);
#455=ORIENTED_EDGE('',*,*,#3221,.T.);
#456=ORIENTED_EDGE('',*,*,#3222,.F.);
#457=ORIENTED_EDGE('',*,*,#3062,.T.);
#458=ORIENTED_EDGE('',*,*,#3016,.F.);
#459=ORIENTED_EDGE('',*,*,#3213,.F.);
#460=ORIENTED_EDGE('',*,*,#3223,.T.);
#461=ORIENTED_EDGE('',*,*,#3218,.T.);
#462=ORIENTED_EDGE('',*,*,#3224,.T.);
#463=ORIENTED_EDGE('',*,*,#3225,.T.);
#464=ORIENTED_EDGE('',*,*,#3226,.T.);
#465=ORIENTED_EDGE('',*,*,#3227,.F.);
#466=ORIENTED_EDGE('',*,*,#3228,.F.);
#467=ORIENTED_EDGE('',*,*,#3229,.T.);
#468=ORIENTED_EDGE('',*,*,#3230,.T.);
#469=ORIENTED_EDGE('',*,*,#3231,.F.);
#470=ORIENTED_EDGE('',*,*,#3232,.F.);
#471=ORIENTED_EDGE('',*,*,#3233,.T.);
#472=ORIENTED_EDGE('',*,*,#3234,.T.);
#473=ORIENTED_EDGE('',*,*,#3235,.F.);
#474=ORIENTED_EDGE('',*,*,#3236,.F.);
#475=ORIENTED_EDGE('',*,*,#3237,.T.);
#476=ORIENTED_EDGE('',*,*,#3238,.T.);
#477=ORIENTED_EDGE('',*,*,#3239,.F.);
#478=ORIENTED_EDGE('',*,*,#3240,.F.);
#479=ORIENTED_EDGE('',*,*,#3241,.T.);
#480=ORIENTED_EDGE('',*,*,#3242,.T.);
#481=ORIENTED_EDGE('',*,*,#3243,.F.);
#482=ORIENTED_EDGE('',*,*,#3244,.F.);
#483=ORIENTED_EDGE('',*,*,#3245,.T.);
#484=ORIENTED_EDGE('',*,*,#3246,.T.);
#485=ORIENTED_EDGE('',*,*,#3247,.F.);
#486=ORIENTED_EDGE('',*,*,#3248,.F.);
#487=ORIENTED_EDGE('',*,*,#3249,.T.);
#488=ORIENTED_EDGE('',*,*,#3250,.T.);
#489=ORIENTED_EDGE('',*,*,#3251,.F.);
#490=ORIENTED_EDGE('',*,*,#3252,.F.);
#491=ORIENTED_EDGE('',*,*,#3253,.T.);
#492=ORIENTED_EDGE('',*,*,#3254,.T.);
#493=ORIENTED_EDGE('',*,*,#3255,.F.);
#494=ORIENTED_EDGE('',*,*,#3256,.F.);
#495=ORIENTED_EDGE('',*,*,#3257,.T.);
#496=ORIENTED_EDGE('',*,*,#3258,.T.);
#497=ORIENTED_EDGE('',*,*,#3259,.F.);
#498=ORIENTED_EDGE('',*,*,#3260,.F.);
#499=ORIENTED_EDGE('',*,*,#3261,.T.);
#500=ORIENTED_EDGE('',*,*,#3262,.T.);
#501=ORIENTED_EDGE('',*,*,#3263,.F.);
#502=ORIENTED_EDGE('',*,*,#3264,.F.);
#503=ORIENTED_EDGE('',*,*,#3265,.T.);
#504=ORIENTED_EDGE('',*,*,#3266,.T.);
#505=ORIENTED_EDGE('',*,*,#3267,.F.);
#506=ORIENTED_EDGE('',*,*,#3268,.F.);
#507=ORIENTED_EDGE('',*,*,#3269,.T.);
#508=ORIENTED_EDGE('',*,*,#3270,.T.);
#509=ORIENTED_EDGE('',*,*,#3271,.F.);
#510=ORIENTED_EDGE('',*,*,#3272,.F.);
#511=ORIENTED_EDGE('',*,*,#3273,.T.);
#512=ORIENTED_EDGE('',*,*,#3274,.T.);
#513=ORIENTED_EDGE('',*,*,#3275,.F.);
#514=ORIENTED_EDGE('',*,*,#3276,.F.);
#515=ORIENTED_EDGE('',*,*,#3277,.T.);
#516=ORIENTED_EDGE('',*,*,#3278,.T.);
#517=ORIENTED_EDGE('',*,*,#3279,.F.);
#518=ORIENTED_EDGE('',*,*,#3280,.F.);
#519=ORIENTED_EDGE('',*,*,#3281,.T.);
#520=ORIENTED_EDGE('',*,*,#3282,.T.);
#521=ORIENTED_EDGE('',*,*,#3283,.F.);
#522=ORIENTED_EDGE('',*,*,#3284,.F.);
#523=ORIENTED_EDGE('',*,*,#3285,.T.);
#524=ORIENTED_EDGE('',*,*,#3286,.T.);
#525=ORIENTED_EDGE('',*,*,#3287,.F.);
#526=ORIENTED_EDGE('',*,*,#3288,.F.);
#527=ORIENTED_EDGE('',*,*,#3289,.T.);
#528=ORIENTED_EDGE('',*,*,#3290,.T.);
#529=ORIENTED_EDGE('',*,*,#3291,.F.);
#530=ORIENTED_EDGE('',*,*,#3292,.F.);
#531=ORIENTED_EDGE('',*,*,#3293,.T.);
#532=ORIENTED_EDGE('',*,*,#3294,.T.);
#533=ORIENTED_EDGE('',*,*,#3295,.F.);
#534=ORIENTED_EDGE('',*,*,#3296,.F.);
#535=ORIENTED_EDGE('',*,*,#3297,.T.);
#536=ORIENTED_EDGE('',*,*,#3298,.T.);
#537=ORIENTED_EDGE('',*,*,#3299,.F.);
#538=ORIENTED_EDGE('',*,*,#3300,.F.);
#539=ORIENTED_EDGE('',*,*,#3301,.T.);
#540=ORIENTED_EDGE('',*,*,#3302,.T.);
#541=ORIENTED_EDGE('',*,*,#3303,.F.);
#542=ORIENTED_EDGE('',*,*,#3304,.F.);
#543=ORIENTED_EDGE('',*,*,#3305,.T.);
#544=ORIENTED_EDGE('',*,*,#3306,.T.);
#545=ORIENTED_EDGE('',*,*,#3307,.F.);
#546=ORIENTED_EDGE('',*,*,#3308,.F.);
#547=ORIENTED_EDGE('',*,*,#3309,.T.);
#548=ORIENTED_EDGE('',*,*,#3310,.T.);
#549=ORIENTED_EDGE('',*,*,#3311,.F.);
#550=ORIENTED_EDGE('',*,*,#3312,.F.);
#551=ORIENTED_EDGE('',*,*,#3313,.T.);
#552=ORIENTED_EDGE('',*,*,#3314,.T.);
#553=ORIENTED_EDGE('',*,*,#3315,.F.);
#554=ORIENTED_EDGE('',*,*,#3316,.F.);
#555=ORIENTED_EDGE('',*,*,#3317,.T.);
#556=ORIENTED_EDGE('',*,*,#3318,.T.);
#557=ORIENTED_EDGE('',*,*,#3319,.F.);
#558=ORIENTED_EDGE('',*,*,#3320,.F.);
#559=ORIENTED_EDGE('',*,*,#3321,.F.);
#560=ORIENTED_EDGE('',*,*,#3322,.T.);
#561=ORIENTED_EDGE('',*,*,#3323,.T.);
#562=ORIENTED_EDGE('',*,*,#3324,.F.);
#563=ORIENTED_EDGE('',*,*,#3325,.F.);
#564=ORIENTED_EDGE('',*,*,#3326,.T.);
#565=ORIENTED_EDGE('',*,*,#3327,.T.);
#566=ORIENTED_EDGE('',*,*,#3328,.F.);
#567=ORIENTED_EDGE('',*,*,#3329,.F.);
#568=ORIENTED_EDGE('',*,*,#3330,.T.);
#569=ORIENTED_EDGE('',*,*,#3331,.T.);
#570=ORIENTED_EDGE('',*,*,#3332,.F.);
#571=ORIENTED_EDGE('',*,*,#3333,.F.);
#572=ORIENTED_EDGE('',*,*,#3334,.T.);
#573=ORIENTED_EDGE('',*,*,#3335,.T.);
#574=ORIENTED_EDGE('',*,*,#3336,.F.);
#575=ORIENTED_EDGE('',*,*,#3337,.F.);
#576=ORIENTED_EDGE('',*,*,#3338,.T.);
#577=ORIENTED_EDGE('',*,*,#3339,.T.);
#578=ORIENTED_EDGE('',*,*,#3340,.F.);
#579=ORIENTED_EDGE('',*,*,#3341,.F.);
#580=ORIENTED_EDGE('',*,*,#3342,.T.);
#581=ORIENTED_EDGE('',*,*,#3343,.T.);
#582=ORIENTED_EDGE('',*,*,#3344,.F.);
#583=ORIENTED_EDGE('',*,*,#3345,.F.);
#584=ORIENTED_EDGE('',*,*,#3346,.T.);
#585=ORIENTED_EDGE('',*,*,#3347,.T.);
#586=ORIENTED_EDGE('',*,*,#3348,.F.);
#587=ORIENTED_EDGE('',*,*,#3349,.F.);
#588=ORIENTED_EDGE('',*,*,#3350,.T.);
#589=ORIENTED_EDGE('',*,*,#3351,.T.);
#590=ORIENTED_EDGE('',*,*,#3352,.F.);
#591=ORIENTED_EDGE('',*,*,#3353,.F.);
#592=ORIENTED_EDGE('',*,*,#3354,.T.);
#593=ORIENTED_EDGE('',*,*,#3355,.T.);
#594=ORIENTED_EDGE('',*,*,#3356,.F.);
#595=ORIENTED_EDGE('',*,*,#3357,.F.);
#596=ORIENTED_EDGE('',*,*,#3358,.T.);
#597=ORIENTED_EDGE('',*,*,#3359,.T.);
#598=ORIENTED_EDGE('',*,*,#3360,.F.);
#599=ORIENTED_EDGE('',*,*,#3361,.F.);
#600=ORIENTED_EDGE('',*,*,#3362,.F.);
#601=ORIENTED_EDGE('',*,*,#3021,.T.);
#602=ORIENTED_EDGE('',*,*,#3363,.T.);
#603=ORIENTED_EDGE('',*,*,#3364,.T.);
#604=ORIENTED_EDGE('',*,*,#3365,.T.);
#605=ORIENTED_EDGE('',*,*,#3366,.F.);
#606=ORIENTED_EDGE('',*,*,#3367,.T.);
#607=ORIENTED_EDGE('',*,*,#3368,.T.);
#608=ORIENTED_EDGE('',*,*,#3369,.T.);
#609=ORIENTED_EDGE('',*,*,#3370,.F.);
#610=ORIENTED_EDGE('',*,*,#3371,.T.);
#611=ORIENTED_EDGE('',*,*,#3372,.T.);
#612=ORIENTED_EDGE('',*,*,#3373,.T.);
#613=ORIENTED_EDGE('',*,*,#3374,.F.);
#614=ORIENTED_EDGE('',*,*,#3375,.T.);
#615=ORIENTED_EDGE('',*,*,#3376,.T.);
#616=ORIENTED_EDGE('',*,*,#3377,.T.);
#617=ORIENTED_EDGE('',*,*,#3378,.F.);
#618=ORIENTED_EDGE('',*,*,#3379,.T.);
#619=ORIENTED_EDGE('',*,*,#3380,.T.);
#620=ORIENTED_EDGE('',*,*,#3381,.T.);
#621=ORIENTED_EDGE('',*,*,#3382,.F.);
#622=ORIENTED_EDGE('',*,*,#3383,.T.);
#623=ORIENTED_EDGE('',*,*,#3384,.T.);
#624=ORIENTED_EDGE('',*,*,#3385,.T.);
#625=ORIENTED_EDGE('',*,*,#3386,.F.);
#626=ORIENTED_EDGE('',*,*,#3387,.T.);
#627=ORIENTED_EDGE('',*,*,#3388,.F.);
#628=ORIENTED_EDGE('',*,*,#3389,.T.);
#629=ORIENTED_EDGE('',*,*,#3390,.F.);
#630=ORIENTED_EDGE('',*,*,#3391,.T.);
#631=ORIENTED_EDGE('',*,*,#3029,.T.);
#632=ORIENTED_EDGE('',*,*,#3392,.T.);
#633=ORIENTED_EDGE('',*,*,#3393,.F.);
#634=ORIENTED_EDGE('',*,*,#3394,.T.);
#635=ORIENTED_EDGE('',*,*,#3395,.F.);
#636=ORIENTED_EDGE('',*,*,#3396,.T.);
#637=ORIENTED_EDGE('',*,*,#3388,.T.);
#638=ORIENTED_EDGE('',*,*,#3397,.T.);
#639=ORIENTED_EDGE('',*,*,#3035,.F.);
#640=ORIENTED_EDGE('',*,*,#3398,.F.);
#641=ORIENTED_EDGE('',*,*,#3372,.F.);
#642=ORIENTED_EDGE('',*,*,#3399,.T.);
#643=ORIENTED_EDGE('',*,*,#3051,.T.);
#644=ORIENTED_EDGE('',*,*,#3400,.T.);
#645=ORIENTED_EDGE('',*,*,#3401,.F.);
#646=ORIENTED_EDGE('',*,*,#3374,.T.);
#647=ORIENTED_EDGE('',*,*,#3402,.F.);
#648=ORIENTED_EDGE('',*,*,#3049,.F.);
#649=ORIENTED_EDGE('',*,*,#3368,.F.);
#650=ORIENTED_EDGE('',*,*,#3403,.T.);
#651=ORIENTED_EDGE('',*,*,#3055,.T.);
#652=ORIENTED_EDGE('',*,*,#3404,.T.);
#653=ORIENTED_EDGE('',*,*,#3405,.F.);
#654=ORIENTED_EDGE('',*,*,#3370,.T.);
#655=ORIENTED_EDGE('',*,*,#3406,.F.);
#656=ORIENTED_EDGE('',*,*,#3053,.F.);
#657=ORIENTED_EDGE('',*,*,#3364,.F.);
#658=ORIENTED_EDGE('',*,*,#3407,.T.);
#659=ORIENTED_EDGE('',*,*,#3059,.T.);
#660=ORIENTED_EDGE('',*,*,#3408,.T.);
#661=ORIENTED_EDGE('',*,*,#3409,.F.);
#662=ORIENTED_EDGE('',*,*,#3366,.T.);
#663=ORIENTED_EDGE('',*,*,#3410,.F.);
#664=ORIENTED_EDGE('',*,*,#3057,.F.);
#665=ORIENTED_EDGE('',*,*,#3376,.F.);
#666=ORIENTED_EDGE('',*,*,#3411,.T.);
#667=ORIENTED_EDGE('',*,*,#3047,.T.);
#668=ORIENTED_EDGE('',*,*,#3412,.T.);
#669=ORIENTED_EDGE('',*,*,#3413,.F.);
#670=ORIENTED_EDGE('',*,*,#3378,.T.);
#671=ORIENTED_EDGE('',*,*,#3414,.F.);
#672=ORIENTED_EDGE('',*,*,#3045,.F.);
#673=ORIENTED_EDGE('',*,*,#3380,.F.);
#674=ORIENTED_EDGE('',*,*,#3415,.T.);
#675=ORIENTED_EDGE('',*,*,#3043,.T.);
#676=ORIENTED_EDGE('',*,*,#3416,.T.);
#677=ORIENTED_EDGE('',*,*,#3417,.F.);
#678=ORIENTED_EDGE('',*,*,#3382,.T.);
#679=ORIENTED_EDGE('',*,*,#3418,.F.);
#680=ORIENTED_EDGE('',*,*,#3041,.F.);
#681=ORIENTED_EDGE('',*,*,#3384,.F.);
#682=ORIENTED_EDGE('',*,*,#3419,.T.);
#683=ORIENTED_EDGE('',*,*,#3039,.T.);
#684=ORIENTED_EDGE('',*,*,#3420,.T.);
#685=ORIENTED_EDGE('',*,*,#3421,.F.);
#686=ORIENTED_EDGE('',*,*,#3386,.T.);
#687=ORIENTED_EDGE('',*,*,#3422,.F.);
#688=ORIENTED_EDGE('',*,*,#3037,.F.);
#689=ORIENTED_EDGE('',*,*,#3220,.F.);
#690=ORIENTED_EDGE('',*,*,#3065,.F.);
#691=ORIENTED_EDGE('',*,*,#3423,.T.);
#692=ORIENTED_EDGE('',*,*,#3424,.T.);
#693=ORIENTED_EDGE('',*,*,#3063,.T.);
#694=ORIENTED_EDGE('',*,*,#3222,.T.);
#695=ORIENTED_EDGE('',*,*,#3425,.F.);
#696=ORIENTED_EDGE('',*,*,#3426,.F.);
#697=ORIENTED_EDGE('',*,*,#3221,.F.);
#698=ORIENTED_EDGE('',*,*,#3424,.F.);
#699=ORIENTED_EDGE('',*,*,#3427,.F.);
#700=ORIENTED_EDGE('',*,*,#3425,.T.);
#701=ORIENTED_EDGE('',*,*,#3033,.F.);
#702=ORIENTED_EDGE('',*,*,#3428,.F.);
#703=ORIENTED_EDGE('',*,*,#3390,.T.);
#704=ORIENTED_EDGE('',*,*,#3429,.T.);
#705=ORIENTED_EDGE('',*,*,#3032,.T.);
#706=ORIENTED_EDGE('',*,*,#3030,.F.);
#707=ORIENTED_EDGE('',*,*,#3391,.F.);
#708=ORIENTED_EDGE('',*,*,#3428,.T.);
#709=ORIENTED_EDGE('',*,*,#3034,.T.);
#710=ORIENTED_EDGE('',*,*,#3429,.F.);
#711=ORIENTED_EDGE('',*,*,#3389,.F.);
#712=ORIENTED_EDGE('',*,*,#3398,.T.);
#713=ORIENTED_EDGE('',*,*,#3146,.T.);
#714=ORIENTED_EDGE('',*,*,#3430,.T.);
#715=ORIENTED_EDGE('',*,*,#3358,.F.);
#716=ORIENTED_EDGE('',*,*,#3431,.F.);
#717=ORIENTED_EDGE('',*,*,#3431,.T.);
#718=ORIENTED_EDGE('',*,*,#3357,.T.);
#719=ORIENTED_EDGE('',*,*,#3432,.F.);
#720=ORIENTED_EDGE('',*,*,#3147,.F.);
#721=ORIENTED_EDGE('',*,*,#3432,.T.);
#722=ORIENTED_EDGE('',*,*,#3360,.T.);
#723=ORIENTED_EDGE('',*,*,#3433,.F.);
#724=ORIENTED_EDGE('',*,*,#3148,.F.);
#725=ORIENTED_EDGE('',*,*,#3149,.T.);
#726=ORIENTED_EDGE('',*,*,#3433,.T.);
#727=ORIENTED_EDGE('',*,*,#3359,.F.);
#728=ORIENTED_EDGE('',*,*,#3430,.F.);
#729=ORIENTED_EDGE('',*,*,#3142,.T.);
#730=ORIENTED_EDGE('',*,*,#3434,.T.);
#731=ORIENTED_EDGE('',*,*,#3354,.F.);
#732=ORIENTED_EDGE('',*,*,#3435,.F.);
#733=ORIENTED_EDGE('',*,*,#3435,.T.);
#734=ORIENTED_EDGE('',*,*,#3353,.T.);
#735=ORIENTED_EDGE('',*,*,#3436,.F.);
#736=ORIENTED_EDGE('',*,*,#3143,.F.);
#737=ORIENTED_EDGE('',*,*,#3436,.T.);
#738=ORIENTED_EDGE('',*,*,#3356,.T.);
#739=ORIENTED_EDGE('',*,*,#3437,.F.);
#740=ORIENTED_EDGE('',*,*,#3144,.F.);
#741=ORIENTED_EDGE('',*,*,#3145,.T.);
#742=ORIENTED_EDGE('',*,*,#3437,.T.);
#743=ORIENTED_EDGE('',*,*,#3355,.F.);
#744=ORIENTED_EDGE('',*,*,#3434,.F.);
#745=ORIENTED_EDGE('',*,*,#3150,.T.);
#746=ORIENTED_EDGE('',*,*,#3438,.T.);
#747=ORIENTED_EDGE('',*,*,#3350,.F.);
#748=ORIENTED_EDGE('',*,*,#3439,.F.);
#749=ORIENTED_EDGE('',*,*,#3439,.T.);
#750=ORIENTED_EDGE('',*,*,#3349,.T.);
#751=ORIENTED_EDGE('',*,*,#3440,.F.);
#752=ORIENTED_EDGE('',*,*,#3151,.F.);
#753=ORIENTED_EDGE('',*,*,#3440,.T.);
#754=ORIENTED_EDGE('',*,*,#3352,.T.);
#755=ORIENTED_EDGE('',*,*,#3441,.F.);
#756=ORIENTED_EDGE('',*,*,#3152,.F.);
#757=ORIENTED_EDGE('',*,*,#3153,.T.);
#758=ORIENTED_EDGE('',*,*,#3441,.T.);
#759=ORIENTED_EDGE('',*,*,#3351,.F.);
#760=ORIENTED_EDGE('',*,*,#3438,.F.);
#761=ORIENTED_EDGE('',*,*,#3138,.T.);
#762=ORIENTED_EDGE('',*,*,#3442,.T.);
#763=ORIENTED_EDGE('',*,*,#3346,.F.);
#764=ORIENTED_EDGE('',*,*,#3443,.F.);
#765=ORIENTED_EDGE('',*,*,#3443,.T.);
#766=ORIENTED_EDGE('',*,*,#3345,.T.);
#767=ORIENTED_EDGE('',*,*,#3444,.F.);
#768=ORIENTED_EDGE('',*,*,#3139,.F.);
#769=ORIENTED_EDGE('',*,*,#3444,.T.);
#770=ORIENTED_EDGE('',*,*,#3348,.T.);
#771=ORIENTED_EDGE('',*,*,#3445,.F.);
#772=ORIENTED_EDGE('',*,*,#3140,.F.);
#773=ORIENTED_EDGE('',*,*,#3141,.T.);
#774=ORIENTED_EDGE('',*,*,#3445,.T.);
#775=ORIENTED_EDGE('',*,*,#3347,.F.);
#776=ORIENTED_EDGE('',*,*,#3442,.F.);
#777=ORIENTED_EDGE('',*,*,#3154,.T.);
#778=ORIENTED_EDGE('',*,*,#3446,.T.);
#779=ORIENTED_EDGE('',*,*,#3342,.F.);
#780=ORIENTED_EDGE('',*,*,#3447,.F.);
#781=ORIENTED_EDGE('',*,*,#3447,.T.);
#782=ORIENTED_EDGE('',*,*,#3341,.T.);
#783=ORIENTED_EDGE('',*,*,#3448,.F.);
#784=ORIENTED_EDGE('',*,*,#3155,.F.);
#785=ORIENTED_EDGE('',*,*,#3448,.T.);
#786=ORIENTED_EDGE('',*,*,#3344,.T.);
#787=ORIENTED_EDGE('',*,*,#3449,.F.);
#788=ORIENTED_EDGE('',*,*,#3156,.F.);
#789=ORIENTED_EDGE('',*,*,#3157,.T.);
#790=ORIENTED_EDGE('',*,*,#3449,.T.);
#791=ORIENTED_EDGE('',*,*,#3343,.F.);
#792=ORIENTED_EDGE('',*,*,#3446,.F.);
#793=ORIENTED_EDGE('',*,*,#3134,.T.);
#794=ORIENTED_EDGE('',*,*,#3450,.T.);
#795=ORIENTED_EDGE('',*,*,#3338,.F.);
#796=ORIENTED_EDGE('',*,*,#3451,.F.);
#797=ORIENTED_EDGE('',*,*,#3451,.T.);
#798=ORIENTED_EDGE('',*,*,#3337,.T.);
#799=ORIENTED_EDGE('',*,*,#3452,.F.);
#800=ORIENTED_EDGE('',*,*,#3135,.F.);
#801=ORIENTED_EDGE('',*,*,#3452,.T.);
#802=ORIENTED_EDGE('',*,*,#3340,.T.);
#803=ORIENTED_EDGE('',*,*,#3453,.F.);
#804=ORIENTED_EDGE('',*,*,#3136,.F.);
#805=ORIENTED_EDGE('',*,*,#3137,.T.);
#806=ORIENTED_EDGE('',*,*,#3453,.T.);
#807=ORIENTED_EDGE('',*,*,#3339,.F.);
#808=ORIENTED_EDGE('',*,*,#3450,.F.);
#809=ORIENTED_EDGE('',*,*,#3158,.T.);
#810=ORIENTED_EDGE('',*,*,#3454,.T.);
#811=ORIENTED_EDGE('',*,*,#3334,.F.);
#812=ORIENTED_EDGE('',*,*,#3455,.F.);
#813=ORIENTED_EDGE('',*,*,#3455,.T.);
#814=ORIENTED_EDGE('',*,*,#3333,.T.);
#815=ORIENTED_EDGE('',*,*,#3456,.F.);
#816=ORIENTED_EDGE('',*,*,#3159,.F.);
#817=ORIENTED_EDGE('',*,*,#3456,.T.);
#818=ORIENTED_EDGE('',*,*,#3336,.T.);
#819=ORIENTED_EDGE('',*,*,#3457,.F.);
#820=ORIENTED_EDGE('',*,*,#3160,.F.);
#821=ORIENTED_EDGE('',*,*,#3161,.T.);
#822=ORIENTED_EDGE('',*,*,#3457,.T.);
#823=ORIENTED_EDGE('',*,*,#3335,.F.);
#824=ORIENTED_EDGE('',*,*,#3454,.F.);
#825=ORIENTED_EDGE('',*,*,#3130,.T.);
#826=ORIENTED_EDGE('',*,*,#3458,.T.);
#827=ORIENTED_EDGE('',*,*,#3330,.F.);
#828=ORIENTED_EDGE('',*,*,#3459,.F.);
#829=ORIENTED_EDGE('',*,*,#3459,.T.);
#830=ORIENTED_EDGE('',*,*,#3329,.T.);
#831=ORIENTED_EDGE('',*,*,#3460,.F.);
#832=ORIENTED_EDGE('',*,*,#3131,.F.);
#833=ORIENTED_EDGE('',*,*,#3460,.T.);
#834=ORIENTED_EDGE('',*,*,#3332,.T.);
#835=ORIENTED_EDGE('',*,*,#3461,.F.);
#836=ORIENTED_EDGE('',*,*,#3132,.F.);
#837=ORIENTED_EDGE('',*,*,#3133,.T.);
#838=ORIENTED_EDGE('',*,*,#3461,.T.);
#839=ORIENTED_EDGE('',*,*,#3331,.F.);
#840=ORIENTED_EDGE('',*,*,#3458,.F.);
#841=ORIENTED_EDGE('',*,*,#3162,.T.);
#842=ORIENTED_EDGE('',*,*,#3462,.T.);
#843=ORIENTED_EDGE('',*,*,#3326,.F.);
#844=ORIENTED_EDGE('',*,*,#3463,.F.);
#845=ORIENTED_EDGE('',*,*,#3463,.T.);
#846=ORIENTED_EDGE('',*,*,#3325,.T.);
#847=ORIENTED_EDGE('',*,*,#3464,.F.);
#848=ORIENTED_EDGE('',*,*,#3163,.F.);
#849=ORIENTED_EDGE('',*,*,#3464,.T.);
#850=ORIENTED_EDGE('',*,*,#3328,.T.);
#851=ORIENTED_EDGE('',*,*,#3465,.F.);
#852=ORIENTED_EDGE('',*,*,#3164,.F.);
#853=ORIENTED_EDGE('',*,*,#3165,.T.);
#854=ORIENTED_EDGE('',*,*,#3465,.T.);
#855=ORIENTED_EDGE('',*,*,#3327,.F.);
#856=ORIENTED_EDGE('',*,*,#3462,.F.);
#857=ORIENTED_EDGE('',*,*,#3126,.T.);
#858=ORIENTED_EDGE('',*,*,#3466,.T.);
#859=ORIENTED_EDGE('',*,*,#3322,.F.);
#860=ORIENTED_EDGE('',*,*,#3467,.F.);
#861=ORIENTED_EDGE('',*,*,#3467,.T.);
#862=ORIENTED_EDGE('',*,*,#3321,.T.);
#863=ORIENTED_EDGE('',*,*,#3468,.F.);
#864=ORIENTED_EDGE('',*,*,#3127,.F.);
#865=ORIENTED_EDGE('',*,*,#3468,.T.);
#866=ORIENTED_EDGE('',*,*,#3324,.T.);
#867=ORIENTED_EDGE('',*,*,#3469,.F.);
#868=ORIENTED_EDGE('',*,*,#3128,.F.);
#869=ORIENTED_EDGE('',*,*,#3129,.T.);
#870=ORIENTED_EDGE('',*,*,#3469,.T.);
#871=ORIENTED_EDGE('',*,*,#3323,.F.);
#872=ORIENTED_EDGE('',*,*,#3466,.F.);
#873=ORIENTED_EDGE('',*,*,#3166,.T.);
#874=ORIENTED_EDGE('',*,*,#3470,.T.);
#875=ORIENTED_EDGE('',*,*,#3318,.F.);
#876=ORIENTED_EDGE('',*,*,#3471,.F.);
#877=ORIENTED_EDGE('',*,*,#3167,.T.);
#878=ORIENTED_EDGE('',*,*,#3471,.T.);
#879=ORIENTED_EDGE('',*,*,#3317,.F.);
#880=ORIENTED_EDGE('',*,*,#3472,.F.);
#881=ORIENTED_EDGE('',*,*,#3472,.T.);
#882=ORIENTED_EDGE('',*,*,#3320,.T.);
#883=ORIENTED_EDGE('',*,*,#3473,.F.);
#884=ORIENTED_EDGE('',*,*,#3168,.F.);
#885=ORIENTED_EDGE('',*,*,#3473,.T.);
#886=ORIENTED_EDGE('',*,*,#3319,.T.);
#887=ORIENTED_EDGE('',*,*,#3470,.F.);
#888=ORIENTED_EDGE('',*,*,#3169,.F.);
#889=ORIENTED_EDGE('',*,*,#3122,.T.);
#890=ORIENTED_EDGE('',*,*,#3474,.T.);
#891=ORIENTED_EDGE('',*,*,#3314,.F.);
#892=ORIENTED_EDGE('',*,*,#3475,.F.);
#893=ORIENTED_EDGE('',*,*,#3123,.T.);
#894=ORIENTED_EDGE('',*,*,#3475,.T.);
#895=ORIENTED_EDGE('',*,*,#3313,.F.);
#896=ORIENTED_EDGE('',*,*,#3476,.F.);
#897=ORIENTED_EDGE('',*,*,#3476,.T.);
#898=ORIENTED_EDGE('',*,*,#3316,.T.);
#899=ORIENTED_EDGE('',*,*,#3477,.F.);
#900=ORIENTED_EDGE('',*,*,#3124,.F.);
#901=ORIENTED_EDGE('',*,*,#3477,.T.);
#902=ORIENTED_EDGE('',*,*,#3315,.T.);
#903=ORIENTED_EDGE('',*,*,#3474,.F.);
#904=ORIENTED_EDGE('',*,*,#3125,.F.);
#905=ORIENTED_EDGE('',*,*,#3170,.T.);
#906=ORIENTED_EDGE('',*,*,#3478,.T.);
#907=ORIENTED_EDGE('',*,*,#3310,.F.);
#908=ORIENTED_EDGE('',*,*,#3479,.F.);
#909=ORIENTED_EDGE('',*,*,#3171,.T.);
#910=ORIENTED_EDGE('',*,*,#3479,.T.);
#911=ORIENTED_EDGE('',*,*,#3309,.F.);
#912=ORIENTED_EDGE('',*,*,#3480,.F.);
#913=ORIENTED_EDGE('',*,*,#3480,.T.);
#914=ORIENTED_EDGE('',*,*,#3312,.T.);
#915=ORIENTED_EDGE('',*,*,#3481,.F.);
#916=ORIENTED_EDGE('',*,*,#3172,.F.);
#917=ORIENTED_EDGE('',*,*,#3481,.T.);
#918=ORIENTED_EDGE('',*,*,#3311,.T.);
#919=ORIENTED_EDGE('',*,*,#3478,.F.);
#920=ORIENTED_EDGE('',*,*,#3173,.F.);
#921=ORIENTED_EDGE('',*,*,#3118,.T.);
#922=ORIENTED_EDGE('',*,*,#3482,.T.);
#923=ORIENTED_EDGE('',*,*,#3306,.F.);
#924=ORIENTED_EDGE('',*,*,#3483,.F.);
#925=ORIENTED_EDGE('',*,*,#3119,.T.);
#926=ORIENTED_EDGE('',*,*,#3483,.T.);
#927=ORIENTED_EDGE('',*,*,#3305,.F.);
#928=ORIENTED_EDGE('',*,*,#3484,.F.);
#929=ORIENTED_EDGE('',*,*,#3484,.T.);
#930=ORIENTED_EDGE('',*,*,#3308,.T.);
#931=ORIENTED_EDGE('',*,*,#3485,.F.);
#932=ORIENTED_EDGE('',*,*,#3120,.F.);
#933=ORIENTED_EDGE('',*,*,#3485,.T.);
#934=ORIENTED_EDGE('',*,*,#3307,.T.);
#935=ORIENTED_EDGE('',*,*,#3482,.F.);
#936=ORIENTED_EDGE('',*,*,#3121,.F.);
#937=ORIENTED_EDGE('',*,*,#3174,.T.);
#938=ORIENTED_EDGE('',*,*,#3486,.T.);
#939=ORIENTED_EDGE('',*,*,#3302,.F.);
#940=ORIENTED_EDGE('',*,*,#3487,.F.);
#941=ORIENTED_EDGE('',*,*,#3175,.T.);
#942=ORIENTED_EDGE('',*,*,#3487,.T.);
#943=ORIENTED_EDGE('',*,*,#3301,.F.);
#944=ORIENTED_EDGE('',*,*,#3488,.F.);
#945=ORIENTED_EDGE('',*,*,#3488,.T.);
#946=ORIENTED_EDGE('',*,*,#3304,.T.);
#947=ORIENTED_EDGE('',*,*,#3489,.F.);
#948=ORIENTED_EDGE('',*,*,#3176,.F.);
#949=ORIENTED_EDGE('',*,*,#3489,.T.);
#950=ORIENTED_EDGE('',*,*,#3303,.T.);
#951=ORIENTED_EDGE('',*,*,#3486,.F.);
#952=ORIENTED_EDGE('',*,*,#3177,.F.);
#953=ORIENTED_EDGE('',*,*,#3114,.T.);
#954=ORIENTED_EDGE('',*,*,#3490,.T.);
#955=ORIENTED_EDGE('',*,*,#3298,.F.);
#956=ORIENTED_EDGE('',*,*,#3491,.F.);
#957=ORIENTED_EDGE('',*,*,#3115,.T.);
#958=ORIENTED_EDGE('',*,*,#3491,.T.);
#959=ORIENTED_EDGE('',*,*,#3297,.F.);
#960=ORIENTED_EDGE('',*,*,#3492,.F.);
#961=ORIENTED_EDGE('',*,*,#3492,.T.);
#962=ORIENTED_EDGE('',*,*,#3300,.T.);
#963=ORIENTED_EDGE('',*,*,#3493,.F.);
#964=ORIENTED_EDGE('',*,*,#3116,.F.);
#965=ORIENTED_EDGE('',*,*,#3493,.T.);
#966=ORIENTED_EDGE('',*,*,#3299,.T.);
#967=ORIENTED_EDGE('',*,*,#3490,.F.);
#968=ORIENTED_EDGE('',*,*,#3117,.F.);
#969=ORIENTED_EDGE('',*,*,#3178,.T.);
#970=ORIENTED_EDGE('',*,*,#3494,.T.);
#971=ORIENTED_EDGE('',*,*,#3294,.F.);
#972=ORIENTED_EDGE('',*,*,#3495,.F.);
#973=ORIENTED_EDGE('',*,*,#3179,.T.);
#974=ORIENTED_EDGE('',*,*,#3495,.T.);
#975=ORIENTED_EDGE('',*,*,#3293,.F.);
#976=ORIENTED_EDGE('',*,*,#3496,.F.);
#977=ORIENTED_EDGE('',*,*,#3496,.T.);
#978=ORIENTED_EDGE('',*,*,#3296,.T.);
#979=ORIENTED_EDGE('',*,*,#3497,.F.);
#980=ORIENTED_EDGE('',*,*,#3180,.F.);
#981=ORIENTED_EDGE('',*,*,#3497,.T.);
#982=ORIENTED_EDGE('',*,*,#3295,.T.);
#983=ORIENTED_EDGE('',*,*,#3494,.F.);
#984=ORIENTED_EDGE('',*,*,#3181,.F.);
#985=ORIENTED_EDGE('',*,*,#3110,.T.);
#986=ORIENTED_EDGE('',*,*,#3498,.T.);
#987=ORIENTED_EDGE('',*,*,#3290,.F.);
#988=ORIENTED_EDGE('',*,*,#3499,.F.);
#989=ORIENTED_EDGE('',*,*,#3111,.T.);
#990=ORIENTED_EDGE('',*,*,#3499,.T.);
#991=ORIENTED_EDGE('',*,*,#3289,.F.);
#992=ORIENTED_EDGE('',*,*,#3500,.F.);
#993=ORIENTED_EDGE('',*,*,#3500,.T.);
#994=ORIENTED_EDGE('',*,*,#3292,.T.);
#995=ORIENTED_EDGE('',*,*,#3501,.F.);
#996=ORIENTED_EDGE('',*,*,#3112,.F.);
#997=ORIENTED_EDGE('',*,*,#3501,.T.);
#998=ORIENTED_EDGE('',*,*,#3291,.T.);
#999=ORIENTED_EDGE('',*,*,#3498,.F.);
#1000=ORIENTED_EDGE('',*,*,#3113,.F.);
#1001=ORIENTED_EDGE('',*,*,#3106,.T.);
#1002=ORIENTED_EDGE('',*,*,#3502,.T.);
#1003=ORIENTED_EDGE('',*,*,#3286,.F.);
#1004=ORIENTED_EDGE('',*,*,#3503,.F.);
#1005=ORIENTED_EDGE('',*,*,#3107,.T.);
#1006=ORIENTED_EDGE('',*,*,#3503,.T.);
#1007=ORIENTED_EDGE('',*,*,#3285,.F.);
#1008=ORIENTED_EDGE('',*,*,#3504,.F.);
#1009=ORIENTED_EDGE('',*,*,#3504,.T.);
#1010=ORIENTED_EDGE('',*,*,#3288,.T.);
#1011=ORIENTED_EDGE('',*,*,#3505,.F.);
#1012=ORIENTED_EDGE('',*,*,#3108,.F.);
#1013=ORIENTED_EDGE('',*,*,#3505,.T.);
#1014=ORIENTED_EDGE('',*,*,#3287,.T.);
#1015=ORIENTED_EDGE('',*,*,#3502,.F.);
#1016=ORIENTED_EDGE('',*,*,#3109,.F.);
#1017=ORIENTED_EDGE('',*,*,#3182,.T.);
#1018=ORIENTED_EDGE('',*,*,#3506,.T.);
#1019=ORIENTED_EDGE('',*,*,#3282,.F.);
#1020=ORIENTED_EDGE('',*,*,#3507,.F.);
#1021=ORIENTED_EDGE('',*,*,#3183,.T.);
#1022=ORIENTED_EDGE('',*,*,#3507,.T.);
#1023=ORIENTED_EDGE('',*,*,#3281,.F.);
#1024=ORIENTED_EDGE('',*,*,#3508,.F.);
#1025=ORIENTED_EDGE('',*,*,#3508,.T.);
#1026=ORIENTED_EDGE('',*,*,#3284,.T.);
#1027=ORIENTED_EDGE('',*,*,#3509,.F.);
#1028=ORIENTED_EDGE('',*,*,#3184,.F.);
#1029=ORIENTED_EDGE('',*,*,#3509,.T.);
#1030=ORIENTED_EDGE('',*,*,#3283,.T.);
#1031=ORIENTED_EDGE('',*,*,#3506,.F.);
#1032=ORIENTED_EDGE('',*,*,#3185,.F.);
#1033=ORIENTED_EDGE('',*,*,#3102,.T.);
#1034=ORIENTED_EDGE('',*,*,#3510,.T.);
#1035=ORIENTED_EDGE('',*,*,#3278,.F.);
#1036=ORIENTED_EDGE('',*,*,#3511,.F.);
#1037=ORIENTED_EDGE('',*,*,#3103,.T.);
#1038=ORIENTED_EDGE('',*,*,#3511,.T.);
#1039=ORIENTED_EDGE('',*,*,#3277,.F.);
#1040=ORIENTED_EDGE('',*,*,#3512,.F.);
#1041=ORIENTED_EDGE('',*,*,#3512,.T.);
#1042=ORIENTED_EDGE('',*,*,#3280,.T.);
#1043=ORIENTED_EDGE('',*,*,#3513,.F.);
#1044=ORIENTED_EDGE('',*,*,#3104,.F.);
#1045=ORIENTED_EDGE('',*,*,#3513,.T.);
#1046=ORIENTED_EDGE('',*,*,#3279,.T.);
#1047=ORIENTED_EDGE('',*,*,#3510,.F.);
#1048=ORIENTED_EDGE('',*,*,#3105,.F.);
#1049=ORIENTED_EDGE('',*,*,#3186,.T.);
#1050=ORIENTED_EDGE('',*,*,#3514,.T.);
#1051=ORIENTED_EDGE('',*,*,#3274,.F.);
#1052=ORIENTED_EDGE('',*,*,#3515,.F.);
#1053=ORIENTED_EDGE('',*,*,#3187,.T.);
#1054=ORIENTED_EDGE('',*,*,#3515,.T.);
#1055=ORIENTED_EDGE('',*,*,#3273,.F.);
#1056=ORIENTED_EDGE('',*,*,#3516,.F.);
#1057=ORIENTED_EDGE('',*,*,#3516,.T.);
#1058=ORIENTED_EDGE('',*,*,#3276,.T.);
#1059=ORIENTED_EDGE('',*,*,#3517,.F.);
#1060=ORIENTED_EDGE('',*,*,#3188,.F.);
#1061=ORIENTED_EDGE('',*,*,#3517,.T.);
#1062=ORIENTED_EDGE('',*,*,#3275,.T.);
#1063=ORIENTED_EDGE('',*,*,#3514,.F.);
#1064=ORIENTED_EDGE('',*,*,#3189,.F.);
#1065=ORIENTED_EDGE('',*,*,#3098,.T.);
#1066=ORIENTED_EDGE('',*,*,#3518,.T.);
#1067=ORIENTED_EDGE('',*,*,#3270,.F.);
#1068=ORIENTED_EDGE('',*,*,#3519,.F.);
#1069=ORIENTED_EDGE('',*,*,#3099,.T.);
#1070=ORIENTED_EDGE('',*,*,#3519,.T.);
#1071=ORIENTED_EDGE('',*,*,#3269,.F.);
#1072=ORIENTED_EDGE('',*,*,#3520,.F.);
#1073=ORIENTED_EDGE('',*,*,#3520,.T.);
#1074=ORIENTED_EDGE('',*,*,#3272,.T.);
#1075=ORIENTED_EDGE('',*,*,#3521,.F.);
#1076=ORIENTED_EDGE('',*,*,#3100,.F.);
#1077=ORIENTED_EDGE('',*,*,#3521,.T.);
#1078=ORIENTED_EDGE('',*,*,#3271,.T.);
#1079=ORIENTED_EDGE('',*,*,#3518,.F.);
#1080=ORIENTED_EDGE('',*,*,#3101,.F.);
#1081=ORIENTED_EDGE('',*,*,#3190,.T.);
#1082=ORIENTED_EDGE('',*,*,#3522,.T.);
#1083=ORIENTED_EDGE('',*,*,#3266,.F.);
#1084=ORIENTED_EDGE('',*,*,#3523,.F.);
#1085=ORIENTED_EDGE('',*,*,#3191,.T.);
#1086=ORIENTED_EDGE('',*,*,#3523,.T.);
#1087=ORIENTED_EDGE('',*,*,#3265,.F.);
#1088=ORIENTED_EDGE('',*,*,#3524,.F.);
#1089=ORIENTED_EDGE('',*,*,#3524,.T.);
#1090=ORIENTED_EDGE('',*,*,#3268,.T.);
#1091=ORIENTED_EDGE('',*,*,#3525,.F.);
#1092=ORIENTED_EDGE('',*,*,#3192,.F.);
#1093=ORIENTED_EDGE('',*,*,#3525,.T.);
#1094=ORIENTED_EDGE('',*,*,#3267,.T.);
#1095=ORIENTED_EDGE('',*,*,#3522,.F.);
#1096=ORIENTED_EDGE('',*,*,#3193,.F.);
#1097=ORIENTED_EDGE('',*,*,#3094,.T.);
#1098=ORIENTED_EDGE('',*,*,#3526,.T.);
#1099=ORIENTED_EDGE('',*,*,#3262,.F.);
#1100=ORIENTED_EDGE('',*,*,#3527,.F.);
#1101=ORIENTED_EDGE('',*,*,#3095,.T.);
#1102=ORIENTED_EDGE('',*,*,#3527,.T.);
#1103=ORIENTED_EDGE('',*,*,#3261,.F.);
#1104=ORIENTED_EDGE('',*,*,#3528,.F.);
#1105=ORIENTED_EDGE('',*,*,#3528,.T.);
#1106=ORIENTED_EDGE('',*,*,#3264,.T.);
#1107=ORIENTED_EDGE('',*,*,#3529,.F.);
#1108=ORIENTED_EDGE('',*,*,#3096,.F.);
#1109=ORIENTED_EDGE('',*,*,#3529,.T.);
#1110=ORIENTED_EDGE('',*,*,#3263,.T.);
#1111=ORIENTED_EDGE('',*,*,#3526,.F.);
#1112=ORIENTED_EDGE('',*,*,#3097,.F.);
#1113=ORIENTED_EDGE('',*,*,#3050,.T.);
#1114=ORIENTED_EDGE('',*,*,#3402,.T.);
#1115=ORIENTED_EDGE('',*,*,#3373,.F.);
#1116=ORIENTED_EDGE('',*,*,#3400,.F.);
#1117=ORIENTED_EDGE('',*,*,#3054,.T.);
#1118=ORIENTED_EDGE('',*,*,#3406,.T.);
#1119=ORIENTED_EDGE('',*,*,#3369,.F.);
#1120=ORIENTED_EDGE('',*,*,#3404,.F.);
#1121=ORIENTED_EDGE('',*,*,#3058,.T.);
#1122=ORIENTED_EDGE('',*,*,#3410,.T.);
#1123=ORIENTED_EDGE('',*,*,#3365,.F.);
#1124=ORIENTED_EDGE('',*,*,#3408,.F.);
#1125=ORIENTED_EDGE('',*,*,#3090,.T.);
#1126=ORIENTED_EDGE('',*,*,#3530,.T.);
#1127=ORIENTED_EDGE('',*,*,#3258,.F.);
#1128=ORIENTED_EDGE('',*,*,#3531,.F.);
#1129=ORIENTED_EDGE('',*,*,#3091,.T.);
#1130=ORIENTED_EDGE('',*,*,#3531,.T.);
#1131=ORIENTED_EDGE('',*,*,#3257,.F.);
#1132=ORIENTED_EDGE('',*,*,#3532,.F.);
#1133=ORIENTED_EDGE('',*,*,#3532,.T.);
#1134=ORIENTED_EDGE('',*,*,#3260,.T.);
#1135=ORIENTED_EDGE('',*,*,#3533,.F.);
#1136=ORIENTED_EDGE('',*,*,#3092,.F.);
#1137=ORIENTED_EDGE('',*,*,#3533,.T.);
#1138=ORIENTED_EDGE('',*,*,#3259,.T.);
#1139=ORIENTED_EDGE('',*,*,#3530,.F.);
#1140=ORIENTED_EDGE('',*,*,#3093,.F.);
#1141=ORIENTED_EDGE('',*,*,#3194,.T.);
#1142=ORIENTED_EDGE('',*,*,#3534,.T.);
#1143=ORIENTED_EDGE('',*,*,#3254,.F.);
#1144=ORIENTED_EDGE('',*,*,#3535,.F.);
#1145=ORIENTED_EDGE('',*,*,#3195,.T.);
#1146=ORIENTED_EDGE('',*,*,#3535,.T.);
#1147=ORIENTED_EDGE('',*,*,#3253,.F.);
#1148=ORIENTED_EDGE('',*,*,#3536,.F.);
#1149=ORIENTED_EDGE('',*,*,#3536,.T.);
#1150=ORIENTED_EDGE('',*,*,#3256,.T.);
#1151=ORIENTED_EDGE('',*,*,#3537,.F.);
#1152=ORIENTED_EDGE('',*,*,#3196,.F.);
#1153=ORIENTED_EDGE('',*,*,#3537,.T.);
#1154=ORIENTED_EDGE('',*,*,#3255,.T.);
#1155=ORIENTED_EDGE('',*,*,#3534,.F.);
#1156=ORIENTED_EDGE('',*,*,#3197,.F.);
#1157=ORIENTED_EDGE('',*,*,#3086,.T.);
#1158=ORIENTED_EDGE('',*,*,#3538,.T.);
#1159=ORIENTED_EDGE('',*,*,#3250,.F.);
#1160=ORIENTED_EDGE('',*,*,#3539,.F.);
#1161=ORIENTED_EDGE('',*,*,#3087,.T.);
#1162=ORIENTED_EDGE('',*,*,#3539,.T.);
#1163=ORIENTED_EDGE('',*,*,#3249,.F.);
#1164=ORIENTED_EDGE('',*,*,#3540,.F.);
#1165=ORIENTED_EDGE('',*,*,#3540,.T.);
#1166=ORIENTED_EDGE('',*,*,#3252,.T.);
#1167=ORIENTED_EDGE('',*,*,#3541,.F.);
#1168=ORIENTED_EDGE('',*,*,#3088,.F.);
#1169=ORIENTED_EDGE('',*,*,#3541,.T.);
#1170=ORIENTED_EDGE('',*,*,#3251,.T.);
#1171=ORIENTED_EDGE('',*,*,#3538,.F.);
#1172=ORIENTED_EDGE('',*,*,#3089,.F.);
#1173=ORIENTED_EDGE('',*,*,#3198,.T.);
#1174=ORIENTED_EDGE('',*,*,#3542,.T.);
#1175=ORIENTED_EDGE('',*,*,#3246,.F.);
#1176=ORIENTED_EDGE('',*,*,#3543,.F.);
#1177=ORIENTED_EDGE('',*,*,#3199,.T.);
#1178=ORIENTED_EDGE('',*,*,#3543,.T.);
#1179=ORIENTED_EDGE('',*,*,#3245,.F.);
#1180=ORIENTED_EDGE('',*,*,#3544,.F.);
#1181=ORIENTED_EDGE('',*,*,#3544,.T.);
#1182=ORIENTED_EDGE('',*,*,#3248,.T.);
#1183=ORIENTED_EDGE('',*,*,#3545,.F.);
#1184=ORIENTED_EDGE('',*,*,#3200,.F.);
#1185=ORIENTED_EDGE('',*,*,#3545,.T.);
#1186=ORIENTED_EDGE('',*,*,#3247,.T.);
#1187=ORIENTED_EDGE('',*,*,#3542,.F.);
#1188=ORIENTED_EDGE('',*,*,#3201,.F.);
#1189=ORIENTED_EDGE('',*,*,#3082,.T.);
#1190=ORIENTED_EDGE('',*,*,#3546,.T.);
#1191=ORIENTED_EDGE('',*,*,#3242,.F.);
#1192=ORIENTED_EDGE('',*,*,#3547,.F.);
#1193=ORIENTED_EDGE('',*,*,#3083,.T.);
#1194=ORIENTED_EDGE('',*,*,#3547,.T.);
#1195=ORIENTED_EDGE('',*,*,#3241,.F.);
#1196=ORIENTED_EDGE('',*,*,#3548,.F.);
#1197=ORIENTED_EDGE('',*,*,#3548,.T.);
#1198=ORIENTED_EDGE('',*,*,#3244,.T.);
#1199=ORIENTED_EDGE('',*,*,#3549,.F.);
#1200=ORIENTED_EDGE('',*,*,#3084,.F.);
#1201=ORIENTED_EDGE('',*,*,#3549,.T.);
#1202=ORIENTED_EDGE('',*,*,#3243,.T.);
#1203=ORIENTED_EDGE('',*,*,#3546,.F.);
#1204=ORIENTED_EDGE('',*,*,#3085,.F.);
#1205=ORIENTED_EDGE('',*,*,#3202,.T.);
#1206=ORIENTED_EDGE('',*,*,#3550,.T.);
#1207=ORIENTED_EDGE('',*,*,#3238,.F.);
#1208=ORIENTED_EDGE('',*,*,#3551,.F.);
#1209=ORIENTED_EDGE('',*,*,#3203,.T.);
#1210=ORIENTED_EDGE('',*,*,#3551,.T.);
#1211=ORIENTED_EDGE('',*,*,#3237,.F.);
#1212=ORIENTED_EDGE('',*,*,#3552,.F.);
#1213=ORIENTED_EDGE('',*,*,#3552,.T.);
#1214=ORIENTED_EDGE('',*,*,#3240,.T.);
#1215=ORIENTED_EDGE('',*,*,#3553,.F.);
#1216=ORIENTED_EDGE('',*,*,#3204,.F.);
#1217=ORIENTED_EDGE('',*,*,#3553,.T.);
#1218=ORIENTED_EDGE('',*,*,#3239,.T.);
#1219=ORIENTED_EDGE('',*,*,#3550,.F.);
#1220=ORIENTED_EDGE('',*,*,#3205,.F.);
#1221=ORIENTED_EDGE('',*,*,#3078,.T.);
#1222=ORIENTED_EDGE('',*,*,#3554,.T.);
#1223=ORIENTED_EDGE('',*,*,#3234,.F.);
#1224=ORIENTED_EDGE('',*,*,#3555,.F.);
#1225=ORIENTED_EDGE('',*,*,#3079,.T.);
#1226=ORIENTED_EDGE('',*,*,#3555,.T.);
#1227=ORIENTED_EDGE('',*,*,#3233,.F.);
#1228=ORIENTED_EDGE('',*,*,#3556,.F.);
#1229=ORIENTED_EDGE('',*,*,#3556,.T.);
#1230=ORIENTED_EDGE('',*,*,#3236,.T.);
#1231=ORIENTED_EDGE('',*,*,#3557,.F.);
#1232=ORIENTED_EDGE('',*,*,#3080,.F.);
#1233=ORIENTED_EDGE('',*,*,#3557,.T.);
#1234=ORIENTED_EDGE('',*,*,#3235,.T.);
#1235=ORIENTED_EDGE('',*,*,#3554,.F.);
#1236=ORIENTED_EDGE('',*,*,#3081,.F.);
#1237=ORIENTED_EDGE('',*,*,#3206,.T.);
#1238=ORIENTED_EDGE('',*,*,#3558,.T.);
#1239=ORIENTED_EDGE('',*,*,#3230,.F.);
#1240=ORIENTED_EDGE('',*,*,#3559,.F.);
#1241=ORIENTED_EDGE('',*,*,#3207,.T.);
#1242=ORIENTED_EDGE('',*,*,#3559,.T.);
#1243=ORIENTED_EDGE('',*,*,#3229,.F.);
#1244=ORIENTED_EDGE('',*,*,#3560,.F.);
#1245=ORIENTED_EDGE('',*,*,#3560,.T.);
#1246=ORIENTED_EDGE('',*,*,#3232,.T.);
#1247=ORIENTED_EDGE('',*,*,#3561,.F.);
#1248=ORIENTED_EDGE('',*,*,#3208,.F.);
#1249=ORIENTED_EDGE('',*,*,#3561,.T.);
#1250=ORIENTED_EDGE('',*,*,#3231,.T.);
#1251=ORIENTED_EDGE('',*,*,#3558,.F.);
#1252=ORIENTED_EDGE('',*,*,#3209,.F.);
#1253=ORIENTED_EDGE('',*,*,#3074,.T.);
#1254=ORIENTED_EDGE('',*,*,#3562,.T.);
#1255=ORIENTED_EDGE('',*,*,#3226,.F.);
#1256=ORIENTED_EDGE('',*,*,#3563,.F.);
#1257=ORIENTED_EDGE('',*,*,#3075,.T.);
#1258=ORIENTED_EDGE('',*,*,#3563,.T.);
#1259=ORIENTED_EDGE('',*,*,#3225,.F.);
#1260=ORIENTED_EDGE('',*,*,#3564,.F.);
#1261=ORIENTED_EDGE('',*,*,#3564,.T.);
#1262=ORIENTED_EDGE('',*,*,#3228,.T.);
#1263=ORIENTED_EDGE('',*,*,#3565,.F.);
#1264=ORIENTED_EDGE('',*,*,#3076,.F.);
#1265=ORIENTED_EDGE('',*,*,#3565,.T.);
#1266=ORIENTED_EDGE('',*,*,#3227,.T.);
#1267=ORIENTED_EDGE('',*,*,#3562,.F.);
#1268=ORIENTED_EDGE('',*,*,#3077,.F.);
#1269=ORIENTED_EDGE('',*,*,#3046,.T.);
#1270=ORIENTED_EDGE('',*,*,#3414,.T.);
#1271=ORIENTED_EDGE('',*,*,#3377,.F.);
#1272=ORIENTED_EDGE('',*,*,#3412,.F.);
#1273=ORIENTED_EDGE('',*,*,#3042,.T.);
#1274=ORIENTED_EDGE('',*,*,#3418,.T.);
#1275=ORIENTED_EDGE('',*,*,#3381,.F.);
#1276=ORIENTED_EDGE('',*,*,#3416,.F.);
#1277=ORIENTED_EDGE('',*,*,#3038,.T.);
#1278=ORIENTED_EDGE('',*,*,#3422,.T.);
#1279=ORIENTED_EDGE('',*,*,#3385,.F.);
#1280=ORIENTED_EDGE('',*,*,#3420,.F.);
#1281=ORIENTED_EDGE('',*,*,#3566,.T.);
#1282=ORIENTED_EDGE('',*,*,#3210,.F.);
#1283=ORIENTED_EDGE('',*,*,#3224,.F.);
#1284=ORIENTED_EDGE('',*,*,#3566,.F.);
#1285=ORIENTED_EDGE('',*,*,#3426,.T.);
#1286=ORIENTED_EDGE('',*,*,#3427,.T.);
#1287=ORIENTED_EDGE('',*,*,#3423,.F.);
#1288=ORIENTED_EDGE('',*,*,#3064,.F.);
#1289=ORIENTED_EDGE('',*,*,#3069,.F.);
#1290=ORIENTED_EDGE('',*,*,#3216,.T.);
#1291=ORIENTED_EDGE('',*,*,#3567,.T.);
#1292=ORIENTED_EDGE('',*,*,#3568,.F.);
#1293=ORIENTED_EDGE('',*,*,#3070,.T.);
#1294=ORIENTED_EDGE('',*,*,#3568,.T.);
#1295=ORIENTED_EDGE('',*,*,#3569,.F.);
#1296=ORIENTED_EDGE('',*,*,#3570,.F.);
#1297=ORIENTED_EDGE('',*,*,#3214,.F.);
#1298=ORIENTED_EDGE('',*,*,#3071,.T.);
#1299=ORIENTED_EDGE('',*,*,#3570,.T.);
#1300=ORIENTED_EDGE('',*,*,#3571,.F.);
#1301=ORIENTED_EDGE('',*,*,#3567,.F.);
#1302=ORIENTED_EDGE('',*,*,#3215,.T.);
#1303=ORIENTED_EDGE('',*,*,#3571,.T.);
#1304=ORIENTED_EDGE('',*,*,#3569,.T.);
#1305=ORIENTED_EDGE('',*,*,#3572,.T.);
#1306=ORIENTED_EDGE('',*,*,#3573,.T.);
#1307=ORIENTED_EDGE('',*,*,#3574,.T.);
#1308=ORIENTED_EDGE('',*,*,#3023,.T.);
#1309=ORIENTED_EDGE('',*,*,#3575,.T.);
#1310=ORIENTED_EDGE('',*,*,#3576,.T.);
#1311=ORIENTED_EDGE('',*,*,#3577,.T.);
#1312=ORIENTED_EDGE('',*,*,#3578,.T.);
#1313=ORIENTED_EDGE('',*,*,#3579,.T.);
#1314=ORIENTED_EDGE('',*,*,#3580,.T.);
#1315=ORIENTED_EDGE('',*,*,#3581,.T.);
#1316=ORIENTED_EDGE('',*,*,#3027,.F.);
#1317=ORIENTED_EDGE('',*,*,#3582,.T.);
#1318=ORIENTED_EDGE('',*,*,#3583,.T.);
#1319=ORIENTED_EDGE('',*,*,#3584,.T.);
#1320=ORIENTED_EDGE('',*,*,#3025,.F.);
#1321=ORIENTED_EDGE('',*,*,#3067,.T.);
#1322=ORIENTED_EDGE('',*,*,#3219,.F.);
#1323=ORIENTED_EDGE('',*,*,#3223,.F.);
#1324=ORIENTED_EDGE('',*,*,#3217,.T.);
#1325=ORIENTED_EDGE('',*,*,#3574,.F.);
#1326=ORIENTED_EDGE('',*,*,#3585,.T.);
#1327=ORIENTED_EDGE('',*,*,#3582,.F.);
#1328=ORIENTED_EDGE('',*,*,#3024,.F.);
#1329=ORIENTED_EDGE('',*,*,#3584,.F.);
#1330=ORIENTED_EDGE('',*,*,#3586,.T.);
#1331=ORIENTED_EDGE('',*,*,#3579,.F.);
#1332=ORIENTED_EDGE('',*,*,#3026,.F.);
#1333=ORIENTED_EDGE('',*,*,#3396,.F.);
#1334=ORIENTED_EDGE('',*,*,#3587,.T.);
#1335=ORIENTED_EDGE('',*,*,#3572,.F.);
#1336=ORIENTED_EDGE('',*,*,#3022,.F.);
#1337=ORIENTED_EDGE('',*,*,#3581,.F.);
#1338=ORIENTED_EDGE('',*,*,#3588,.T.);
#1339=ORIENTED_EDGE('',*,*,#3392,.F.);
#1340=ORIENTED_EDGE('',*,*,#3028,.F.);
#1341=ORIENTED_EDGE('',*,*,#3589,.T.);
#1342=ORIENTED_EDGE('',*,*,#3580,.F.);
#1343=ORIENTED_EDGE('',*,*,#3590,.F.);
#1344=ORIENTED_EDGE('',*,*,#3577,.F.);
#1345=ORIENTED_EDGE('',*,*,#3590,.T.);
#1346=ORIENTED_EDGE('',*,*,#3586,.F.);
#1347=ORIENTED_EDGE('',*,*,#3591,.F.);
#1348=ORIENTED_EDGE('',*,*,#3591,.T.);
#1349=ORIENTED_EDGE('',*,*,#3583,.F.);
#1350=ORIENTED_EDGE('',*,*,#3592,.F.);
#1351=ORIENTED_EDGE('',*,*,#3578,.F.);
#1352=ORIENTED_EDGE('',*,*,#3592,.T.);
#1353=ORIENTED_EDGE('',*,*,#3585,.F.);
#1354=ORIENTED_EDGE('',*,*,#3593,.F.);
#1355=ORIENTED_EDGE('',*,*,#3593,.T.);
#1356=ORIENTED_EDGE('',*,*,#3573,.F.);
#1357=ORIENTED_EDGE('',*,*,#3594,.F.);
#1358=ORIENTED_EDGE('',*,*,#3575,.F.);
#1359=ORIENTED_EDGE('',*,*,#3587,.F.);
#1360=ORIENTED_EDGE('',*,*,#3395,.T.);
#1361=ORIENTED_EDGE('',*,*,#3595,.F.);
#1362=ORIENTED_EDGE('',*,*,#3594,.T.);
#1363=ORIENTED_EDGE('',*,*,#3595,.T.);
#1364=ORIENTED_EDGE('',*,*,#3394,.F.);
#1365=ORIENTED_EDGE('',*,*,#3596,.F.);
#1366=ORIENTED_EDGE('',*,*,#3576,.F.);
#1367=ORIENTED_EDGE('',*,*,#3589,.F.);
#1368=ORIENTED_EDGE('',*,*,#3596,.T.);
#1369=ORIENTED_EDGE('',*,*,#3393,.T.);
#1370=ORIENTED_EDGE('',*,*,#3588,.F.);
#1371=ORIENTED_EDGE('',*,*,#3361,.T.);
#1372=ORIENTED_EDGE('',*,*,#3211,.F.);
#1373=ORIENTED_EDGE('',*,*,#3362,.T.);
#1374=ORIENTED_EDGE('',*,*,#3212,.F.);
#1375=ORIENTED_EDGE('',*,*,#3397,.F.);
#1376=ORIENTED_EDGE('',*,*,#3387,.F.);
#1377=ORIENTED_EDGE('',*,*,#3421,.T.);
#1378=ORIENTED_EDGE('',*,*,#3036,.T.);
#1379=ORIENTED_EDGE('',*,*,#3383,.F.);
#1380=ORIENTED_EDGE('',*,*,#3417,.T.);
#1381=ORIENTED_EDGE('',*,*,#3040,.T.);
#1382=ORIENTED_EDGE('',*,*,#3419,.F.);
#1383=ORIENTED_EDGE('',*,*,#3379,.F.);
#1384=ORIENTED_EDGE('',*,*,#3413,.T.);
#1385=ORIENTED_EDGE('',*,*,#3044,.T.);
#1386=ORIENTED_EDGE('',*,*,#3415,.F.);
#1387=ORIENTED_EDGE('',*,*,#3375,.F.);
#1388=ORIENTED_EDGE('',*,*,#3401,.T.);
#1389=ORIENTED_EDGE('',*,*,#3048,.T.);
#1390=ORIENTED_EDGE('',*,*,#3411,.F.);
#1391=ORIENTED_EDGE('',*,*,#3403,.F.);
#1392=ORIENTED_EDGE('',*,*,#3367,.F.);
#1393=ORIENTED_EDGE('',*,*,#3409,.T.);
#1394=ORIENTED_EDGE('',*,*,#3056,.T.);
#1395=ORIENTED_EDGE('',*,*,#3363,.F.);
#1396=ORIENTED_EDGE('',*,*,#3020,.T.);
#1397=ORIENTED_EDGE('',*,*,#3060,.T.);
#1398=ORIENTED_EDGE('',*,*,#3407,.F.);
#1399=ORIENTED_EDGE('',*,*,#3399,.F.);
#1400=ORIENTED_EDGE('',*,*,#3371,.F.);
#1401=ORIENTED_EDGE('',*,*,#3405,.T.);
#1402=ORIENTED_EDGE('',*,*,#3052,.T.);
#1403=ORIENTED_EDGE('',*,*,#3597,.T.);
#1404=ORIENTED_EDGE('',*,*,#3012,.T.);
#1405=ORIENTED_EDGE('',*,*,#3598,.F.);
#1406=ORIENTED_EDGE('',*,*,#3599,.F.);
#1407=ORIENTED_EDGE('',*,*,#3600,.F.);
#1408=ORIENTED_EDGE('',*,*,#3601,.T.);
#1409=ORIENTED_EDGE('',*,*,#3602,.T.);
#1410=ORIENTED_EDGE('',*,*,#3603,.F.);
#1411=ORIENTED_EDGE('',*,*,#3604,.T.);
#1412=ORIENTED_EDGE('',*,*,#3605,.T.);
#1413=ORIENTED_EDGE('',*,*,#3606,.T.);
#1414=ORIENTED_EDGE('',*,*,#3607,.F.);
#1415=ORIENTED_EDGE('',*,*,#3608,.T.);
#1416=ORIENTED_EDGE('',*,*,#3609,.T.);
#1417=ORIENTED_EDGE('',*,*,#3610,.F.);
#1418=ORIENTED_EDGE('',*,*,#3599,.T.);
#1419=ORIENTED_EDGE('',*,*,#3611,.T.);
#1420=ORIENTED_EDGE('',*,*,#3612,.T.);
#1421=ORIENTED_EDGE('',*,*,#3613,.T.);
#1422=ORIENTED_EDGE('',*,*,#3614,.F.);
#1423=ORIENTED_EDGE('',*,*,#3061,.F.);
#1424=ORIENTED_EDGE('',*,*,#3615,.T.);
#1425=ORIENTED_EDGE('',*,*,#3616,.F.);
#1426=ORIENTED_EDGE('',*,*,#3608,.F.);
#1427=ORIENTED_EDGE('',*,*,#3598,.T.);
#1428=ORIENTED_EDGE('',*,*,#3011,.T.);
#1429=ORIENTED_EDGE('',*,*,#3616,.T.);
#1430=ORIENTED_EDGE('',*,*,#3617,.T.);
#1431=ORIENTED_EDGE('',*,*,#3618,.F.);
#1432=ORIENTED_EDGE('',*,*,#3609,.F.);
#1433=ORIENTED_EDGE('',*,*,#3619,.F.);
#1434=ORIENTED_EDGE('',*,*,#3073,.T.);
#1435=ORIENTED_EDGE('',*,*,#3013,.F.);
#1436=ORIENTED_EDGE('',*,*,#3597,.F.);
#1437=ORIENTED_EDGE('',*,*,#3610,.T.);
#1438=ORIENTED_EDGE('',*,*,#3618,.T.);
#1439=ORIENTED_EDGE('',*,*,#3620,.T.);
#1440=ORIENTED_EDGE('',*,*,#3621,.F.);
#1441=ORIENTED_EDGE('',*,*,#3622,.F.);
#1442=ORIENTED_EDGE('',*,*,#3600,.T.);
#1443=ORIENTED_EDGE('',*,*,#3622,.T.);
#1444=ORIENTED_EDGE('',*,*,#3623,.T.);
#1445=ORIENTED_EDGE('',*,*,#3624,.F.);
#1446=ORIENTED_EDGE('',*,*,#3601,.F.);
#1447=ORIENTED_EDGE('',*,*,#3624,.T.);
#1448=ORIENTED_EDGE('',*,*,#3625,.T.);
#1449=ORIENTED_EDGE('',*,*,#3626,.F.);
#1450=ORIENTED_EDGE('',*,*,#3602,.F.);
#1451=ORIENTED_EDGE('',*,*,#3626,.T.);
#1452=ORIENTED_EDGE('',*,*,#3627,.F.);
#1453=ORIENTED_EDGE('',*,*,#3620,.F.);
#1454=ORIENTED_EDGE('',*,*,#3603,.T.);
#1455=ORIENTED_EDGE('',*,*,#3605,.F.);
#1456=ORIENTED_EDGE('',*,*,#3628,.T.);
#1457=ORIENTED_EDGE('',*,*,#3612,.F.);
#1458=ORIENTED_EDGE('',*,*,#3629,.T.);
#1459=ORIENTED_EDGE('',*,*,#3607,.T.);
#1460=ORIENTED_EDGE('',*,*,#3630,.T.);
#1461=ORIENTED_EDGE('',*,*,#3614,.T.);
#1462=ORIENTED_EDGE('',*,*,#3631,.T.);
#1463=ORIENTED_EDGE('',*,*,#3629,.F.);
#1464=ORIENTED_EDGE('',*,*,#3611,.F.);
#1465=ORIENTED_EDGE('',*,*,#3630,.F.);
#1466=ORIENTED_EDGE('',*,*,#3606,.F.);
#1467=ORIENTED_EDGE('',*,*,#3628,.F.);
#1468=ORIENTED_EDGE('',*,*,#3604,.F.);
#1469=ORIENTED_EDGE('',*,*,#3631,.F.);
#1470=ORIENTED_EDGE('',*,*,#3613,.F.);
#1471=ORIENTED_EDGE('',*,*,#3002,.F.);
#1472=ORIENTED_EDGE('',*,*,#3006,.F.);
#1473=ORIENTED_EDGE('',*,*,#3008,.T.);
#1474=ORIENTED_EDGE('',*,*,#3619,.T.);
#1475=ORIENTED_EDGE('',*,*,#3617,.F.);
#1476=ORIENTED_EDGE('',*,*,#3615,.F.);
#1477=ORIENTED_EDGE('',*,*,#3623,.F.);
#1478=ORIENTED_EDGE('',*,*,#3621,.T.);
#1479=ORIENTED_EDGE('',*,*,#3627,.T.);
#1480=ORIENTED_EDGE('',*,*,#3625,.F.);
#1481=ORIENTED_EDGE('',*,*,#3632,.F.);
#1482=ORIENTED_EDGE('',*,*,#3633,.T.);
#1483=ORIENTED_EDGE('',*,*,#3634,.F.);
#1484=ORIENTED_EDGE('',*,*,#3635,.F.);
#1485=ORIENTED_EDGE('',*,*,#3636,.T.);
#1486=ORIENTED_EDGE('',*,*,#3637,.T.);
#1487=ORIENTED_EDGE('',*,*,#3638,.F.);
#1488=ORIENTED_EDGE('',*,*,#3639,.F.);
#1489=ORIENTED_EDGE('',*,*,#3640,.T.);
#1490=ORIENTED_EDGE('',*,*,#3641,.T.);
#1491=ORIENTED_EDGE('',*,*,#3642,.T.);
#1492=ORIENTED_EDGE('',*,*,#3643,.F.);
#1493=ORIENTED_EDGE('',*,*,#3644,.F.);
#1494=ORIENTED_EDGE('',*,*,#3645,.T.);
#1495=ORIENTED_EDGE('',*,*,#3645,.F.);
#1496=ORIENTED_EDGE('',*,*,#3646,.F.);
#1497=ORIENTED_EDGE('',*,*,#3647,.T.);
#1498=ORIENTED_EDGE('',*,*,#3648,.T.);
#1499=ORIENTED_EDGE('',*,*,#3649,.T.);
#1500=ORIENTED_EDGE('',*,*,#3647,.F.);
#1501=ORIENTED_EDGE('',*,*,#3650,.F.);
#1502=ORIENTED_EDGE('',*,*,#3651,.T.);
#1503=ORIENTED_EDGE('',*,*,#3640,.F.);
#1504=ORIENTED_EDGE('',*,*,#3652,.F.);
#1505=ORIENTED_EDGE('',*,*,#3641,.F.);
#1506=ORIENTED_EDGE('',*,*,#3653,.F.);
#1507=ORIENTED_EDGE('',*,*,#3654,.T.);
#1508=ORIENTED_EDGE('',*,*,#3655,.T.);
#1509=ORIENTED_EDGE('',*,*,#3656,.F.);
#1510=ORIENTED_EDGE('',*,*,#3657,.F.);
#1511=ORIENTED_EDGE('',*,*,#3658,.T.);
#1512=ORIENTED_EDGE('',*,*,#3659,.F.);
#1513=ORIENTED_EDGE('',*,*,#3660,.F.);
#1514=ORIENTED_EDGE('',*,*,#3656,.T.);
#1515=ORIENTED_EDGE('',*,*,#3661,.T.);
#1516=ORIENTED_EDGE('',*,*,#3659,.T.);
#1517=ORIENTED_EDGE('',*,*,#3662,.F.);
#1518=ORIENTED_EDGE('',*,*,#3663,.F.);
#1519=ORIENTED_EDGE('',*,*,#3664,.T.);
#1520=ORIENTED_EDGE('',*,*,#3665,.F.);
#1521=ORIENTED_EDGE('',*,*,#3666,.F.);
#1522=ORIENTED_EDGE('',*,*,#3667,.T.);
#1523=ORIENTED_EDGE('',*,*,#3668,.T.);
#1524=ORIENTED_EDGE('',*,*,#3669,.T.);
#1525=ORIENTED_EDGE('',*,*,#3664,.F.);
#1526=ORIENTED_EDGE('',*,*,#3670,.F.);
#1527=ORIENTED_EDGE('',*,*,#3671,.T.);
#1528=ORIENTED_EDGE('',*,*,#3672,.F.);
#1529=ORIENTED_EDGE('',*,*,#3668,.F.);
#1530=ORIENTED_EDGE('',*,*,#3673,.T.);
#1531=ORIENTED_EDGE('',*,*,#3674,.F.);
#1532=ORIENTED_EDGE('',*,*,#3675,.T.);
#1533=ORIENTED_EDGE('',*,*,#3676,.F.);
#1534=ORIENTED_EDGE('',*,*,#3677,.T.);
#1535=ORIENTED_EDGE('',*,*,#3676,.T.);
#1536=ORIENTED_EDGE('',*,*,#3674,.T.);
#1537=ORIENTED_EDGE('',*,*,#3636,.F.);
#1538=ORIENTED_EDGE('',*,*,#3678,.F.);
#1539=ORIENTED_EDGE('',*,*,#3673,.F.);
#1540=ORIENTED_EDGE('',*,*,#3670,.T.);
#1541=ORIENTED_EDGE('',*,*,#3667,.F.);
#1542=ORIENTED_EDGE('',*,*,#3679,.T.);
#1543=ORIENTED_EDGE('',*,*,#3637,.F.);
#1544=ORIENTED_EDGE('',*,*,#3679,.F.);
#1545=ORIENTED_EDGE('',*,*,#3666,.T.);
#1546=ORIENTED_EDGE('',*,*,#3680,.T.);
#1547=ORIENTED_EDGE('',*,*,#3678,.T.);
#1548=ORIENTED_EDGE('',*,*,#3635,.T.);
#1549=ORIENTED_EDGE('',*,*,#3681,.F.);
#1550=ORIENTED_EDGE('',*,*,#3662,.T.);
#1551=ORIENTED_EDGE('',*,*,#3658,.F.);
#1552=ORIENTED_EDGE('',*,*,#3655,.F.);
#1553=ORIENTED_EDGE('',*,*,#3682,.F.);
#1554=ORIENTED_EDGE('',*,*,#3671,.F.);
#1555=ORIENTED_EDGE('',*,*,#3653,.T.);
#1556=ORIENTED_EDGE('',*,*,#3652,.T.);
#1557=ORIENTED_EDGE('',*,*,#3683,.F.);
#1558=ORIENTED_EDGE('',*,*,#3638,.T.);
#1559=ORIENTED_EDGE('',*,*,#3680,.F.);
#1560=ORIENTED_EDGE('',*,*,#3665,.T.);
#1561=ORIENTED_EDGE('',*,*,#3669,.F.);
#1562=ORIENTED_EDGE('',*,*,#3672,.T.);
#1563=ORIENTED_EDGE('',*,*,#3682,.T.);
#1564=ORIENTED_EDGE('',*,*,#3654,.F.);
#1565=ORIENTED_EDGE('',*,*,#3684,.T.);
#1566=ORIENTED_EDGE('',*,*,#3650,.T.);
#1567=ORIENTED_EDGE('',*,*,#3646,.T.);
#1568=ORIENTED_EDGE('',*,*,#3644,.T.);
#1569=ORIENTED_EDGE('',*,*,#3681,.T.);
#1570=ORIENTED_EDGE('',*,*,#3634,.T.);
#1571=ORIENTED_EDGE('',*,*,#3685,.T.);
#1572=ORIENTED_EDGE('',*,*,#3663,.T.);
#1573=ORIENTED_EDGE('',*,*,#3675,.F.);
#1574=ORIENTED_EDGE('',*,*,#3677,.F.);
#1575=ORIENTED_EDGE('',*,*,#3686,.F.);
#1576=ORIENTED_EDGE('',*,*,#3632,.T.);
#1577=ORIENTED_EDGE('',*,*,#3687,.T.);
#1578=ORIENTED_EDGE('',*,*,#3642,.F.);
#1579=ORIENTED_EDGE('',*,*,#3648,.F.);
#1580=ORIENTED_EDGE('',*,*,#3649,.F.);
#1581=ORIENTED_EDGE('',*,*,#3687,.F.);
#1582=ORIENTED_EDGE('',*,*,#3639,.T.);
#1583=ORIENTED_EDGE('',*,*,#3683,.T.);
#1584=ORIENTED_EDGE('',*,*,#3643,.T.);
#1585=ORIENTED_EDGE('',*,*,#3633,.F.);
#1586=ORIENTED_EDGE('',*,*,#3686,.T.);
#1587=ORIENTED_EDGE('',*,*,#3651,.F.);
#1588=ORIENTED_EDGE('',*,*,#3684,.F.);
#1589=ORIENTED_EDGE('',*,*,#3657,.T.);
#1590=ORIENTED_EDGE('',*,*,#3660,.T.);
#1591=ORIENTED_EDGE('',*,*,#3661,.F.);
#1592=ORIENTED_EDGE('',*,*,#3685,.F.);
#1593=ORIENTED_EDGE('',*,*,#3688,.T.);
#1594=ORIENTED_EDGE('',*,*,#3689,.T.);
#1595=ORIENTED_EDGE('',*,*,#3690,.F.);
#1596=ORIENTED_EDGE('',*,*,#3691,.F.);
#1597=ORIENTED_EDGE('',*,*,#3692,.T.);
#1598=ORIENTED_EDGE('',*,*,#3693,.T.);
#1599=ORIENTED_EDGE('',*,*,#3689,.F.);
#1600=ORIENTED_EDGE('',*,*,#3694,.F.);
#1601=ORIENTED_EDGE('',*,*,#3695,.T.);
#1602=ORIENTED_EDGE('',*,*,#3696,.T.);
#1603=ORIENTED_EDGE('',*,*,#3692,.F.);
#1604=ORIENTED_EDGE('',*,*,#3697,.F.);
#1605=ORIENTED_EDGE('',*,*,#3698,.T.);
#1606=ORIENTED_EDGE('',*,*,#3691,.T.);
#1607=ORIENTED_EDGE('',*,*,#3699,.F.);
#1608=ORIENTED_EDGE('',*,*,#3695,.F.);
#1609=ORIENTED_EDGE('',*,*,#3700,.T.);
#1610=ORIENTED_EDGE('',*,*,#3701,.T.);
#1611=ORIENTED_EDGE('',*,*,#3702,.F.);
#1612=ORIENTED_EDGE('',*,*,#3703,.F.);
#1613=ORIENTED_EDGE('',*,*,#3704,.T.);
#1614=ORIENTED_EDGE('',*,*,#3705,.T.);
#1615=ORIENTED_EDGE('',*,*,#3701,.F.);
#1616=ORIENTED_EDGE('',*,*,#3706,.F.);
#1617=ORIENTED_EDGE('',*,*,#3707,.T.);
#1618=ORIENTED_EDGE('',*,*,#3708,.T.);
#1619=ORIENTED_EDGE('',*,*,#3704,.F.);
#1620=ORIENTED_EDGE('',*,*,#3709,.F.);
#1621=ORIENTED_EDGE('',*,*,#3710,.T.);
#1622=ORIENTED_EDGE('',*,*,#3703,.T.);
#1623=ORIENTED_EDGE('',*,*,#3711,.F.);
#1624=ORIENTED_EDGE('',*,*,#3707,.F.);
#1625=ORIENTED_EDGE('',*,*,#3712,.T.);
#1626=ORIENTED_EDGE('',*,*,#3713,.T.);
#1627=ORIENTED_EDGE('',*,*,#3714,.F.);
#1628=ORIENTED_EDGE('',*,*,#3715,.F.);
#1629=ORIENTED_EDGE('',*,*,#3716,.T.);
#1630=ORIENTED_EDGE('',*,*,#3717,.T.);
#1631=ORIENTED_EDGE('',*,*,#3713,.F.);
#1632=ORIENTED_EDGE('',*,*,#3718,.F.);
#1633=ORIENTED_EDGE('',*,*,#3719,.T.);
#1634=ORIENTED_EDGE('',*,*,#3720,.T.);
#1635=ORIENTED_EDGE('',*,*,#3716,.F.);
#1636=ORIENTED_EDGE('',*,*,#3721,.F.);
#1637=ORIENTED_EDGE('',*,*,#3722,.T.);
#1638=ORIENTED_EDGE('',*,*,#3715,.T.);
#1639=ORIENTED_EDGE('',*,*,#3723,.F.);
#1640=ORIENTED_EDGE('',*,*,#3719,.F.);
#1641=ORIENTED_EDGE('',*,*,#3724,.T.);
#1642=ORIENTED_EDGE('',*,*,#3725,.T.);
#1643=ORIENTED_EDGE('',*,*,#3726,.F.);
#1644=ORIENTED_EDGE('',*,*,#3727,.F.);
#1645=ORIENTED_EDGE('',*,*,#3728,.T.);
#1646=ORIENTED_EDGE('',*,*,#3729,.T.);
#1647=ORIENTED_EDGE('',*,*,#3725,.F.);
#1648=ORIENTED_EDGE('',*,*,#3730,.F.);
#1649=ORIENTED_EDGE('',*,*,#3731,.T.);
#1650=ORIENTED_EDGE('',*,*,#3732,.T.);
#1651=ORIENTED_EDGE('',*,*,#3728,.F.);
#1652=ORIENTED_EDGE('',*,*,#3733,.F.);
#1653=ORIENTED_EDGE('',*,*,#3734,.T.);
#1654=ORIENTED_EDGE('',*,*,#3727,.T.);
#1655=ORIENTED_EDGE('',*,*,#3735,.F.);
#1656=ORIENTED_EDGE('',*,*,#3731,.F.);
#1657=ORIENTED_EDGE('',*,*,#3736,.T.);
#1658=ORIENTED_EDGE('',*,*,#3737,.T.);
#1659=ORIENTED_EDGE('',*,*,#3738,.F.);
#1660=ORIENTED_EDGE('',*,*,#3739,.F.);
#1661=ORIENTED_EDGE('',*,*,#3740,.T.);
#1662=ORIENTED_EDGE('',*,*,#3741,.T.);
#1663=ORIENTED_EDGE('',*,*,#3737,.F.);
#1664=ORIENTED_EDGE('',*,*,#3742,.F.);
#1665=ORIENTED_EDGE('',*,*,#3743,.T.);
#1666=ORIENTED_EDGE('',*,*,#3744,.T.);
#1667=ORIENTED_EDGE('',*,*,#3740,.F.);
#1668=ORIENTED_EDGE('',*,*,#3745,.F.);
#1669=ORIENTED_EDGE('',*,*,#3746,.T.);
#1670=ORIENTED_EDGE('',*,*,#3739,.T.);
#1671=ORIENTED_EDGE('',*,*,#3747,.F.);
#1672=ORIENTED_EDGE('',*,*,#3743,.F.);
#1673=ORIENTED_EDGE('',*,*,#3748,.T.);
#1674=ORIENTED_EDGE('',*,*,#3749,.T.);
#1675=ORIENTED_EDGE('',*,*,#3750,.F.);
#1676=ORIENTED_EDGE('',*,*,#3751,.F.);
#1677=ORIENTED_EDGE('',*,*,#3752,.T.);
#1678=ORIENTED_EDGE('',*,*,#3753,.T.);
#1679=ORIENTED_EDGE('',*,*,#3749,.F.);
#1680=ORIENTED_EDGE('',*,*,#3754,.F.);
#1681=ORIENTED_EDGE('',*,*,#3755,.T.);
#1682=ORIENTED_EDGE('',*,*,#3756,.T.);
#1683=ORIENTED_EDGE('',*,*,#3752,.F.);
#1684=ORIENTED_EDGE('',*,*,#3757,.F.);
#1685=ORIENTED_EDGE('',*,*,#3758,.T.);
#1686=ORIENTED_EDGE('',*,*,#3751,.T.);
#1687=ORIENTED_EDGE('',*,*,#3759,.F.);
#1688=ORIENTED_EDGE('',*,*,#3755,.F.);
#1689=ORIENTED_EDGE('',*,*,#3760,.T.);
#1690=ORIENTED_EDGE('',*,*,#3761,.T.);
#1691=ORIENTED_EDGE('',*,*,#3762,.F.);
#1692=ORIENTED_EDGE('',*,*,#3763,.F.);
#1693=ORIENTED_EDGE('',*,*,#3764,.T.);
#1694=ORIENTED_EDGE('',*,*,#3765,.T.);
#1695=ORIENTED_EDGE('',*,*,#3761,.F.);
#1696=ORIENTED_EDGE('',*,*,#3766,.F.);
#1697=ORIENTED_EDGE('',*,*,#3767,.T.);
#1698=ORIENTED_EDGE('',*,*,#3768,.T.);
#1699=ORIENTED_EDGE('',*,*,#3764,.F.);
#1700=ORIENTED_EDGE('',*,*,#3769,.F.);
#1701=ORIENTED_EDGE('',*,*,#3770,.T.);
#1702=ORIENTED_EDGE('',*,*,#3763,.T.);
#1703=ORIENTED_EDGE('',*,*,#3771,.F.);
#1704=ORIENTED_EDGE('',*,*,#3767,.F.);
#1705=ORIENTED_EDGE('',*,*,#3772,.T.);
#1706=ORIENTED_EDGE('',*,*,#3773,.T.);
#1707=ORIENTED_EDGE('',*,*,#3774,.F.);
#1708=ORIENTED_EDGE('',*,*,#3775,.F.);
#1709=ORIENTED_EDGE('',*,*,#3776,.T.);
#1710=ORIENTED_EDGE('',*,*,#3777,.T.);
#1711=ORIENTED_EDGE('',*,*,#3773,.F.);
#1712=ORIENTED_EDGE('',*,*,#3778,.F.);
#1713=ORIENTED_EDGE('',*,*,#3779,.T.);
#1714=ORIENTED_EDGE('',*,*,#3780,.T.);
#1715=ORIENTED_EDGE('',*,*,#3776,.F.);
#1716=ORIENTED_EDGE('',*,*,#3781,.F.);
#1717=ORIENTED_EDGE('',*,*,#3782,.T.);
#1718=ORIENTED_EDGE('',*,*,#3775,.T.);
#1719=ORIENTED_EDGE('',*,*,#3783,.F.);
#1720=ORIENTED_EDGE('',*,*,#3779,.F.);
#1721=ORIENTED_EDGE('',*,*,#3784,.T.);
#1722=ORIENTED_EDGE('',*,*,#3785,.T.);
#1723=ORIENTED_EDGE('',*,*,#3786,.F.);
#1724=ORIENTED_EDGE('',*,*,#3787,.F.);
#1725=ORIENTED_EDGE('',*,*,#3788,.T.);
#1726=ORIENTED_EDGE('',*,*,#3789,.T.);
#1727=ORIENTED_EDGE('',*,*,#3785,.F.);
#1728=ORIENTED_EDGE('',*,*,#3790,.F.);
#1729=ORIENTED_EDGE('',*,*,#3791,.T.);
#1730=ORIENTED_EDGE('',*,*,#3792,.T.);
#1731=ORIENTED_EDGE('',*,*,#3788,.F.);
#1732=ORIENTED_EDGE('',*,*,#3793,.F.);
#1733=ORIENTED_EDGE('',*,*,#3794,.T.);
#1734=ORIENTED_EDGE('',*,*,#3787,.T.);
#1735=ORIENTED_EDGE('',*,*,#3795,.F.);
#1736=ORIENTED_EDGE('',*,*,#3791,.F.);
#1737=ORIENTED_EDGE('',*,*,#3796,.T.);
#1738=ORIENTED_EDGE('',*,*,#3797,.T.);
#1739=ORIENTED_EDGE('',*,*,#3798,.F.);
#1740=ORIENTED_EDGE('',*,*,#3799,.F.);
#1741=ORIENTED_EDGE('',*,*,#3800,.T.);
#1742=ORIENTED_EDGE('',*,*,#3801,.T.);
#1743=ORIENTED_EDGE('',*,*,#3797,.F.);
#1744=ORIENTED_EDGE('',*,*,#3802,.F.);
#1745=ORIENTED_EDGE('',*,*,#3803,.T.);
#1746=ORIENTED_EDGE('',*,*,#3804,.T.);
#1747=ORIENTED_EDGE('',*,*,#3800,.F.);
#1748=ORIENTED_EDGE('',*,*,#3805,.F.);
#1749=ORIENTED_EDGE('',*,*,#3806,.T.);
#1750=ORIENTED_EDGE('',*,*,#3799,.T.);
#1751=ORIENTED_EDGE('',*,*,#3807,.F.);
#1752=ORIENTED_EDGE('',*,*,#3803,.F.);
#1753=ORIENTED_EDGE('',*,*,#3808,.T.);
#1754=ORIENTED_EDGE('',*,*,#3809,.T.);
#1755=ORIENTED_EDGE('',*,*,#3810,.F.);
#1756=ORIENTED_EDGE('',*,*,#3811,.F.);
#1757=ORIENTED_EDGE('',*,*,#3812,.T.);
#1758=ORIENTED_EDGE('',*,*,#3813,.T.);
#1759=ORIENTED_EDGE('',*,*,#3809,.F.);
#1760=ORIENTED_EDGE('',*,*,#3814,.F.);
#1761=ORIENTED_EDGE('',*,*,#3815,.T.);
#1762=ORIENTED_EDGE('',*,*,#3816,.T.);
#1763=ORIENTED_EDGE('',*,*,#3812,.F.);
#1764=ORIENTED_EDGE('',*,*,#3817,.F.);
#1765=ORIENTED_EDGE('',*,*,#3818,.T.);
#1766=ORIENTED_EDGE('',*,*,#3811,.T.);
#1767=ORIENTED_EDGE('',*,*,#3819,.F.);
#1768=ORIENTED_EDGE('',*,*,#3815,.F.);
#1769=ORIENTED_EDGE('',*,*,#3820,.T.);
#1770=ORIENTED_EDGE('',*,*,#3821,.T.);
#1771=ORIENTED_EDGE('',*,*,#3822,.F.);
#1772=ORIENTED_EDGE('',*,*,#3823,.F.);
#1773=ORIENTED_EDGE('',*,*,#3824,.T.);
#1774=ORIENTED_EDGE('',*,*,#3825,.T.);
#1775=ORIENTED_EDGE('',*,*,#3821,.F.);
#1776=ORIENTED_EDGE('',*,*,#3826,.F.);
#1777=ORIENTED_EDGE('',*,*,#3827,.T.);
#1778=ORIENTED_EDGE('',*,*,#3828,.T.);
#1779=ORIENTED_EDGE('',*,*,#3824,.F.);
#1780=ORIENTED_EDGE('',*,*,#3829,.F.);
#1781=ORIENTED_EDGE('',*,*,#3830,.T.);
#1782=ORIENTED_EDGE('',*,*,#3823,.T.);
#1783=ORIENTED_EDGE('',*,*,#3831,.F.);
#1784=ORIENTED_EDGE('',*,*,#3827,.F.);
#1785=ORIENTED_EDGE('',*,*,#3832,.T.);
#1786=ORIENTED_EDGE('',*,*,#3833,.T.);
#1787=ORIENTED_EDGE('',*,*,#3834,.F.);
#1788=ORIENTED_EDGE('',*,*,#3835,.F.);
#1789=ORIENTED_EDGE('',*,*,#3836,.T.);
#1790=ORIENTED_EDGE('',*,*,#3837,.T.);
#1791=ORIENTED_EDGE('',*,*,#3833,.F.);
#1792=ORIENTED_EDGE('',*,*,#3838,.F.);
#1793=ORIENTED_EDGE('',*,*,#3839,.T.);
#1794=ORIENTED_EDGE('',*,*,#3840,.T.);
#1795=ORIENTED_EDGE('',*,*,#3836,.F.);
#1796=ORIENTED_EDGE('',*,*,#3841,.F.);
#1797=ORIENTED_EDGE('',*,*,#3842,.T.);
#1798=ORIENTED_EDGE('',*,*,#3835,.T.);
#1799=ORIENTED_EDGE('',*,*,#3843,.F.);
#1800=ORIENTED_EDGE('',*,*,#3839,.F.);
#1801=ORIENTED_EDGE('',*,*,#3844,.T.);
#1802=ORIENTED_EDGE('',*,*,#3845,.T.);
#1803=ORIENTED_EDGE('',*,*,#3846,.F.);
#1804=ORIENTED_EDGE('',*,*,#3847,.F.);
#1805=ORIENTED_EDGE('',*,*,#3848,.T.);
#1806=ORIENTED_EDGE('',*,*,#3849,.T.);
#1807=ORIENTED_EDGE('',*,*,#3845,.F.);
#1808=ORIENTED_EDGE('',*,*,#3850,.F.);
#1809=ORIENTED_EDGE('',*,*,#3851,.T.);
#1810=ORIENTED_EDGE('',*,*,#3852,.T.);
#1811=ORIENTED_EDGE('',*,*,#3848,.F.);
#1812=ORIENTED_EDGE('',*,*,#3853,.F.);
#1813=ORIENTED_EDGE('',*,*,#3854,.T.);
#1814=ORIENTED_EDGE('',*,*,#3847,.T.);
#1815=ORIENTED_EDGE('',*,*,#3855,.F.);
#1816=ORIENTED_EDGE('',*,*,#3851,.F.);
#1817=ORIENTED_EDGE('',*,*,#3856,.T.);
#1818=ORIENTED_EDGE('',*,*,#3857,.T.);
#1819=ORIENTED_EDGE('',*,*,#3858,.F.);
#1820=ORIENTED_EDGE('',*,*,#3859,.F.);
#1821=ORIENTED_EDGE('',*,*,#3860,.T.);
#1822=ORIENTED_EDGE('',*,*,#3861,.T.);
#1823=ORIENTED_EDGE('',*,*,#3857,.F.);
#1824=ORIENTED_EDGE('',*,*,#3862,.F.);
#1825=ORIENTED_EDGE('',*,*,#3863,.T.);
#1826=ORIENTED_EDGE('',*,*,#3864,.T.);
#1827=ORIENTED_EDGE('',*,*,#3860,.F.);
#1828=ORIENTED_EDGE('',*,*,#3865,.F.);
#1829=ORIENTED_EDGE('',*,*,#3866,.T.);
#1830=ORIENTED_EDGE('',*,*,#3859,.T.);
#1831=ORIENTED_EDGE('',*,*,#3867,.F.);
#1832=ORIENTED_EDGE('',*,*,#3863,.F.);
#1833=ORIENTED_EDGE('',*,*,#3868,.T.);
#1834=ORIENTED_EDGE('',*,*,#3869,.T.);
#1835=ORIENTED_EDGE('',*,*,#3870,.F.);
#1836=ORIENTED_EDGE('',*,*,#3871,.F.);
#1837=ORIENTED_EDGE('',*,*,#3872,.T.);
#1838=ORIENTED_EDGE('',*,*,#3873,.T.);
#1839=ORIENTED_EDGE('',*,*,#3869,.F.);
#1840=ORIENTED_EDGE('',*,*,#3874,.F.);
#1841=ORIENTED_EDGE('',*,*,#3875,.T.);
#1842=ORIENTED_EDGE('',*,*,#3876,.T.);
#1843=ORIENTED_EDGE('',*,*,#3872,.F.);
#1844=ORIENTED_EDGE('',*,*,#3877,.F.);
#1845=ORIENTED_EDGE('',*,*,#3878,.T.);
#1846=ORIENTED_EDGE('',*,*,#3871,.T.);
#1847=ORIENTED_EDGE('',*,*,#3879,.F.);
#1848=ORIENTED_EDGE('',*,*,#3875,.F.);
#1849=ORIENTED_EDGE('',*,*,#3880,.T.);
#1850=ORIENTED_EDGE('',*,*,#3881,.T.);
#1851=ORIENTED_EDGE('',*,*,#3882,.F.);
#1852=ORIENTED_EDGE('',*,*,#3883,.F.);
#1853=ORIENTED_EDGE('',*,*,#3884,.T.);
#1854=ORIENTED_EDGE('',*,*,#3885,.T.);
#1855=ORIENTED_EDGE('',*,*,#3881,.F.);
#1856=ORIENTED_EDGE('',*,*,#3886,.F.);
#1857=ORIENTED_EDGE('',*,*,#3887,.T.);
#1858=ORIENTED_EDGE('',*,*,#3888,.T.);
#1859=ORIENTED_EDGE('',*,*,#3884,.F.);
#1860=ORIENTED_EDGE('',*,*,#3889,.F.);
#1861=ORIENTED_EDGE('',*,*,#3890,.T.);
#1862=ORIENTED_EDGE('',*,*,#3883,.T.);
#1863=ORIENTED_EDGE('',*,*,#3891,.F.);
#1864=ORIENTED_EDGE('',*,*,#3887,.F.);
#1865=ORIENTED_EDGE('',*,*,#3892,.T.);
#1866=ORIENTED_EDGE('',*,*,#3893,.T.);
#1867=ORIENTED_EDGE('',*,*,#3894,.F.);
#1868=ORIENTED_EDGE('',*,*,#3895,.F.);
#1869=ORIENTED_EDGE('',*,*,#3896,.T.);
#1870=ORIENTED_EDGE('',*,*,#3897,.T.);
#1871=ORIENTED_EDGE('',*,*,#3893,.F.);
#1872=ORIENTED_EDGE('',*,*,#3898,.F.);
#1873=ORIENTED_EDGE('',*,*,#3899,.T.);
#1874=ORIENTED_EDGE('',*,*,#3900,.T.);
#1875=ORIENTED_EDGE('',*,*,#3896,.F.);
#1876=ORIENTED_EDGE('',*,*,#3901,.F.);
#1877=ORIENTED_EDGE('',*,*,#3902,.T.);
#1878=ORIENTED_EDGE('',*,*,#3895,.T.);
#1879=ORIENTED_EDGE('',*,*,#3903,.F.);
#1880=ORIENTED_EDGE('',*,*,#3899,.F.);
#1881=ORIENTED_EDGE('',*,*,#3904,.T.);
#1882=ORIENTED_EDGE('',*,*,#3905,.T.);
#1883=ORIENTED_EDGE('',*,*,#3906,.F.);
#1884=ORIENTED_EDGE('',*,*,#3907,.F.);
#1885=ORIENTED_EDGE('',*,*,#3908,.T.);
#1886=ORIENTED_EDGE('',*,*,#3909,.T.);
#1887=ORIENTED_EDGE('',*,*,#3905,.F.);
#1888=ORIENTED_EDGE('',*,*,#3910,.F.);
#1889=ORIENTED_EDGE('',*,*,#3911,.T.);
#1890=ORIENTED_EDGE('',*,*,#3912,.T.);
#1891=ORIENTED_EDGE('',*,*,#3908,.F.);
#1892=ORIENTED_EDGE('',*,*,#3913,.F.);
#1893=ORIENTED_EDGE('',*,*,#3914,.T.);
#1894=ORIENTED_EDGE('',*,*,#3907,.T.);
#1895=ORIENTED_EDGE('',*,*,#3915,.F.);
#1896=ORIENTED_EDGE('',*,*,#3911,.F.);
#1897=ORIENTED_EDGE('',*,*,#3916,.T.);
#1898=ORIENTED_EDGE('',*,*,#3917,.T.);
#1899=ORIENTED_EDGE('',*,*,#3918,.F.);
#1900=ORIENTED_EDGE('',*,*,#3919,.F.);
#1901=ORIENTED_EDGE('',*,*,#3920,.T.);
#1902=ORIENTED_EDGE('',*,*,#3921,.T.);
#1903=ORIENTED_EDGE('',*,*,#3917,.F.);
#1904=ORIENTED_EDGE('',*,*,#3922,.F.);
#1905=ORIENTED_EDGE('',*,*,#3923,.T.);
#1906=ORIENTED_EDGE('',*,*,#3924,.T.);
#1907=ORIENTED_EDGE('',*,*,#3920,.F.);
#1908=ORIENTED_EDGE('',*,*,#3925,.F.);
#1909=ORIENTED_EDGE('',*,*,#3926,.T.);
#1910=ORIENTED_EDGE('',*,*,#3919,.T.);
#1911=ORIENTED_EDGE('',*,*,#3927,.F.);
#1912=ORIENTED_EDGE('',*,*,#3923,.F.);
#1913=ORIENTED_EDGE('',*,*,#3928,.T.);
#1914=ORIENTED_EDGE('',*,*,#3929,.T.);
#1915=ORIENTED_EDGE('',*,*,#3930,.F.);
#1916=ORIENTED_EDGE('',*,*,#3931,.F.);
#1917=ORIENTED_EDGE('',*,*,#3932,.T.);
#1918=ORIENTED_EDGE('',*,*,#3933,.T.);
#1919=ORIENTED_EDGE('',*,*,#3929,.F.);
#1920=ORIENTED_EDGE('',*,*,#3934,.F.);
#1921=ORIENTED_EDGE('',*,*,#3935,.T.);
#1922=ORIENTED_EDGE('',*,*,#3936,.T.);
#1923=ORIENTED_EDGE('',*,*,#3932,.F.);
#1924=ORIENTED_EDGE('',*,*,#3937,.F.);
#1925=ORIENTED_EDGE('',*,*,#3938,.T.);
#1926=ORIENTED_EDGE('',*,*,#3931,.T.);
#1927=ORIENTED_EDGE('',*,*,#3939,.F.);
#1928=ORIENTED_EDGE('',*,*,#3935,.F.);
#1929=ORIENTED_EDGE('',*,*,#3940,.T.);
#1930=ORIENTED_EDGE('',*,*,#3941,.T.);
#1931=ORIENTED_EDGE('',*,*,#3942,.F.);
#1932=ORIENTED_EDGE('',*,*,#3943,.F.);
#1933=ORIENTED_EDGE('',*,*,#3944,.T.);
#1934=ORIENTED_EDGE('',*,*,#3945,.T.);
#1935=ORIENTED_EDGE('',*,*,#3941,.F.);
#1936=ORIENTED_EDGE('',*,*,#3946,.F.);
#1937=ORIENTED_EDGE('',*,*,#3947,.T.);
#1938=ORIENTED_EDGE('',*,*,#3948,.T.);
#1939=ORIENTED_EDGE('',*,*,#3944,.F.);
#1940=ORIENTED_EDGE('',*,*,#3949,.F.);
#1941=ORIENTED_EDGE('',*,*,#3950,.T.);
#1942=ORIENTED_EDGE('',*,*,#3943,.T.);
#1943=ORIENTED_EDGE('',*,*,#3951,.F.);
#1944=ORIENTED_EDGE('',*,*,#3947,.F.);
#1945=ORIENTED_EDGE('',*,*,#3952,.T.);
#1946=ORIENTED_EDGE('',*,*,#3953,.T.);
#1947=ORIENTED_EDGE('',*,*,#3954,.F.);
#1948=ORIENTED_EDGE('',*,*,#3955,.F.);
#1949=ORIENTED_EDGE('',*,*,#3956,.T.);
#1950=ORIENTED_EDGE('',*,*,#3957,.T.);
#1951=ORIENTED_EDGE('',*,*,#3953,.F.);
#1952=ORIENTED_EDGE('',*,*,#3958,.F.);
#1953=ORIENTED_EDGE('',*,*,#3959,.T.);
#1954=ORIENTED_EDGE('',*,*,#3960,.T.);
#1955=ORIENTED_EDGE('',*,*,#3956,.F.);
#1956=ORIENTED_EDGE('',*,*,#3961,.F.);
#1957=ORIENTED_EDGE('',*,*,#3962,.T.);
#1958=ORIENTED_EDGE('',*,*,#3955,.T.);
#1959=ORIENTED_EDGE('',*,*,#3963,.F.);
#1960=ORIENTED_EDGE('',*,*,#3959,.F.);
#1961=ORIENTED_EDGE('',*,*,#3964,.T.);
#1962=ORIENTED_EDGE('',*,*,#3965,.T.);
#1963=ORIENTED_EDGE('',*,*,#3966,.F.);
#1964=ORIENTED_EDGE('',*,*,#3967,.F.);
#1965=ORIENTED_EDGE('',*,*,#3968,.T.);
#1966=ORIENTED_EDGE('',*,*,#3969,.T.);
#1967=ORIENTED_EDGE('',*,*,#3965,.F.);
#1968=ORIENTED_EDGE('',*,*,#3970,.F.);
#1969=ORIENTED_EDGE('',*,*,#3971,.T.);
#1970=ORIENTED_EDGE('',*,*,#3972,.T.);
#1971=ORIENTED_EDGE('',*,*,#3968,.F.);
#1972=ORIENTED_EDGE('',*,*,#3973,.F.);
#1973=ORIENTED_EDGE('',*,*,#3974,.T.);
#1974=ORIENTED_EDGE('',*,*,#3967,.T.);
#1975=ORIENTED_EDGE('',*,*,#3975,.F.);
#1976=ORIENTED_EDGE('',*,*,#3971,.F.);
#1977=ORIENTED_EDGE('',*,*,#3976,.T.);
#1978=ORIENTED_EDGE('',*,*,#3977,.T.);
#1979=ORIENTED_EDGE('',*,*,#3978,.F.);
#1980=ORIENTED_EDGE('',*,*,#3979,.F.);
#1981=ORIENTED_EDGE('',*,*,#3980,.T.);
#1982=ORIENTED_EDGE('',*,*,#3981,.T.);
#1983=ORIENTED_EDGE('',*,*,#3977,.F.);
#1984=ORIENTED_EDGE('',*,*,#3982,.F.);
#1985=ORIENTED_EDGE('',*,*,#3983,.T.);
#1986=ORIENTED_EDGE('',*,*,#3984,.T.);
#1987=ORIENTED_EDGE('',*,*,#3980,.F.);
#1988=ORIENTED_EDGE('',*,*,#3985,.F.);
#1989=ORIENTED_EDGE('',*,*,#3986,.T.);
#1990=ORIENTED_EDGE('',*,*,#3979,.T.);
#1991=ORIENTED_EDGE('',*,*,#3987,.F.);
#1992=ORIENTED_EDGE('',*,*,#3983,.F.);
#1993=ORIENTED_EDGE('',*,*,#3988,.T.);
#1994=ORIENTED_EDGE('',*,*,#3989,.T.);
#1995=ORIENTED_EDGE('',*,*,#3990,.F.);
#1996=ORIENTED_EDGE('',*,*,#3991,.F.);
#1997=ORIENTED_EDGE('',*,*,#3992,.T.);
#1998=ORIENTED_EDGE('',*,*,#3993,.T.);
#1999=ORIENTED_EDGE('',*,*,#3989,.F.);
#2000=ORIENTED_EDGE('',*,*,#3994,.F.);
#2001=ORIENTED_EDGE('',*,*,#3995,.T.);
#2002=ORIENTED_EDGE('',*,*,#3996,.T.);
#2003=ORIENTED_EDGE('',*,*,#3992,.F.);
#2004=ORIENTED_EDGE('',*,*,#3997,.F.);
#2005=ORIENTED_EDGE('',*,*,#3998,.T.);
#2006=ORIENTED_EDGE('',*,*,#3991,.T.);
#2007=ORIENTED_EDGE('',*,*,#3999,.F.);
#2008=ORIENTED_EDGE('',*,*,#3995,.F.);
#2009=ORIENTED_EDGE('',*,*,#4000,.T.);
#2010=ORIENTED_EDGE('',*,*,#4001,.T.);
#2011=ORIENTED_EDGE('',*,*,#4002,.F.);
#2012=ORIENTED_EDGE('',*,*,#4003,.F.);
#2013=ORIENTED_EDGE('',*,*,#4004,.T.);
#2014=ORIENTED_EDGE('',*,*,#4005,.T.);
#2015=ORIENTED_EDGE('',*,*,#4001,.F.);
#2016=ORIENTED_EDGE('',*,*,#4006,.F.);
#2017=ORIENTED_EDGE('',*,*,#4007,.T.);
#2018=ORIENTED_EDGE('',*,*,#4008,.T.);
#2019=ORIENTED_EDGE('',*,*,#4004,.F.);
#2020=ORIENTED_EDGE('',*,*,#4009,.F.);
#2021=ORIENTED_EDGE('',*,*,#4010,.T.);
#2022=ORIENTED_EDGE('',*,*,#4003,.T.);
#2023=ORIENTED_EDGE('',*,*,#4011,.F.);
#2024=ORIENTED_EDGE('',*,*,#4007,.F.);
#2025=ORIENTED_EDGE('',*,*,#4012,.T.);
#2026=ORIENTED_EDGE('',*,*,#4013,.T.);
#2027=ORIENTED_EDGE('',*,*,#4014,.F.);
#2028=ORIENTED_EDGE('',*,*,#4015,.F.);
#2029=ORIENTED_EDGE('',*,*,#4016,.T.);
#2030=ORIENTED_EDGE('',*,*,#4017,.T.);
#2031=ORIENTED_EDGE('',*,*,#4013,.F.);
#2032=ORIENTED_EDGE('',*,*,#4018,.F.);
#2033=ORIENTED_EDGE('',*,*,#4019,.T.);
#2034=ORIENTED_EDGE('',*,*,#4020,.T.);
#2035=ORIENTED_EDGE('',*,*,#4016,.F.);
#2036=ORIENTED_EDGE('',*,*,#4021,.F.);
#2037=ORIENTED_EDGE('',*,*,#4022,.T.);
#2038=ORIENTED_EDGE('',*,*,#4015,.T.);
#2039=ORIENTED_EDGE('',*,*,#4023,.F.);
#2040=ORIENTED_EDGE('',*,*,#4019,.F.);
#2041=ORIENTED_EDGE('',*,*,#4024,.T.);
#2042=ORIENTED_EDGE('',*,*,#4025,.T.);
#2043=ORIENTED_EDGE('',*,*,#4026,.F.);
#2044=ORIENTED_EDGE('',*,*,#4027,.F.);
#2045=ORIENTED_EDGE('',*,*,#4028,.T.);
#2046=ORIENTED_EDGE('',*,*,#4029,.T.);
#2047=ORIENTED_EDGE('',*,*,#4025,.F.);
#2048=ORIENTED_EDGE('',*,*,#4030,.F.);
#2049=ORIENTED_EDGE('',*,*,#4031,.T.);
#2050=ORIENTED_EDGE('',*,*,#4032,.T.);
#2051=ORIENTED_EDGE('',*,*,#4028,.F.);
#2052=ORIENTED_EDGE('',*,*,#4033,.F.);
#2053=ORIENTED_EDGE('',*,*,#4034,.T.);
#2054=ORIENTED_EDGE('',*,*,#4027,.T.);
#2055=ORIENTED_EDGE('',*,*,#4035,.F.);
#2056=ORIENTED_EDGE('',*,*,#4031,.F.);
#2057=ORIENTED_EDGE('',*,*,#4036,.T.);
#2058=ORIENTED_EDGE('',*,*,#4037,.T.);
#2059=ORIENTED_EDGE('',*,*,#4038,.F.);
#2060=ORIENTED_EDGE('',*,*,#4039,.F.);
#2061=ORIENTED_EDGE('',*,*,#4040,.T.);
#2062=ORIENTED_EDGE('',*,*,#4041,.T.);
#2063=ORIENTED_EDGE('',*,*,#4037,.F.);
#2064=ORIENTED_EDGE('',*,*,#4042,.F.);
#2065=ORIENTED_EDGE('',*,*,#4043,.T.);
#2066=ORIENTED_EDGE('',*,*,#4044,.T.);
#2067=ORIENTED_EDGE('',*,*,#4040,.F.);
#2068=ORIENTED_EDGE('',*,*,#4045,.F.);
#2069=ORIENTED_EDGE('',*,*,#4046,.T.);
#2070=ORIENTED_EDGE('',*,*,#4039,.T.);
#2071=ORIENTED_EDGE('',*,*,#4047,.F.);
#2072=ORIENTED_EDGE('',*,*,#4043,.F.);
#2073=ORIENTED_EDGE('',*,*,#4048,.T.);
#2074=ORIENTED_EDGE('',*,*,#4049,.T.);
#2075=ORIENTED_EDGE('',*,*,#4050,.F.);
#2076=ORIENTED_EDGE('',*,*,#4051,.F.);
#2077=ORIENTED_EDGE('',*,*,#4052,.T.);
#2078=ORIENTED_EDGE('',*,*,#4053,.T.);
#2079=ORIENTED_EDGE('',*,*,#4049,.F.);
#2080=ORIENTED_EDGE('',*,*,#4054,.F.);
#2081=ORIENTED_EDGE('',*,*,#4055,.T.);
#2082=ORIENTED_EDGE('',*,*,#4056,.T.);
#2083=ORIENTED_EDGE('',*,*,#4052,.F.);
#2084=ORIENTED_EDGE('',*,*,#4057,.F.);
#2085=ORIENTED_EDGE('',*,*,#4058,.T.);
#2086=ORIENTED_EDGE('',*,*,#4051,.T.);
#2087=ORIENTED_EDGE('',*,*,#4059,.F.);
#2088=ORIENTED_EDGE('',*,*,#4055,.F.);
#2089=ORIENTED_EDGE('',*,*,#4060,.T.);
#2090=ORIENTED_EDGE('',*,*,#4061,.T.);
#2091=ORIENTED_EDGE('',*,*,#4062,.F.);
#2092=ORIENTED_EDGE('',*,*,#4063,.F.);
#2093=ORIENTED_EDGE('',*,*,#4064,.T.);
#2094=ORIENTED_EDGE('',*,*,#4065,.T.);
#2095=ORIENTED_EDGE('',*,*,#4061,.F.);
#2096=ORIENTED_EDGE('',*,*,#4066,.F.);
#2097=ORIENTED_EDGE('',*,*,#4067,.T.);
#2098=ORIENTED_EDGE('',*,*,#4068,.T.);
#2099=ORIENTED_EDGE('',*,*,#4064,.F.);
#2100=ORIENTED_EDGE('',*,*,#4069,.F.);
#2101=ORIENTED_EDGE('',*,*,#4070,.T.);
#2102=ORIENTED_EDGE('',*,*,#4063,.T.);
#2103=ORIENTED_EDGE('',*,*,#4071,.F.);
#2104=ORIENTED_EDGE('',*,*,#4067,.F.);
#2105=ORIENTED_EDGE('',*,*,#4072,.T.);
#2106=ORIENTED_EDGE('',*,*,#4073,.T.);
#2107=ORIENTED_EDGE('',*,*,#4074,.F.);
#2108=ORIENTED_EDGE('',*,*,#4075,.F.);
#2109=ORIENTED_EDGE('',*,*,#4076,.T.);
#2110=ORIENTED_EDGE('',*,*,#4077,.T.);
#2111=ORIENTED_EDGE('',*,*,#4073,.F.);
#2112=ORIENTED_EDGE('',*,*,#4078,.F.);
#2113=ORIENTED_EDGE('',*,*,#4079,.T.);
#2114=ORIENTED_EDGE('',*,*,#4080,.T.);
#2115=ORIENTED_EDGE('',*,*,#4076,.F.);
#2116=ORIENTED_EDGE('',*,*,#4081,.F.);
#2117=ORIENTED_EDGE('',*,*,#4082,.T.);
#2118=ORIENTED_EDGE('',*,*,#4075,.T.);
#2119=ORIENTED_EDGE('',*,*,#4083,.F.);
#2120=ORIENTED_EDGE('',*,*,#4079,.F.);
#2121=ORIENTED_EDGE('',*,*,#4084,.T.);
#2122=ORIENTED_EDGE('',*,*,#4085,.T.);
#2123=ORIENTED_EDGE('',*,*,#4086,.F.);
#2124=ORIENTED_EDGE('',*,*,#4087,.F.);
#2125=ORIENTED_EDGE('',*,*,#4088,.T.);
#2126=ORIENTED_EDGE('',*,*,#4089,.T.);
#2127=ORIENTED_EDGE('',*,*,#4085,.F.);
#2128=ORIENTED_EDGE('',*,*,#4090,.F.);
#2129=ORIENTED_EDGE('',*,*,#4091,.T.);
#2130=ORIENTED_EDGE('',*,*,#4092,.T.);
#2131=ORIENTED_EDGE('',*,*,#4088,.F.);
#2132=ORIENTED_EDGE('',*,*,#4093,.F.);
#2133=ORIENTED_EDGE('',*,*,#4094,.T.);
#2134=ORIENTED_EDGE('',*,*,#4087,.T.);
#2135=ORIENTED_EDGE('',*,*,#4095,.F.);
#2136=ORIENTED_EDGE('',*,*,#4091,.F.);
#2137=ORIENTED_EDGE('',*,*,#4096,.T.);
#2138=ORIENTED_EDGE('',*,*,#4097,.T.);
#2139=ORIENTED_EDGE('',*,*,#4098,.F.);
#2140=ORIENTED_EDGE('',*,*,#4099,.F.);
#2141=ORIENTED_EDGE('',*,*,#4100,.T.);
#2142=ORIENTED_EDGE('',*,*,#4101,.T.);
#2143=ORIENTED_EDGE('',*,*,#4097,.F.);
#2144=ORIENTED_EDGE('',*,*,#4102,.F.);
#2145=ORIENTED_EDGE('',*,*,#4103,.T.);
#2146=ORIENTED_EDGE('',*,*,#4104,.T.);
#2147=ORIENTED_EDGE('',*,*,#4100,.F.);
#2148=ORIENTED_EDGE('',*,*,#4105,.F.);
#2149=ORIENTED_EDGE('',*,*,#4106,.T.);
#2150=ORIENTED_EDGE('',*,*,#4099,.T.);
#2151=ORIENTED_EDGE('',*,*,#4107,.F.);
#2152=ORIENTED_EDGE('',*,*,#4103,.F.);
#2153=ORIENTED_EDGE('',*,*,#4108,.T.);
#2154=ORIENTED_EDGE('',*,*,#4109,.T.);
#2155=ORIENTED_EDGE('',*,*,#4110,.F.);
#2156=ORIENTED_EDGE('',*,*,#4111,.F.);
#2157=ORIENTED_EDGE('',*,*,#4112,.T.);
#2158=ORIENTED_EDGE('',*,*,#4113,.T.);
#2159=ORIENTED_EDGE('',*,*,#4109,.F.);
#2160=ORIENTED_EDGE('',*,*,#4114,.F.);
#2161=ORIENTED_EDGE('',*,*,#4115,.T.);
#2162=ORIENTED_EDGE('',*,*,#4116,.T.);
#2163=ORIENTED_EDGE('',*,*,#4112,.F.);
#2164=ORIENTED_EDGE('',*,*,#4117,.F.);
#2165=ORIENTED_EDGE('',*,*,#4118,.T.);
#2166=ORIENTED_EDGE('',*,*,#4111,.T.);
#2167=ORIENTED_EDGE('',*,*,#4119,.F.);
#2168=ORIENTED_EDGE('',*,*,#4115,.F.);
#2169=ORIENTED_EDGE('',*,*,#4120,.T.);
#2170=ORIENTED_EDGE('',*,*,#4121,.T.);
#2171=ORIENTED_EDGE('',*,*,#4122,.F.);
#2172=ORIENTED_EDGE('',*,*,#4123,.F.);
#2173=ORIENTED_EDGE('',*,*,#4124,.T.);
#2174=ORIENTED_EDGE('',*,*,#4125,.T.);
#2175=ORIENTED_EDGE('',*,*,#4121,.F.);
#2176=ORIENTED_EDGE('',*,*,#4126,.F.);
#2177=ORIENTED_EDGE('',*,*,#4127,.T.);
#2178=ORIENTED_EDGE('',*,*,#4128,.T.);
#2179=ORIENTED_EDGE('',*,*,#4124,.F.);
#2180=ORIENTED_EDGE('',*,*,#4129,.F.);
#2181=ORIENTED_EDGE('',*,*,#4130,.T.);
#2182=ORIENTED_EDGE('',*,*,#4123,.T.);
#2183=ORIENTED_EDGE('',*,*,#4131,.F.);
#2184=ORIENTED_EDGE('',*,*,#4127,.F.);
#2185=ORIENTED_EDGE('',*,*,#4132,.T.);
#2186=ORIENTED_EDGE('',*,*,#4133,.T.);
#2187=ORIENTED_EDGE('',*,*,#4134,.F.);
#2188=ORIENTED_EDGE('',*,*,#4135,.F.);
#2189=ORIENTED_EDGE('',*,*,#4136,.T.);
#2190=ORIENTED_EDGE('',*,*,#4137,.T.);
#2191=ORIENTED_EDGE('',*,*,#4133,.F.);
#2192=ORIENTED_EDGE('',*,*,#4138,.F.);
#2193=ORIENTED_EDGE('',*,*,#4139,.T.);
#2194=ORIENTED_EDGE('',*,*,#4140,.T.);
#2195=ORIENTED_EDGE('',*,*,#4136,.F.);
#2196=ORIENTED_EDGE('',*,*,#4141,.F.);
#2197=ORIENTED_EDGE('',*,*,#4142,.T.);
#2198=ORIENTED_EDGE('',*,*,#4135,.T.);
#2199=ORIENTED_EDGE('',*,*,#4143,.F.);
#2200=ORIENTED_EDGE('',*,*,#4139,.F.);
#2201=ORIENTED_EDGE('',*,*,#4144,.T.);
#2202=ORIENTED_EDGE('',*,*,#4145,.T.);
#2203=ORIENTED_EDGE('',*,*,#4146,.F.);
#2204=ORIENTED_EDGE('',*,*,#4147,.F.);
#2205=ORIENTED_EDGE('',*,*,#4148,.T.);
#2206=ORIENTED_EDGE('',*,*,#4149,.T.);
#2207=ORIENTED_EDGE('',*,*,#4145,.F.);
#2208=ORIENTED_EDGE('',*,*,#4150,.F.);
#2209=ORIENTED_EDGE('',*,*,#4151,.T.);
#2210=ORIENTED_EDGE('',*,*,#4152,.T.);
#2211=ORIENTED_EDGE('',*,*,#4148,.F.);
#2212=ORIENTED_EDGE('',*,*,#4153,.F.);
#2213=ORIENTED_EDGE('',*,*,#4154,.T.);
#2214=ORIENTED_EDGE('',*,*,#4147,.T.);
#2215=ORIENTED_EDGE('',*,*,#4155,.F.);
#2216=ORIENTED_EDGE('',*,*,#4151,.F.);
#2217=ORIENTED_EDGE('',*,*,#4156,.T.);
#2218=ORIENTED_EDGE('',*,*,#4157,.T.);
#2219=ORIENTED_EDGE('',*,*,#4158,.F.);
#2220=ORIENTED_EDGE('',*,*,#4159,.F.);
#2221=ORIENTED_EDGE('',*,*,#4160,.T.);
#2222=ORIENTED_EDGE('',*,*,#4161,.T.);
#2223=ORIENTED_EDGE('',*,*,#4157,.F.);
#2224=ORIENTED_EDGE('',*,*,#4162,.F.);
#2225=ORIENTED_EDGE('',*,*,#4163,.T.);
#2226=ORIENTED_EDGE('',*,*,#4164,.T.);
#2227=ORIENTED_EDGE('',*,*,#4160,.F.);
#2228=ORIENTED_EDGE('',*,*,#4165,.F.);
#2229=ORIENTED_EDGE('',*,*,#4166,.T.);
#2230=ORIENTED_EDGE('',*,*,#4159,.T.);
#2231=ORIENTED_EDGE('',*,*,#4167,.F.);
#2232=ORIENTED_EDGE('',*,*,#4163,.F.);
#2233=ORIENTED_EDGE('',*,*,#4168,.T.);
#2234=ORIENTED_EDGE('',*,*,#4169,.T.);
#2235=ORIENTED_EDGE('',*,*,#4170,.F.);
#2236=ORIENTED_EDGE('',*,*,#4171,.F.);
#2237=ORIENTED_EDGE('',*,*,#4172,.T.);
#2238=ORIENTED_EDGE('',*,*,#4173,.T.);
#2239=ORIENTED_EDGE('',*,*,#4169,.F.);
#2240=ORIENTED_EDGE('',*,*,#4174,.F.);
#2241=ORIENTED_EDGE('',*,*,#4175,.T.);
#2242=ORIENTED_EDGE('',*,*,#4176,.T.);
#2243=ORIENTED_EDGE('',*,*,#4172,.F.);
#2244=ORIENTED_EDGE('',*,*,#4177,.F.);
#2245=ORIENTED_EDGE('',*,*,#4178,.T.);
#2246=ORIENTED_EDGE('',*,*,#4171,.T.);
#2247=ORIENTED_EDGE('',*,*,#4179,.F.);
#2248=ORIENTED_EDGE('',*,*,#4175,.F.);
#2249=ORIENTED_EDGE('',*,*,#4180,.T.);
#2250=ORIENTED_EDGE('',*,*,#4181,.T.);
#2251=ORIENTED_EDGE('',*,*,#4182,.F.);
#2252=ORIENTED_EDGE('',*,*,#4183,.F.);
#2253=ORIENTED_EDGE('',*,*,#4184,.T.);
#2254=ORIENTED_EDGE('',*,*,#4185,.T.);
#2255=ORIENTED_EDGE('',*,*,#4181,.F.);
#2256=ORIENTED_EDGE('',*,*,#4186,.F.);
#2257=ORIENTED_EDGE('',*,*,#4187,.T.);
#2258=ORIENTED_EDGE('',*,*,#4188,.T.);
#2259=ORIENTED_EDGE('',*,*,#4184,.F.);
#2260=ORIENTED_EDGE('',*,*,#4189,.F.);
#2261=ORIENTED_EDGE('',*,*,#4190,.T.);
#2262=ORIENTED_EDGE('',*,*,#4183,.T.);
#2263=ORIENTED_EDGE('',*,*,#4191,.F.);
#2264=ORIENTED_EDGE('',*,*,#4187,.F.);
#2265=ORIENTED_EDGE('',*,*,#4192,.T.);
#2266=ORIENTED_EDGE('',*,*,#4193,.T.);
#2267=ORIENTED_EDGE('',*,*,#4194,.F.);
#2268=ORIENTED_EDGE('',*,*,#4195,.F.);
#2269=ORIENTED_EDGE('',*,*,#4196,.T.);
#2270=ORIENTED_EDGE('',*,*,#4197,.T.);
#2271=ORIENTED_EDGE('',*,*,#4193,.F.);
#2272=ORIENTED_EDGE('',*,*,#4198,.F.);
#2273=ORIENTED_EDGE('',*,*,#4199,.T.);
#2274=ORIENTED_EDGE('',*,*,#4200,.T.);
#2275=ORIENTED_EDGE('',*,*,#4196,.F.);
#2276=ORIENTED_EDGE('',*,*,#4201,.F.);
#2277=ORIENTED_EDGE('',*,*,#4202,.T.);
#2278=ORIENTED_EDGE('',*,*,#4195,.T.);
#2279=ORIENTED_EDGE('',*,*,#4203,.F.);
#2280=ORIENTED_EDGE('',*,*,#4199,.F.);
#2281=ORIENTED_EDGE('',*,*,#4204,.T.);
#2282=ORIENTED_EDGE('',*,*,#4205,.F.);
#2283=ORIENTED_EDGE('',*,*,#4206,.F.);
#2284=ORIENTED_EDGE('',*,*,#4207,.T.);
#2285=ORIENTED_EDGE('',*,*,#4208,.T.);
#2286=ORIENTED_EDGE('',*,*,#4209,.T.);
#2287=ORIENTED_EDGE('',*,*,#4210,.F.);
#2288=ORIENTED_EDGE('',*,*,#4211,.F.);
#2289=ORIENTED_EDGE('',*,*,#4212,.T.);
#2290=ORIENTED_EDGE('',*,*,#4213,.T.);
#2291=ORIENTED_EDGE('',*,*,#4209,.F.);
#2292=ORIENTED_EDGE('',*,*,#4214,.F.);
#2293=ORIENTED_EDGE('',*,*,#4215,.T.);
#2294=ORIENTED_EDGE('',*,*,#4216,.T.);
#2295=ORIENTED_EDGE('',*,*,#4212,.F.);
#2296=ORIENTED_EDGE('',*,*,#4217,.F.);
#2297=ORIENTED_EDGE('',*,*,#4218,.T.);
#2298=ORIENTED_EDGE('',*,*,#4211,.T.);
#2299=ORIENTED_EDGE('',*,*,#4219,.F.);
#2300=ORIENTED_EDGE('',*,*,#4215,.F.);
#2301=ORIENTED_EDGE('',*,*,#4220,.T.);
#2302=ORIENTED_EDGE('',*,*,#4221,.T.);
#2303=ORIENTED_EDGE('',*,*,#4222,.F.);
#2304=ORIENTED_EDGE('',*,*,#4223,.F.);
#2305=ORIENTED_EDGE('',*,*,#4224,.T.);
#2306=ORIENTED_EDGE('',*,*,#4225,.T.);
#2307=ORIENTED_EDGE('',*,*,#4221,.F.);
#2308=ORIENTED_EDGE('',*,*,#4226,.F.);
#2309=ORIENTED_EDGE('',*,*,#4227,.T.);
#2310=ORIENTED_EDGE('',*,*,#4228,.T.);
#2311=ORIENTED_EDGE('',*,*,#4224,.F.);
#2312=ORIENTED_EDGE('',*,*,#4229,.F.);
#2313=ORIENTED_EDGE('',*,*,#4230,.T.);
#2314=ORIENTED_EDGE('',*,*,#4223,.T.);
#2315=ORIENTED_EDGE('',*,*,#4231,.F.);
#2316=ORIENTED_EDGE('',*,*,#4227,.F.);
#2317=ORIENTED_EDGE('',*,*,#4232,.T.);
#2318=ORIENTED_EDGE('',*,*,#4233,.T.);
#2319=ORIENTED_EDGE('',*,*,#4234,.F.);
#2320=ORIENTED_EDGE('',*,*,#4235,.F.);
#2321=ORIENTED_EDGE('',*,*,#4236,.T.);
#2322=ORIENTED_EDGE('',*,*,#4237,.T.);
#2323=ORIENTED_EDGE('',*,*,#4233,.F.);
#2324=ORIENTED_EDGE('',*,*,#4238,.F.);
#2325=ORIENTED_EDGE('',*,*,#4239,.T.);
#2326=ORIENTED_EDGE('',*,*,#4240,.T.);
#2327=ORIENTED_EDGE('',*,*,#4236,.F.);
#2328=ORIENTED_EDGE('',*,*,#4241,.F.);
#2329=ORIENTED_EDGE('',*,*,#4242,.T.);
#2330=ORIENTED_EDGE('',*,*,#4235,.T.);
#2331=ORIENTED_EDGE('',*,*,#4243,.F.);
#2332=ORIENTED_EDGE('',*,*,#4239,.F.);
#2333=ORIENTED_EDGE('',*,*,#4244,.T.);
#2334=ORIENTED_EDGE('',*,*,#4245,.T.);
#2335=ORIENTED_EDGE('',*,*,#4246,.F.);
#2336=ORIENTED_EDGE('',*,*,#4247,.F.);
#2337=ORIENTED_EDGE('',*,*,#4248,.T.);
#2338=ORIENTED_EDGE('',*,*,#4249,.T.);
#2339=ORIENTED_EDGE('',*,*,#4245,.F.);
#2340=ORIENTED_EDGE('',*,*,#4250,.F.);
#2341=ORIENTED_EDGE('',*,*,#4251,.T.);
#2342=ORIENTED_EDGE('',*,*,#4252,.T.);
#2343=ORIENTED_EDGE('',*,*,#4248,.F.);
#2344=ORIENTED_EDGE('',*,*,#4253,.F.);
#2345=ORIENTED_EDGE('',*,*,#4254,.T.);
#2346=ORIENTED_EDGE('',*,*,#4247,.T.);
#2347=ORIENTED_EDGE('',*,*,#4255,.F.);
#2348=ORIENTED_EDGE('',*,*,#4251,.F.);
#2349=ORIENTED_EDGE('',*,*,#4256,.T.);
#2350=ORIENTED_EDGE('',*,*,#4257,.T.);
#2351=ORIENTED_EDGE('',*,*,#4258,.F.);
#2352=ORIENTED_EDGE('',*,*,#4259,.F.);
#2353=ORIENTED_EDGE('',*,*,#4260,.T.);
#2354=ORIENTED_EDGE('',*,*,#4261,.T.);
#2355=ORIENTED_EDGE('',*,*,#4257,.F.);
#2356=ORIENTED_EDGE('',*,*,#4262,.F.);
#2357=ORIENTED_EDGE('',*,*,#4263,.T.);
#2358=ORIENTED_EDGE('',*,*,#4264,.T.);
#2359=ORIENTED_EDGE('',*,*,#4260,.F.);
#2360=ORIENTED_EDGE('',*,*,#4265,.F.);
#2361=ORIENTED_EDGE('',*,*,#4266,.T.);
#2362=ORIENTED_EDGE('',*,*,#4259,.T.);
#2363=ORIENTED_EDGE('',*,*,#4267,.F.);
#2364=ORIENTED_EDGE('',*,*,#4263,.F.);
#2365=ORIENTED_EDGE('',*,*,#4268,.T.);
#2366=ORIENTED_EDGE('',*,*,#4269,.T.);
#2367=ORIENTED_EDGE('',*,*,#4270,.F.);
#2368=ORIENTED_EDGE('',*,*,#4271,.F.);
#2369=ORIENTED_EDGE('',*,*,#4272,.T.);
#2370=ORIENTED_EDGE('',*,*,#4273,.T.);
#2371=ORIENTED_EDGE('',*,*,#4269,.F.);
#2372=ORIENTED_EDGE('',*,*,#4274,.F.);
#2373=ORIENTED_EDGE('',*,*,#4275,.T.);
#2374=ORIENTED_EDGE('',*,*,#4276,.T.);
#2375=ORIENTED_EDGE('',*,*,#4272,.F.);
#2376=ORIENTED_EDGE('',*,*,#4277,.F.);
#2377=ORIENTED_EDGE('',*,*,#4278,.T.);
#2378=ORIENTED_EDGE('',*,*,#4271,.T.);
#2379=ORIENTED_EDGE('',*,*,#4279,.F.);
#2380=ORIENTED_EDGE('',*,*,#4275,.F.);
#2381=ORIENTED_EDGE('',*,*,#4280,.T.);
#2382=ORIENTED_EDGE('',*,*,#4281,.F.);
#2383=ORIENTED_EDGE('',*,*,#4282,.T.);
#2384=ORIENTED_EDGE('',*,*,#4283,.F.);
#2385=ORIENTED_EDGE('',*,*,#4284,.T.);
#2386=ORIENTED_EDGE('',*,*,#4207,.F.);
#2387=ORIENTED_EDGE('',*,*,#4285,.F.);
#2388=ORIENTED_EDGE('',*,*,#4286,.T.);
#2389=ORIENTED_EDGE('',*,*,#4287,.T.);
#2390=ORIENTED_EDGE('',*,*,#4288,.F.);
#2391=ORIENTED_EDGE('',*,*,#4289,.F.);
#2392=ORIENTED_EDGE('',*,*,#4205,.T.);
#2393=ORIENTED_EDGE('',*,*,#4290,.T.);
#2394=ORIENTED_EDGE('',*,*,#4291,.T.);
#2395=ORIENTED_EDGE('',*,*,#4292,.F.);
#2396=ORIENTED_EDGE('',*,*,#4293,.F.);
#2397=ORIENTED_EDGE('',*,*,#4294,.T.);
#2398=ORIENTED_EDGE('',*,*,#4295,.T.);
#2399=ORIENTED_EDGE('',*,*,#4296,.F.);
#2400=ORIENTED_EDGE('',*,*,#4297,.F.);
#2401=ORIENTED_EDGE('',*,*,#4298,.T.);
#2402=ORIENTED_EDGE('',*,*,#4299,.T.);
#2403=ORIENTED_EDGE('',*,*,#4300,.F.);
#2404=ORIENTED_EDGE('',*,*,#4301,.F.);
#2405=ORIENTED_EDGE('',*,*,#4302,.T.);
#2406=ORIENTED_EDGE('',*,*,#4303,.T.);
#2407=ORIENTED_EDGE('',*,*,#4304,.F.);
#2408=ORIENTED_EDGE('',*,*,#4305,.F.);
#2409=ORIENTED_EDGE('',*,*,#4306,.T.);
#2410=ORIENTED_EDGE('',*,*,#4307,.T.);
#2411=ORIENTED_EDGE('',*,*,#4308,.F.);
#2412=ORIENTED_EDGE('',*,*,#4309,.F.);
#2413=ORIENTED_EDGE('',*,*,#4310,.T.);
#2414=ORIENTED_EDGE('',*,*,#4311,.T.);
#2415=ORIENTED_EDGE('',*,*,#4312,.F.);
#2416=ORIENTED_EDGE('',*,*,#4313,.F.);
#2417=ORIENTED_EDGE('',*,*,#4314,.F.);
#2418=ORIENTED_EDGE('',*,*,#4315,.T.);
#2419=ORIENTED_EDGE('',*,*,#4288,.T.);
#2420=ORIENTED_EDGE('',*,*,#4316,.F.);
#2421=ORIENTED_EDGE('',*,*,#4317,.T.);
#2422=ORIENTED_EDGE('',*,*,#4318,.T.);
#2423=ORIENTED_EDGE('',*,*,#4319,.F.);
#2424=ORIENTED_EDGE('',*,*,#4312,.T.);
#2425=ORIENTED_EDGE('',*,*,#4320,.F.);
#2426=ORIENTED_EDGE('',*,*,#4321,.F.);
#2427=ORIENTED_EDGE('',*,*,#4310,.F.);
#2428=ORIENTED_EDGE('',*,*,#4322,.T.);
#2429=ORIENTED_EDGE('',*,*,#4323,.T.);
#2430=ORIENTED_EDGE('',*,*,#4324,.T.);
#2431=ORIENTED_EDGE('',*,*,#4325,.F.);
#2432=ORIENTED_EDGE('',*,*,#4308,.T.);
#2433=ORIENTED_EDGE('',*,*,#4326,.F.);
#2434=ORIENTED_EDGE('',*,*,#4327,.F.);
#2435=ORIENTED_EDGE('',*,*,#4306,.F.);
#2436=ORIENTED_EDGE('',*,*,#4328,.T.);
#2437=ORIENTED_EDGE('',*,*,#4329,.T.);
#2438=ORIENTED_EDGE('',*,*,#4330,.T.);
#2439=ORIENTED_EDGE('',*,*,#4331,.F.);
#2440=ORIENTED_EDGE('',*,*,#4304,.T.);
#2441=ORIENTED_EDGE('',*,*,#4332,.F.);
#2442=ORIENTED_EDGE('',*,*,#4333,.F.);
#2443=ORIENTED_EDGE('',*,*,#4302,.F.);
#2444=ORIENTED_EDGE('',*,*,#4334,.T.);
#2445=ORIENTED_EDGE('',*,*,#4335,.T.);
#2446=ORIENTED_EDGE('',*,*,#4336,.T.);
#2447=ORIENTED_EDGE('',*,*,#4337,.F.);
#2448=ORIENTED_EDGE('',*,*,#4292,.T.);
#2449=ORIENTED_EDGE('',*,*,#4338,.F.);
#2450=ORIENTED_EDGE('',*,*,#4339,.F.);
#2451=ORIENTED_EDGE('',*,*,#4290,.F.);
#2452=ORIENTED_EDGE('',*,*,#4340,.T.);
#2453=ORIENTED_EDGE('',*,*,#4341,.T.);
#2454=ORIENTED_EDGE('',*,*,#4342,.T.);
#2455=ORIENTED_EDGE('',*,*,#4343,.F.);
#2456=ORIENTED_EDGE('',*,*,#4296,.T.);
#2457=ORIENTED_EDGE('',*,*,#4344,.F.);
#2458=ORIENTED_EDGE('',*,*,#4345,.F.);
#2459=ORIENTED_EDGE('',*,*,#4294,.F.);
#2460=ORIENTED_EDGE('',*,*,#4346,.T.);
#2461=ORIENTED_EDGE('',*,*,#4347,.T.);
#2462=ORIENTED_EDGE('',*,*,#4348,.T.);
#2463=ORIENTED_EDGE('',*,*,#4349,.F.);
#2464=ORIENTED_EDGE('',*,*,#4300,.T.);
#2465=ORIENTED_EDGE('',*,*,#4350,.F.);
#2466=ORIENTED_EDGE('',*,*,#4351,.F.);
#2467=ORIENTED_EDGE('',*,*,#4298,.F.);
#2468=ORIENTED_EDGE('',*,*,#4352,.T.);
#2469=ORIENTED_EDGE('',*,*,#4353,.F.);
#2470=ORIENTED_EDGE('',*,*,#4354,.T.);
#2471=ORIENTED_EDGE('',*,*,#4355,.T.);
#2472=ORIENTED_EDGE('',*,*,#4286,.F.);
#2473=ORIENTED_EDGE('',*,*,#4283,.T.);
#2474=ORIENTED_EDGE('',*,*,#4281,.T.);
#2475=ORIENTED_EDGE('',*,*,#4278,.F.);
#2476=ORIENTED_EDGE('',*,*,#4277,.T.);
#2477=ORIENTED_EDGE('',*,*,#4274,.T.);
#2478=ORIENTED_EDGE('',*,*,#4268,.F.);
#2479=ORIENTED_EDGE('',*,*,#4266,.F.);
#2480=ORIENTED_EDGE('',*,*,#4265,.T.);
#2481=ORIENTED_EDGE('',*,*,#4262,.T.);
#2482=ORIENTED_EDGE('',*,*,#4256,.F.);
#2483=ORIENTED_EDGE('',*,*,#4254,.F.);
#2484=ORIENTED_EDGE('',*,*,#4253,.T.);
#2485=ORIENTED_EDGE('',*,*,#4250,.T.);
#2486=ORIENTED_EDGE('',*,*,#4244,.F.);
#2487=ORIENTED_EDGE('',*,*,#4242,.F.);
#2488=ORIENTED_EDGE('',*,*,#4241,.T.);
#2489=ORIENTED_EDGE('',*,*,#4238,.T.);
#2490=ORIENTED_EDGE('',*,*,#4232,.F.);
#2491=ORIENTED_EDGE('',*,*,#4230,.F.);
#2492=ORIENTED_EDGE('',*,*,#4229,.T.);
#2493=ORIENTED_EDGE('',*,*,#4226,.T.);
#2494=ORIENTED_EDGE('',*,*,#4220,.F.);
#2495=ORIENTED_EDGE('',*,*,#4218,.F.);
#2496=ORIENTED_EDGE('',*,*,#4217,.T.);
#2497=ORIENTED_EDGE('',*,*,#4214,.T.);
#2498=ORIENTED_EDGE('',*,*,#4208,.F.);
#2499=ORIENTED_EDGE('',*,*,#4355,.F.);
#2500=ORIENTED_EDGE('',*,*,#4356,.T.);
#2501=ORIENTED_EDGE('',*,*,#4352,.F.);
#2502=ORIENTED_EDGE('',*,*,#4301,.T.);
#2503=ORIENTED_EDGE('',*,*,#4349,.T.);
#2504=ORIENTED_EDGE('',*,*,#4357,.T.);
#2505=ORIENTED_EDGE('',*,*,#4346,.F.);
#2506=ORIENTED_EDGE('',*,*,#4297,.T.);
#2507=ORIENTED_EDGE('',*,*,#4343,.T.);
#2508=ORIENTED_EDGE('',*,*,#4358,.T.);
#2509=ORIENTED_EDGE('',*,*,#4340,.F.);
#2510=ORIENTED_EDGE('',*,*,#4293,.T.);
#2511=ORIENTED_EDGE('',*,*,#4337,.T.);
#2512=ORIENTED_EDGE('',*,*,#4359,.T.);
#2513=ORIENTED_EDGE('',*,*,#4334,.F.);
#2514=ORIENTED_EDGE('',*,*,#4305,.T.);
#2515=ORIENTED_EDGE('',*,*,#4331,.T.);
#2516=ORIENTED_EDGE('',*,*,#4360,.T.);
#2517=ORIENTED_EDGE('',*,*,#4328,.F.);
#2518=ORIENTED_EDGE('',*,*,#4309,.T.);
#2519=ORIENTED_EDGE('',*,*,#4325,.T.);
#2520=ORIENTED_EDGE('',*,*,#4361,.T.);
#2521=ORIENTED_EDGE('',*,*,#4322,.F.);
#2522=ORIENTED_EDGE('',*,*,#4313,.T.);
#2523=ORIENTED_EDGE('',*,*,#4319,.T.);
#2524=ORIENTED_EDGE('',*,*,#4362,.T.);
#2525=ORIENTED_EDGE('',*,*,#4316,.T.);
#2526=ORIENTED_EDGE('',*,*,#4287,.F.);
#2527=ORIENTED_EDGE('',*,*,#4204,.F.);
#2528=ORIENTED_EDGE('',*,*,#4284,.F.);
#2529=ORIENTED_EDGE('',*,*,#4202,.F.);
#2530=ORIENTED_EDGE('',*,*,#4201,.T.);
#2531=ORIENTED_EDGE('',*,*,#4198,.T.);
#2532=ORIENTED_EDGE('',*,*,#4192,.F.);
#2533=ORIENTED_EDGE('',*,*,#4190,.F.);
#2534=ORIENTED_EDGE('',*,*,#4189,.T.);
#2535=ORIENTED_EDGE('',*,*,#4186,.T.);
#2536=ORIENTED_EDGE('',*,*,#4180,.F.);
#2537=ORIENTED_EDGE('',*,*,#4178,.F.);
#2538=ORIENTED_EDGE('',*,*,#4177,.T.);
#2539=ORIENTED_EDGE('',*,*,#4174,.T.);
#2540=ORIENTED_EDGE('',*,*,#4168,.F.);
#2541=ORIENTED_EDGE('',*,*,#4166,.F.);
#2542=ORIENTED_EDGE('',*,*,#4165,.T.);
#2543=ORIENTED_EDGE('',*,*,#4162,.T.);
#2544=ORIENTED_EDGE('',*,*,#4156,.F.);
#2545=ORIENTED_EDGE('',*,*,#4154,.F.);
#2546=ORIENTED_EDGE('',*,*,#4153,.T.);
#2547=ORIENTED_EDGE('',*,*,#4150,.T.);
#2548=ORIENTED_EDGE('',*,*,#4144,.F.);
#2549=ORIENTED_EDGE('',*,*,#4142,.F.);
#2550=ORIENTED_EDGE('',*,*,#4141,.T.);
#2551=ORIENTED_EDGE('',*,*,#4138,.T.);
#2552=ORIENTED_EDGE('',*,*,#4132,.F.);
#2553=ORIENTED_EDGE('',*,*,#4130,.F.);
#2554=ORIENTED_EDGE('',*,*,#4129,.T.);
#2555=ORIENTED_EDGE('',*,*,#4126,.T.);
#2556=ORIENTED_EDGE('',*,*,#4120,.F.);
#2557=ORIENTED_EDGE('',*,*,#4118,.F.);
#2558=ORIENTED_EDGE('',*,*,#4117,.T.);
#2559=ORIENTED_EDGE('',*,*,#4114,.T.);
#2560=ORIENTED_EDGE('',*,*,#4108,.F.);
#2561=ORIENTED_EDGE('',*,*,#4106,.F.);
#2562=ORIENTED_EDGE('',*,*,#4105,.T.);
#2563=ORIENTED_EDGE('',*,*,#4102,.T.);
#2564=ORIENTED_EDGE('',*,*,#4096,.F.);
#2565=ORIENTED_EDGE('',*,*,#4094,.F.);
#2566=ORIENTED_EDGE('',*,*,#4093,.T.);
#2567=ORIENTED_EDGE('',*,*,#4090,.T.);
#2568=ORIENTED_EDGE('',*,*,#4084,.F.);
#2569=ORIENTED_EDGE('',*,*,#4082,.F.);
#2570=ORIENTED_EDGE('',*,*,#4081,.T.);
#2571=ORIENTED_EDGE('',*,*,#4078,.T.);
#2572=ORIENTED_EDGE('',*,*,#4072,.F.);
#2573=ORIENTED_EDGE('',*,*,#4070,.F.);
#2574=ORIENTED_EDGE('',*,*,#4069,.T.);
#2575=ORIENTED_EDGE('',*,*,#4066,.T.);
#2576=ORIENTED_EDGE('',*,*,#4060,.F.);
#2577=ORIENTED_EDGE('',*,*,#4058,.F.);
#2578=ORIENTED_EDGE('',*,*,#4057,.T.);
#2579=ORIENTED_EDGE('',*,*,#4054,.T.);
#2580=ORIENTED_EDGE('',*,*,#4048,.F.);
#2581=ORIENTED_EDGE('',*,*,#4046,.F.);
#2582=ORIENTED_EDGE('',*,*,#4045,.T.);
#2583=ORIENTED_EDGE('',*,*,#4042,.T.);
#2584=ORIENTED_EDGE('',*,*,#4036,.F.);
#2585=ORIENTED_EDGE('',*,*,#4034,.F.);
#2586=ORIENTED_EDGE('',*,*,#4033,.T.);
#2587=ORIENTED_EDGE('',*,*,#4030,.T.);
#2588=ORIENTED_EDGE('',*,*,#4024,.F.);
#2589=ORIENTED_EDGE('',*,*,#4022,.F.);
#2590=ORIENTED_EDGE('',*,*,#4021,.T.);
#2591=ORIENTED_EDGE('',*,*,#4018,.T.);
#2592=ORIENTED_EDGE('',*,*,#4012,.F.);
#2593=ORIENTED_EDGE('',*,*,#4010,.F.);
#2594=ORIENTED_EDGE('',*,*,#4009,.T.);
#2595=ORIENTED_EDGE('',*,*,#4006,.T.);
#2596=ORIENTED_EDGE('',*,*,#4000,.F.);
#2597=ORIENTED_EDGE('',*,*,#3998,.F.);
#2598=ORIENTED_EDGE('',*,*,#3997,.T.);
#2599=ORIENTED_EDGE('',*,*,#3994,.T.);
#2600=ORIENTED_EDGE('',*,*,#3988,.F.);
#2601=ORIENTED_EDGE('',*,*,#3986,.F.);
#2602=ORIENTED_EDGE('',*,*,#3985,.T.);
#2603=ORIENTED_EDGE('',*,*,#3982,.T.);
#2604=ORIENTED_EDGE('',*,*,#3976,.F.);
#2605=ORIENTED_EDGE('',*,*,#3974,.F.);
#2606=ORIENTED_EDGE('',*,*,#3973,.T.);
#2607=ORIENTED_EDGE('',*,*,#3970,.T.);
#2608=ORIENTED_EDGE('',*,*,#3964,.F.);
#2609=ORIENTED_EDGE('',*,*,#3962,.F.);
#2610=ORIENTED_EDGE('',*,*,#3961,.T.);
#2611=ORIENTED_EDGE('',*,*,#3958,.T.);
#2612=ORIENTED_EDGE('',*,*,#3952,.F.);
#2613=ORIENTED_EDGE('',*,*,#3950,.F.);
#2614=ORIENTED_EDGE('',*,*,#3949,.T.);
#2615=ORIENTED_EDGE('',*,*,#3946,.T.);
#2616=ORIENTED_EDGE('',*,*,#3940,.F.);
#2617=ORIENTED_EDGE('',*,*,#3938,.F.);
#2618=ORIENTED_EDGE('',*,*,#3937,.T.);
#2619=ORIENTED_EDGE('',*,*,#3934,.T.);
#2620=ORIENTED_EDGE('',*,*,#3928,.F.);
#2621=ORIENTED_EDGE('',*,*,#3926,.F.);
#2622=ORIENTED_EDGE('',*,*,#3925,.T.);
#2623=ORIENTED_EDGE('',*,*,#3922,.T.);
#2624=ORIENTED_EDGE('',*,*,#3916,.F.);
#2625=ORIENTED_EDGE('',*,*,#3914,.F.);
#2626=ORIENTED_EDGE('',*,*,#3913,.T.);
#2627=ORIENTED_EDGE('',*,*,#3910,.T.);
#2628=ORIENTED_EDGE('',*,*,#3904,.F.);
#2629=ORIENTED_EDGE('',*,*,#3902,.F.);
#2630=ORIENTED_EDGE('',*,*,#3901,.T.);
#2631=ORIENTED_EDGE('',*,*,#3898,.T.);
#2632=ORIENTED_EDGE('',*,*,#3892,.F.);
#2633=ORIENTED_EDGE('',*,*,#3890,.F.);
#2634=ORIENTED_EDGE('',*,*,#3889,.T.);
#2635=ORIENTED_EDGE('',*,*,#3886,.T.);
#2636=ORIENTED_EDGE('',*,*,#3880,.F.);
#2637=ORIENTED_EDGE('',*,*,#3878,.F.);
#2638=ORIENTED_EDGE('',*,*,#3877,.T.);
#2639=ORIENTED_EDGE('',*,*,#3874,.T.);
#2640=ORIENTED_EDGE('',*,*,#3868,.F.);
#2641=ORIENTED_EDGE('',*,*,#3866,.F.);
#2642=ORIENTED_EDGE('',*,*,#3865,.T.);
#2643=ORIENTED_EDGE('',*,*,#3862,.T.);
#2644=ORIENTED_EDGE('',*,*,#3856,.F.);
#2645=ORIENTED_EDGE('',*,*,#3854,.F.);
#2646=ORIENTED_EDGE('',*,*,#3853,.T.);
#2647=ORIENTED_EDGE('',*,*,#3850,.T.);
#2648=ORIENTED_EDGE('',*,*,#3844,.F.);
#2649=ORIENTED_EDGE('',*,*,#3842,.F.);
#2650=ORIENTED_EDGE('',*,*,#3841,.T.);
#2651=ORIENTED_EDGE('',*,*,#3838,.T.);
#2652=ORIENTED_EDGE('',*,*,#3832,.F.);
#2653=ORIENTED_EDGE('',*,*,#3830,.F.);
#2654=ORIENTED_EDGE('',*,*,#3829,.T.);
#2655=ORIENTED_EDGE('',*,*,#3826,.T.);
#2656=ORIENTED_EDGE('',*,*,#3820,.F.);
#2657=ORIENTED_EDGE('',*,*,#3818,.F.);
#2658=ORIENTED_EDGE('',*,*,#3817,.T.);
#2659=ORIENTED_EDGE('',*,*,#3814,.T.);
#2660=ORIENTED_EDGE('',*,*,#3808,.F.);
#2661=ORIENTED_EDGE('',*,*,#3806,.F.);
#2662=ORIENTED_EDGE('',*,*,#3805,.T.);
#2663=ORIENTED_EDGE('',*,*,#3802,.T.);
#2664=ORIENTED_EDGE('',*,*,#3796,.F.);
#2665=ORIENTED_EDGE('',*,*,#3794,.F.);
#2666=ORIENTED_EDGE('',*,*,#3793,.T.);
#2667=ORIENTED_EDGE('',*,*,#3790,.T.);
#2668=ORIENTED_EDGE('',*,*,#3784,.F.);
#2669=ORIENTED_EDGE('',*,*,#3782,.F.);
#2670=ORIENTED_EDGE('',*,*,#3781,.T.);
#2671=ORIENTED_EDGE('',*,*,#3778,.T.);
#2672=ORIENTED_EDGE('',*,*,#3772,.F.);
#2673=ORIENTED_EDGE('',*,*,#3770,.F.);
#2674=ORIENTED_EDGE('',*,*,#3769,.T.);
#2675=ORIENTED_EDGE('',*,*,#3766,.T.);
#2676=ORIENTED_EDGE('',*,*,#3760,.F.);
#2677=ORIENTED_EDGE('',*,*,#3758,.F.);
#2678=ORIENTED_EDGE('',*,*,#3757,.T.);
#2679=ORIENTED_EDGE('',*,*,#3754,.T.);
#2680=ORIENTED_EDGE('',*,*,#3748,.F.);
#2681=ORIENTED_EDGE('',*,*,#3746,.F.);
#2682=ORIENTED_EDGE('',*,*,#3745,.T.);
#2683=ORIENTED_EDGE('',*,*,#3742,.T.);
#2684=ORIENTED_EDGE('',*,*,#3736,.F.);
#2685=ORIENTED_EDGE('',*,*,#3734,.F.);
#2686=ORIENTED_EDGE('',*,*,#3733,.T.);
#2687=ORIENTED_EDGE('',*,*,#3730,.T.);
#2688=ORIENTED_EDGE('',*,*,#3724,.F.);
#2689=ORIENTED_EDGE('',*,*,#3722,.F.);
#2690=ORIENTED_EDGE('',*,*,#3721,.T.);
#2691=ORIENTED_EDGE('',*,*,#3718,.T.);
#2692=ORIENTED_EDGE('',*,*,#3712,.F.);
#2693=ORIENTED_EDGE('',*,*,#3710,.F.);
#2694=ORIENTED_EDGE('',*,*,#3709,.T.);
#2695=ORIENTED_EDGE('',*,*,#3706,.T.);
#2696=ORIENTED_EDGE('',*,*,#3700,.F.);
#2697=ORIENTED_EDGE('',*,*,#3698,.F.);
#2698=ORIENTED_EDGE('',*,*,#3697,.T.);
#2699=ORIENTED_EDGE('',*,*,#3694,.T.);
#2700=ORIENTED_EDGE('',*,*,#3688,.F.);
#2701=ORIENTED_EDGE('',*,*,#4363,.F.);
#2702=ORIENTED_EDGE('',*,*,#4353,.T.);
#2703=ORIENTED_EDGE('',*,*,#4285,.T.);
#2704=ORIENTED_EDGE('',*,*,#4206,.T.);
#2705=ORIENTED_EDGE('',*,*,#4289,.T.);
#2706=ORIENTED_EDGE('',*,*,#4315,.F.);
#2707=ORIENTED_EDGE('',*,*,#4364,.F.);
#2708=ORIENTED_EDGE('',*,*,#4317,.F.);
#2709=ORIENTED_EDGE('',*,*,#4311,.F.);
#2710=ORIENTED_EDGE('',*,*,#4321,.T.);
#2711=ORIENTED_EDGE('',*,*,#4365,.F.);
#2712=ORIENTED_EDGE('',*,*,#4323,.F.);
#2713=ORIENTED_EDGE('',*,*,#4307,.F.);
#2714=ORIENTED_EDGE('',*,*,#4327,.T.);
#2715=ORIENTED_EDGE('',*,*,#4366,.F.);
#2716=ORIENTED_EDGE('',*,*,#4329,.F.);
#2717=ORIENTED_EDGE('',*,*,#4303,.F.);
#2718=ORIENTED_EDGE('',*,*,#4333,.T.);
#2719=ORIENTED_EDGE('',*,*,#4367,.F.);
#2720=ORIENTED_EDGE('',*,*,#4335,.F.);
#2721=ORIENTED_EDGE('',*,*,#4291,.F.);
#2722=ORIENTED_EDGE('',*,*,#4339,.T.);
#2723=ORIENTED_EDGE('',*,*,#4368,.F.);
#2724=ORIENTED_EDGE('',*,*,#4341,.F.);
#2725=ORIENTED_EDGE('',*,*,#4295,.F.);
#2726=ORIENTED_EDGE('',*,*,#4345,.T.);
#2727=ORIENTED_EDGE('',*,*,#4369,.F.);
#2728=ORIENTED_EDGE('',*,*,#4347,.F.);
#2729=ORIENTED_EDGE('',*,*,#4299,.F.);
#2730=ORIENTED_EDGE('',*,*,#4351,.T.);
#2731=ORIENTED_EDGE('',*,*,#4282,.F.);
#2732=ORIENTED_EDGE('',*,*,#4280,.F.);
#2733=ORIENTED_EDGE('',*,*,#4276,.F.);
#2734=ORIENTED_EDGE('',*,*,#4279,.T.);
#2735=ORIENTED_EDGE('',*,*,#4270,.T.);
#2736=ORIENTED_EDGE('',*,*,#4273,.F.);
#2737=ORIENTED_EDGE('',*,*,#3972,.F.);
#2738=ORIENTED_EDGE('',*,*,#3975,.T.);
#2739=ORIENTED_EDGE('',*,*,#3966,.T.);
#2740=ORIENTED_EDGE('',*,*,#3969,.F.);
#2741=ORIENTED_EDGE('',*,*,#3984,.F.);
#2742=ORIENTED_EDGE('',*,*,#3987,.T.);
#2743=ORIENTED_EDGE('',*,*,#3978,.T.);
#2744=ORIENTED_EDGE('',*,*,#3981,.F.);
#2745=ORIENTED_EDGE('',*,*,#3960,.F.);
#2746=ORIENTED_EDGE('',*,*,#3963,.T.);
#2747=ORIENTED_EDGE('',*,*,#3954,.T.);
#2748=ORIENTED_EDGE('',*,*,#3957,.F.);
#2749=ORIENTED_EDGE('',*,*,#3996,.F.);
#2750=ORIENTED_EDGE('',*,*,#3999,.T.);
#2751=ORIENTED_EDGE('',*,*,#3990,.T.);
#2752=ORIENTED_EDGE('',*,*,#3993,.F.);
#2753=ORIENTED_EDGE('',*,*,#3948,.F.);
#2754=ORIENTED_EDGE('',*,*,#3951,.T.);
#2755=ORIENTED_EDGE('',*,*,#3942,.T.);
#2756=ORIENTED_EDGE('',*,*,#3945,.F.);
#2757=ORIENTED_EDGE('',*,*,#4008,.F.);
#2758=ORIENTED_EDGE('',*,*,#4011,.T.);
#2759=ORIENTED_EDGE('',*,*,#4002,.T.);
#2760=ORIENTED_EDGE('',*,*,#4005,.F.);
#2761=ORIENTED_EDGE('',*,*,#4020,.F.);
#2762=ORIENTED_EDGE('',*,*,#4023,.T.);
#2763=ORIENTED_EDGE('',*,*,#4014,.T.);
#2764=ORIENTED_EDGE('',*,*,#4017,.F.);
#2765=ORIENTED_EDGE('',*,*,#3936,.F.);
#2766=ORIENTED_EDGE('',*,*,#3939,.T.);
#2767=ORIENTED_EDGE('',*,*,#3930,.T.);
#2768=ORIENTED_EDGE('',*,*,#3933,.F.);
#2769=ORIENTED_EDGE('',*,*,#4032,.F.);
#2770=ORIENTED_EDGE('',*,*,#4035,.T.);
#2771=ORIENTED_EDGE('',*,*,#4026,.T.);
#2772=ORIENTED_EDGE('',*,*,#4029,.F.);
#2773=ORIENTED_EDGE('',*,*,#3924,.F.);
#2774=ORIENTED_EDGE('',*,*,#3927,.T.);
#2775=ORIENTED_EDGE('',*,*,#3918,.T.);
#2776=ORIENTED_EDGE('',*,*,#3921,.F.);
#2777=ORIENTED_EDGE('',*,*,#4044,.F.);
#2778=ORIENTED_EDGE('',*,*,#4047,.T.);
#2779=ORIENTED_EDGE('',*,*,#4038,.T.);
#2780=ORIENTED_EDGE('',*,*,#4041,.F.);
#2781=ORIENTED_EDGE('',*,*,#3912,.F.);
#2782=ORIENTED_EDGE('',*,*,#3915,.T.);
#2783=ORIENTED_EDGE('',*,*,#3906,.T.);
#2784=ORIENTED_EDGE('',*,*,#3909,.F.);
#2785=ORIENTED_EDGE('',*,*,#4056,.F.);
#2786=ORIENTED_EDGE('',*,*,#4059,.T.);
#2787=ORIENTED_EDGE('',*,*,#4050,.T.);
#2788=ORIENTED_EDGE('',*,*,#4053,.F.);
#2789=ORIENTED_EDGE('',*,*,#3900,.F.);
#2790=ORIENTED_EDGE('',*,*,#3903,.T.);
#2791=ORIENTED_EDGE('',*,*,#3894,.T.);
#2792=ORIENTED_EDGE('',*,*,#3897,.F.);
#2793=ORIENTED_EDGE('',*,*,#4068,.F.);
#2794=ORIENTED_EDGE('',*,*,#4071,.T.);
#2795=ORIENTED_EDGE('',*,*,#4062,.T.);
#2796=ORIENTED_EDGE('',*,*,#4065,.F.);
#2797=ORIENTED_EDGE('',*,*,#3888,.F.);
#2798=ORIENTED_EDGE('',*,*,#3891,.T.);
#2799=ORIENTED_EDGE('',*,*,#3882,.T.);
#2800=ORIENTED_EDGE('',*,*,#3885,.F.);
#2801=ORIENTED_EDGE('',*,*,#4080,.F.);
#2802=ORIENTED_EDGE('',*,*,#4083,.T.);
#2803=ORIENTED_EDGE('',*,*,#4074,.T.);
#2804=ORIENTED_EDGE('',*,*,#4077,.F.);
#2805=ORIENTED_EDGE('',*,*,#3876,.F.);
#2806=ORIENTED_EDGE('',*,*,#3879,.T.);
#2807=ORIENTED_EDGE('',*,*,#3870,.T.);
#2808=ORIENTED_EDGE('',*,*,#3873,.F.);
#2809=ORIENTED_EDGE('',*,*,#4092,.F.);
#2810=ORIENTED_EDGE('',*,*,#4095,.T.);
#2811=ORIENTED_EDGE('',*,*,#4086,.T.);
#2812=ORIENTED_EDGE('',*,*,#4089,.F.);
#2813=ORIENTED_EDGE('',*,*,#3864,.F.);
#2814=ORIENTED_EDGE('',*,*,#3867,.T.);
#2815=ORIENTED_EDGE('',*,*,#3858,.T.);
#2816=ORIENTED_EDGE('',*,*,#3861,.F.);
#2817=ORIENTED_EDGE('',*,*,#4104,.F.);
#2818=ORIENTED_EDGE('',*,*,#4107,.T.);
#2819=ORIENTED_EDGE('',*,*,#4098,.T.);
#2820=ORIENTED_EDGE('',*,*,#4101,.F.);
#2821=ORIENTED_EDGE('',*,*,#3852,.F.);
#2822=ORIENTED_EDGE('',*,*,#3855,.T.);
#2823=ORIENTED_EDGE('',*,*,#3846,.T.);
#2824=ORIENTED_EDGE('',*,*,#3849,.F.);
#2825=ORIENTED_EDGE('',*,*,#4116,.F.);
#2826=ORIENTED_EDGE('',*,*,#4119,.T.);
#2827=ORIENTED_EDGE('',*,*,#4110,.T.);
#2828=ORIENTED_EDGE('',*,*,#4113,.F.);
#2829=ORIENTED_EDGE('',*,*,#3840,.F.);
#2830=ORIENTED_EDGE('',*,*,#3843,.T.);
#2831=ORIENTED_EDGE('',*,*,#3834,.T.);
#2832=ORIENTED_EDGE('',*,*,#3837,.F.);
#2833=ORIENTED_EDGE('',*,*,#4128,.F.);
#2834=ORIENTED_EDGE('',*,*,#4131,.T.);
#2835=ORIENTED_EDGE('',*,*,#4122,.T.);
#2836=ORIENTED_EDGE('',*,*,#4125,.F.);
#2837=ORIENTED_EDGE('',*,*,#3828,.F.);
#2838=ORIENTED_EDGE('',*,*,#3831,.T.);
#2839=ORIENTED_EDGE('',*,*,#3822,.T.);
#2840=ORIENTED_EDGE('',*,*,#3825,.F.);
#2841=ORIENTED_EDGE('',*,*,#4140,.F.);
#2842=ORIENTED_EDGE('',*,*,#4143,.T.);
#2843=ORIENTED_EDGE('',*,*,#4134,.T.);
#2844=ORIENTED_EDGE('',*,*,#4137,.F.);
#2845=ORIENTED_EDGE('',*,*,#3816,.F.);
#2846=ORIENTED_EDGE('',*,*,#3819,.T.);
#2847=ORIENTED_EDGE('',*,*,#3810,.T.);
#2848=ORIENTED_EDGE('',*,*,#3813,.F.);
#2849=ORIENTED_EDGE('',*,*,#4152,.F.);
#2850=ORIENTED_EDGE('',*,*,#4155,.T.);
#2851=ORIENTED_EDGE('',*,*,#4146,.T.);
#2852=ORIENTED_EDGE('',*,*,#4149,.F.);
#2853=ORIENTED_EDGE('',*,*,#3804,.F.);
#2854=ORIENTED_EDGE('',*,*,#3807,.T.);
#2855=ORIENTED_EDGE('',*,*,#3798,.T.);
#2856=ORIENTED_EDGE('',*,*,#3801,.F.);
#2857=ORIENTED_EDGE('',*,*,#4164,.F.);
#2858=ORIENTED_EDGE('',*,*,#4167,.T.);
#2859=ORIENTED_EDGE('',*,*,#4158,.T.);
#2860=ORIENTED_EDGE('',*,*,#4161,.F.);
#2861=ORIENTED_EDGE('',*,*,#3792,.F.);
#2862=ORIENTED_EDGE('',*,*,#3795,.T.);
#2863=ORIENTED_EDGE('',*,*,#3786,.T.);
#2864=ORIENTED_EDGE('',*,*,#3789,.F.);
#2865=ORIENTED_EDGE('',*,*,#4176,.F.);
#2866=ORIENTED_EDGE('',*,*,#4179,.T.);
#2867=ORIENTED_EDGE('',*,*,#4170,.T.);
#2868=ORIENTED_EDGE('',*,*,#4173,.F.);
#2869=ORIENTED_EDGE('',*,*,#3780,.F.);
#2870=ORIENTED_EDGE('',*,*,#3783,.T.);
#2871=ORIENTED_EDGE('',*,*,#3774,.T.);
#2872=ORIENTED_EDGE('',*,*,#3777,.F.);
#2873=ORIENTED_EDGE('',*,*,#4188,.F.);
#2874=ORIENTED_EDGE('',*,*,#4191,.T.);
#2875=ORIENTED_EDGE('',*,*,#4182,.T.);
#2876=ORIENTED_EDGE('',*,*,#4185,.F.);
#2877=ORIENTED_EDGE('',*,*,#3768,.F.);
#2878=ORIENTED_EDGE('',*,*,#3771,.T.);
#2879=ORIENTED_EDGE('',*,*,#3762,.T.);
#2880=ORIENTED_EDGE('',*,*,#3765,.F.);
#2881=ORIENTED_EDGE('',*,*,#4200,.F.);
#2882=ORIENTED_EDGE('',*,*,#4203,.T.);
#2883=ORIENTED_EDGE('',*,*,#4194,.T.);
#2884=ORIENTED_EDGE('',*,*,#4197,.F.);
#2885=ORIENTED_EDGE('',*,*,#3756,.F.);
#2886=ORIENTED_EDGE('',*,*,#3759,.T.);
#2887=ORIENTED_EDGE('',*,*,#3750,.T.);
#2888=ORIENTED_EDGE('',*,*,#3753,.F.);
#2889=ORIENTED_EDGE('',*,*,#4216,.F.);
#2890=ORIENTED_EDGE('',*,*,#4219,.T.);
#2891=ORIENTED_EDGE('',*,*,#4210,.T.);
#2892=ORIENTED_EDGE('',*,*,#4213,.F.);
#2893=ORIENTED_EDGE('',*,*,#3744,.F.);
#2894=ORIENTED_EDGE('',*,*,#3747,.T.);
#2895=ORIENTED_EDGE('',*,*,#3738,.T.);
#2896=ORIENTED_EDGE('',*,*,#3741,.F.);
#2897=ORIENTED_EDGE('',*,*,#4228,.F.);
#2898=ORIENTED_EDGE('',*,*,#4231,.T.);
#2899=ORIENTED_EDGE('',*,*,#4222,.T.);
#2900=ORIENTED_EDGE('',*,*,#4225,.F.);
#2901=ORIENTED_EDGE('',*,*,#3732,.F.);
#2902=ORIENTED_EDGE('',*,*,#3735,.T.);
#2903=ORIENTED_EDGE('',*,*,#3726,.T.);
#2904=ORIENTED_EDGE('',*,*,#3729,.F.);
#2905=ORIENTED_EDGE('',*,*,#4240,.F.);
#2906=ORIENTED_EDGE('',*,*,#4243,.T.);
#2907=ORIENTED_EDGE('',*,*,#4234,.T.);
#2908=ORIENTED_EDGE('',*,*,#4237,.F.);
#2909=ORIENTED_EDGE('',*,*,#3720,.F.);
#2910=ORIENTED_EDGE('',*,*,#3723,.T.);
#2911=ORIENTED_EDGE('',*,*,#3714,.T.);
#2912=ORIENTED_EDGE('',*,*,#3717,.F.);
#2913=ORIENTED_EDGE('',*,*,#4252,.F.);
#2914=ORIENTED_EDGE('',*,*,#4255,.T.);
#2915=ORIENTED_EDGE('',*,*,#4246,.T.);
#2916=ORIENTED_EDGE('',*,*,#4249,.F.);
#2917=ORIENTED_EDGE('',*,*,#3708,.F.);
#2918=ORIENTED_EDGE('',*,*,#3711,.T.);
#2919=ORIENTED_EDGE('',*,*,#3702,.T.);
#2920=ORIENTED_EDGE('',*,*,#3705,.F.);
#2921=ORIENTED_EDGE('',*,*,#4264,.F.);
#2922=ORIENTED_EDGE('',*,*,#4267,.T.);
#2923=ORIENTED_EDGE('',*,*,#4258,.T.);
#2924=ORIENTED_EDGE('',*,*,#4261,.F.);
#2925=ORIENTED_EDGE('',*,*,#3696,.F.);
#2926=ORIENTED_EDGE('',*,*,#3699,.T.);
#2927=ORIENTED_EDGE('',*,*,#3690,.T.);
#2928=ORIENTED_EDGE('',*,*,#3693,.F.);
#2929=ORIENTED_EDGE('',*,*,#4314,.T.);
#2930=ORIENTED_EDGE('',*,*,#4362,.F.);
#2931=ORIENTED_EDGE('',*,*,#4318,.F.);
#2932=ORIENTED_EDGE('',*,*,#4364,.T.);
#2933=ORIENTED_EDGE('',*,*,#4365,.T.);
#2934=ORIENTED_EDGE('',*,*,#4320,.T.);
#2935=ORIENTED_EDGE('',*,*,#4361,.F.);
#2936=ORIENTED_EDGE('',*,*,#4324,.F.);
#2937=ORIENTED_EDGE('',*,*,#4366,.T.);
#2938=ORIENTED_EDGE('',*,*,#4326,.T.);
#2939=ORIENTED_EDGE('',*,*,#4360,.F.);
#2940=ORIENTED_EDGE('',*,*,#4330,.F.);
#2941=ORIENTED_EDGE('',*,*,#4367,.T.);
#2942=ORIENTED_EDGE('',*,*,#4332,.T.);
#2943=ORIENTED_EDGE('',*,*,#4359,.F.);
#2944=ORIENTED_EDGE('',*,*,#4336,.F.);
#2945=ORIENTED_EDGE('',*,*,#4344,.T.);
#2946=ORIENTED_EDGE('',*,*,#4357,.F.);
#2947=ORIENTED_EDGE('',*,*,#4348,.F.);
#2948=ORIENTED_EDGE('',*,*,#4369,.T.);
#2949=ORIENTED_EDGE('',*,*,#4363,.T.);
#2950=ORIENTED_EDGE('',*,*,#4350,.T.);
#2951=ORIENTED_EDGE('',*,*,#4356,.F.);
#2952=ORIENTED_EDGE('',*,*,#4354,.F.);
#2953=ORIENTED_EDGE('',*,*,#4338,.T.);
#2954=ORIENTED_EDGE('',*,*,#4358,.F.);
#2955=ORIENTED_EDGE('',*,*,#4342,.F.);
#2956=ORIENTED_EDGE('',*,*,#4368,.T.);
#2957=EDGE_CURVE('',#4370,#4371,#5317,.T.);
#2958=EDGE_CURVE('',#4370,#4372,#5318,.T.);
#2959=EDGE_CURVE('',#4372,#4373,#5319,.T.);
#2960=EDGE_CURVE('',#4371,#4373,#5320,.T.);
#2961=EDGE_CURVE('',#4374,#4375,#5321,.T.);
#2962=EDGE_CURVE('',#4375,#4376,#5322,.T.);
#2963=EDGE_CURVE('',#4377,#4376,#5323,.T.);
#2964=EDGE_CURVE('',#4377,#4374,#5324,.T.);
#2965=EDGE_CURVE('',#4378,#4379,#5325,.T.);
#2966=EDGE_CURVE('',#4380,#4378,#5326,.T.);
#2967=EDGE_CURVE('',#4381,#4380,#5327,.T.);
#2968=EDGE_CURVE('',#4381,#4379,#5328,.T.);
#2969=EDGE_CURVE('',#4375,#4378,#5329,.T.);
#2970=EDGE_CURVE('',#4374,#4371,#58,.T.);
#2971=EDGE_CURVE('',#4373,#4380,#59,.T.);
#2972=EDGE_CURVE('',#4382,#4382,#60,.T.);
#2973=EDGE_CURVE('',#4383,#4383,#61,.T.);
#2974=EDGE_CURVE('',#4384,#4384,#62,.T.);
#2975=EDGE_CURVE('',#4385,#4376,#5330,.T.);
#2976=EDGE_CURVE('',#4385,#4386,#5331,.T.);
#2977=EDGE_CURVE('',#4386,#4387,#63,.T.);
#2978=EDGE_CURVE('',#4387,#4388,#5332,.T.);
#2979=EDGE_CURVE('',#4388,#4389,#64,.T.);
#2980=EDGE_CURVE('',#4390,#4389,#5333,.T.);
#2981=EDGE_CURVE('',#4379,#4390,#5334,.T.);
#2982=EDGE_CURVE('',#4372,#4381,#65,.T.);
#2983=EDGE_CURVE('',#4377,#4370,#66,.T.);
#2984=EDGE_CURVE('',#4391,#4391,#67,.F.);
#2985=EDGE_CURVE('',#4392,#4392,#68,.F.);
#2986=EDGE_CURVE('',#4393,#4393,#69,.T.);
#2987=EDGE_CURVE('',#4394,#4385,#5335,.T.);
#2988=EDGE_CURVE('',#4394,#4395,#5336,.T.);
#2989=EDGE_CURVE('',#4395,#4386,#5337,.T.);
#2990=EDGE_CURVE('',#4396,#4387,#5338,.T.);
#2991=EDGE_CURVE('',#4395,#4396,#70,.T.);
#2992=EDGE_CURVE('',#4397,#4388,#5339,.T.);
#2993=EDGE_CURVE('',#4396,#4397,#5340,.T.);
#2994=EDGE_CURVE('',#4398,#4389,#5341,.T.);
#2995=EDGE_CURVE('',#4397,#4398,#71,.T.);
#2996=EDGE_CURVE('',#4399,#4398,#5342,.T.);
#2997=EDGE_CURVE('',#4399,#4390,#5343,.T.);
#2998=EDGE_CURVE('',#4400,#4400,#72,.T.);
#2999=EDGE_CURVE('',#4401,#4401,#73,.T.);
#3000=EDGE_CURVE('',#4394,#4399,#5344,.T.);
#3001=EDGE_CURVE('',#4402,#4403,#5345,.T.);
#3002=EDGE_CURVE('',#4402,#4404,#5346,.T.);
#3003=EDGE_CURVE('',#4405,#4404,#5347,.T.);
#3004=EDGE_CURVE('',#4403,#4405,#5348,.T.);
#3005=EDGE_CURVE('',#4406,#4407,#5349,.T.);
#3006=EDGE_CURVE('',#4406,#4402,#5350,.T.);
#3007=EDGE_CURVE('',#4407,#4403,#5351,.T.);
#3008=EDGE_CURVE('',#4406,#4408,#5352,.T.);
#3009=EDGE_CURVE('',#4407,#4409,#5353,.T.);
#3010=EDGE_CURVE('',#4409,#4408,#5354,.T.);
#3011=EDGE_CURVE('',#4410,#4411,#5355,.T.);
#3012=EDGE_CURVE('',#4412,#4410,#5356,.T.);
#3013=EDGE_CURVE('',#4412,#4413,#5357,.T.);
#3014=EDGE_CURVE('',#4414,#4413,#5358,.T.);
#3015=EDGE_CURVE('',#4415,#4414,#5359,.T.);
#3016=EDGE_CURVE('',#4415,#4416,#5360,.T.);
#3017=EDGE_CURVE('',#4416,#4417,#5361,.T.);
#3018=EDGE_CURVE('',#4411,#4417,#5362,.T.);
#3019=EDGE_CURVE('',#4405,#4418,#5363,.T.);
#3020=EDGE_CURVE('',#4419,#4418,#5364,.T.);
#3021=EDGE_CURVE('',#4420,#4419,#5365,.T.);
#3022=EDGE_CURVE('',#4420,#4421,#74,.T.);
#3023=EDGE_CURVE('',#4422,#4421,#5366,.T.);
#3024=EDGE_CURVE('',#4422,#4423,#75,.F.);
#3025=EDGE_CURVE('',#4423,#4424,#5367,.T.);
#3026=EDGE_CURVE('',#4424,#4425,#76,.F.);
#3027=EDGE_CURVE('',#4425,#4426,#5368,.T.);
#3028=EDGE_CURVE('',#4426,#4427,#77,.T.);
#3029=EDGE_CURVE('',#4428,#4427,#5369,.T.);
#3030=EDGE_CURVE('',#4428,#4429,#5370,.T.);
#3031=EDGE_CURVE('',#4429,#4409,#5371,.T.);
#3032=EDGE_CURVE('',#4430,#4429,#78,.T.);
#3033=EDGE_CURVE('',#4430,#4431,#5372,.T.);
#3034=EDGE_CURVE('',#4432,#4431,#79,.T.);
#3035=EDGE_CURVE('',#4432,#4433,#5373,.T.);
#3036=EDGE_CURVE('',#4434,#4433,#5374,.T.);
#3037=EDGE_CURVE('',#4434,#4435,#5375,.T.);
#3038=EDGE_CURVE('',#4436,#4435,#5376,.T.);
#3039=EDGE_CURVE('',#4437,#4436,#5377,.T.);
#3040=EDGE_CURVE('',#4438,#4437,#5378,.T.);
#3041=EDGE_CURVE('',#4438,#4439,#5379,.T.);
#3042=EDGE_CURVE('',#4440,#4439,#5380,.T.);
#3043=EDGE_CURVE('',#4441,#4440,#5381,.T.);
#3044=EDGE_CURVE('',#4442,#4441,#5382,.T.);
#3045=EDGE_CURVE('',#4442,#4443,#5383,.T.);
#3046=EDGE_CURVE('',#4444,#4443,#5384,.T.);
#3047=EDGE_CURVE('',#4445,#4444,#5385,.T.);
#3048=EDGE_CURVE('',#4446,#4445,#5386,.T.);
#3049=EDGE_CURVE('',#4446,#4447,#5387,.T.);
#3050=EDGE_CURVE('',#4448,#4447,#5388,.T.);
#3051=EDGE_CURVE('',#4449,#4448,#5389,.T.);
#3052=EDGE_CURVE('',#4450,#4449,#5390,.T.);
#3053=EDGE_CURVE('',#4450,#4451,#5391,.T.);
#3054=EDGE_CURVE('',#4452,#4451,#5392,.T.);
#3055=EDGE_CURVE('',#4453,#4452,#5393,.T.);
#3056=EDGE_CURVE('',#4454,#4453,#5394,.T.);
#3057=EDGE_CURVE('',#4454,#4455,#5395,.T.);
#3058=EDGE_CURVE('',#4456,#4455,#5396,.T.);
#3059=EDGE_CURVE('',#4457,#4456,#5397,.T.);
#3060=EDGE_CURVE('',#4418,#4457,#5398,.T.);
#3061=EDGE_CURVE('',#4404,#4411,#5399,.T.);
#3062=EDGE_CURVE('',#4458,#4417,#5400,.T.);
#3063=EDGE_CURVE('',#4459,#4458,#5401,.T.);
#3064=EDGE_CURVE('',#4459,#4460,#5402,.T.);
#3065=EDGE_CURVE('',#4460,#4461,#5403,.T.);
#3066=EDGE_CURVE('',#4462,#4461,#5404,.T.);
#3067=EDGE_CURVE('',#4463,#4462,#5405,.T.);
#3068=EDGE_CURVE('',#4463,#4464,#5406,.T.);
#3069=EDGE_CURVE('',#4464,#4465,#5407,.T.);
#3070=EDGE_CURVE('',#4466,#4465,#5408,.T.);
#3071=EDGE_CURVE('',#4467,#4466,#5409,.T.);
#3072=EDGE_CURVE('',#4467,#4414,#5410,.T.);
#3073=EDGE_CURVE('',#4408,#4413,#5411,.T.);
#3074=EDGE_CURVE('',#4468,#4469,#5412,.T.);
#3075=EDGE_CURVE('',#4470,#4468,#5413,.T.);
#3076=EDGE_CURVE('',#4470,#4471,#5414,.T.);
#3077=EDGE_CURVE('',#4471,#4469,#5415,.T.);
#3078=EDGE_CURVE('',#4472,#4473,#5416,.T.);
#3079=EDGE_CURVE('',#4474,#4472,#5417,.T.);
#3080=EDGE_CURVE('',#4474,#4475,#5418,.T.);
#3081=EDGE_CURVE('',#4475,#4473,#5419,.T.);
#3082=EDGE_CURVE('',#4476,#4477,#5420,.T.);
#3083=EDGE_CURVE('',#4478,#4476,#5421,.T.);
#3084=EDGE_CURVE('',#4478,#4479,#5422,.T.);
#3085=EDGE_CURVE('',#4479,#4477,#5423,.T.);
#3086=EDGE_CURVE('',#4480,#4481,#5424,.T.);
#3087=EDGE_CURVE('',#4482,#4480,#5425,.T.);
#3088=EDGE_CURVE('',#4482,#4483,#5426,.T.);
#3089=EDGE_CURVE('',#4483,#4481,#5427,.T.);
#3090=EDGE_CURVE('',#4484,#4485,#5428,.T.);
#3091=EDGE_CURVE('',#4486,#4484,#5429,.T.);
#3092=EDGE_CURVE('',#4486,#4487,#5430,.T.);
#3093=EDGE_CURVE('',#4487,#4485,#5431,.T.);
#3094=EDGE_CURVE('',#4488,#4489,#5432,.T.);
#3095=EDGE_CURVE('',#4490,#4488,#5433,.T.);
#3096=EDGE_CURVE('',#4490,#4491,#5434,.T.);
#3097=EDGE_CURVE('',#4491,#4489,#5435,.T.);
#3098=EDGE_CURVE('',#4492,#4493,#5436,.T.);
#3099=EDGE_CURVE('',#4494,#4492,#5437,.T.);
#3100=EDGE_CURVE('',#4494,#4495,#5438,.T.);
#3101=EDGE_CURVE('',#4495,#4493,#5439,.T.);
#3102=EDGE_CURVE('',#4496,#4497,#5440,.T.);
#3103=EDGE_CURVE('',#4498,#4496,#5441,.T.);
#3104=EDGE_CURVE('',#4498,#4499,#5442,.T.);
#3105=EDGE_CURVE('',#4499,#4497,#5443,.T.);
#3106=EDGE_CURVE('',#4500,#4501,#5444,.T.);
#3107=EDGE_CURVE('',#4502,#4500,#5445,.T.);
#3108=EDGE_CURVE('',#4502,#4503,#5446,.T.);
#3109=EDGE_CURVE('',#4503,#4501,#5447,.T.);
#3110=EDGE_CURVE('',#4504,#4505,#5448,.T.);
#3111=EDGE_CURVE('',#4506,#4504,#5449,.T.);
#3112=EDGE_CURVE('',#4506,#4507,#5450,.T.);
#3113=EDGE_CURVE('',#4507,#4505,#5451,.T.);
#3114=EDGE_CURVE('',#4508,#4509,#5452,.T.);
#3115=EDGE_CURVE('',#4510,#4508,#5453,.T.);
#3116=EDGE_CURVE('',#4510,#4511,#5454,.T.);
#3117=EDGE_CURVE('',#4511,#4509,#5455,.T.);
#3118=EDGE_CURVE('',#4512,#4513,#5456,.T.);
#3119=EDGE_CURVE('',#4514,#4512,#5457,.T.);
#3120=EDGE_CURVE('',#4514,#4515,#5458,.T.);
#3121=EDGE_CURVE('',#4515,#4513,#5459,.T.);
#3122=EDGE_CURVE('',#4516,#4517,#5460,.T.);
#3123=EDGE_CURVE('',#4518,#4516,#5461,.T.);
#3124=EDGE_CURVE('',#4518,#4519,#5462,.T.);
#3125=EDGE_CURVE('',#4519,#4517,#5463,.T.);
#3126=EDGE_CURVE('',#4520,#4521,#5464,.T.);
#3127=EDGE_CURVE('',#4520,#4522,#5465,.T.);
#3128=EDGE_CURVE('',#4522,#4523,#5466,.T.);
#3129=EDGE_CURVE('',#4521,#4523,#5467,.T.);
#3130=EDGE_CURVE('',#4524,#4525,#5468,.T.);
#3131=EDGE_CURVE('',#4524,#4526,#5469,.T.);
#3132=EDGE_CURVE('',#4526,#4527,#5470,.T.);
#3133=EDGE_CURVE('',#4525,#4527,#5471,.T.);
#3134=EDGE_CURVE('',#4528,#4529,#5472,.T.);
#3135=EDGE_CURVE('',#4528,#4530,#5473,.T.);
#3136=EDGE_CURVE('',#4530,#4531,#5474,.T.);
#3137=EDGE_CURVE('',#4529,#4531,#5475,.T.);
#3138=EDGE_CURVE('',#4532,#4533,#5476,.T.);
#3139=EDGE_CURVE('',#4532,#4534,#5477,.T.);
#3140=EDGE_CURVE('',#4534,#4535,#5478,.T.);
#3141=EDGE_CURVE('',#4533,#4535,#5479,.T.);
#3142=EDGE_CURVE('',#4536,#4537,#5480,.T.);
#3143=EDGE_CURVE('',#4536,#4538,#5481,.T.);
#3144=EDGE_CURVE('',#4538,#4539,#5482,.T.);
#3145=EDGE_CURVE('',#4537,#4539,#5483,.T.);
#3146=EDGE_CURVE('',#4540,#4541,#5484,.T.);
#3147=EDGE_CURVE('',#4540,#4542,#5485,.T.);
#3148=EDGE_CURVE('',#4542,#4543,#5486,.T.);
#3149=EDGE_CURVE('',#4541,#4543,#5487,.T.);
#3150=EDGE_CURVE('',#4544,#4545,#5488,.T.);
#3151=EDGE_CURVE('',#4544,#4546,#5489,.T.);
#3152=EDGE_CURVE('',#4546,#4547,#5490,.T.);
#3153=EDGE_CURVE('',#4545,#4547,#5491,.T.);
#3154=EDGE_CURVE('',#4548,#4549,#5492,.T.);
#3155=EDGE_CURVE('',#4548,#4550,#5493,.T.);
#3156=EDGE_CURVE('',#4550,#4551,#5494,.T.);
#3157=EDGE_CURVE('',#4549,#4551,#5495,.T.);
#3158=EDGE_CURVE('',#4552,#4553,#5496,.T.);
#3159=EDGE_CURVE('',#4552,#4554,#5497,.T.);
#3160=EDGE_CURVE('',#4554,#4555,#5498,.T.);
#3161=EDGE_CURVE('',#4553,#4555,#5499,.T.);
#3162=EDGE_CURVE('',#4556,#4557,#5500,.T.);
#3163=EDGE_CURVE('',#4556,#4558,#5501,.T.);
#3164=EDGE_CURVE('',#4558,#4559,#5502,.T.);
#3165=EDGE_CURVE('',#4557,#4559,#5503,.T.);
#3166=EDGE_CURVE('',#4560,#4561,#5504,.T.);
#3167=EDGE_CURVE('',#4562,#4560,#5505,.T.);
#3168=EDGE_CURVE('',#4562,#4563,#5506,.T.);
#3169=EDGE_CURVE('',#4563,#4561,#5507,.T.);
#3170=EDGE_CURVE('',#4564,#4565,#5508,.T.);
#3171=EDGE_CURVE('',#4566,#4564,#5509,.T.);
#3172=EDGE_CURVE('',#4566,#4567,#5510,.T.);
#3173=EDGE_CURVE('',#4567,#4565,#5511,.T.);
#3174=EDGE_CURVE('',#4568,#4569,#5512,.T.);
#3175=EDGE_CURVE('',#4570,#4568,#5513,.T.);
#3176=EDGE_CURVE('',#4570,#4571,#5514,.T.);
#3177=EDGE_CURVE('',#4571,#4569,#5515,.T.);
#3178=EDGE_CURVE('',#4572,#4573,#5516,.T.);
#3179=EDGE_CURVE('',#4574,#4572,#5517,.T.);
#3180=EDGE_CURVE('',#4574,#4575,#5518,.T.);
#3181=EDGE_CURVE('',#4575,#4573,#5519,.T.);
#3182=EDGE_CURVE('',#4576,#4577,#5520,.T.);
#3183=EDGE_CURVE('',#4578,#4576,#5521,.T.);
#3184=EDGE_CURVE('',#4578,#4579,#5522,.T.);
#3185=EDGE_CURVE('',#4579,#4577,#5523,.T.);
#3186=EDGE_CURVE('',#4580,#4581,#5524,.T.);
#3187=EDGE_CURVE('',#4582,#4580,#5525,.T.);
#3188=EDGE_CURVE('',#4582,#4583,#5526,.T.);
#3189=EDGE_CURVE('',#4583,#4581,#5527,.T.);
#3190=EDGE_CURVE('',#4584,#4585,#5528,.T.);
#3191=EDGE_CURVE('',#4586,#4584,#5529,.T.);
#3192=EDGE_CURVE('',#4586,#4587,#5530,.T.);
#3193=EDGE_CURVE('',#4587,#4585,#5531,.T.);
#3194=EDGE_CURVE('',#4588,#4589,#5532,.T.);
#3195=EDGE_CURVE('',#4590,#4588,#5533,.T.);
#3196=EDGE_CURVE('',#4590,#4591,#5534,.T.);
#3197=EDGE_CURVE('',#4591,#4589,#5535,.T.);
#3198=EDGE_CURVE('',#4592,#4593,#5536,.T.);
#3199=EDGE_CURVE('',#4594,#4592,#5537,.T.);
#3200=EDGE_CURVE('',#4594,#4595,#5538,.T.);
#3201=EDGE_CURVE('',#4595,#4593,#5539,.T.);
#3202=EDGE_CURVE('',#4596,#4597,#5540,.T.);
#3203=EDGE_CURVE('',#4598,#4596,#5541,.T.);
#3204=EDGE_CURVE('',#4598,#4599,#5542,.T.);
#3205=EDGE_CURVE('',#4599,#4597,#5543,.T.);
#3206=EDGE_CURVE('',#4600,#4601,#5544,.T.);
#3207=EDGE_CURVE('',#4602,#4600,#5545,.T.);
#3208=EDGE_CURVE('',#4602,#4603,#5546,.T.);
#3209=EDGE_CURVE('',#4603,#4601,#5547,.T.);
#3210=EDGE_CURVE('',#4604,#4604,#80,.T.);
#3211=EDGE_CURVE('',#4605,#4605,#81,.T.);
#3212=EDGE_CURVE('',#4606,#4606,#82,.T.);
#3213=EDGE_CURVE('',#4607,#4415,#5548,.T.);
#3214=EDGE_CURVE('',#4467,#4608,#5549,.T.);
#3215=EDGE_CURVE('',#4609,#4608,#5550,.T.);
#3216=EDGE_CURVE('',#4464,#4609,#5551,.T.);
#3217=EDGE_CURVE('',#4607,#4463,#5552,.T.);
#3218=EDGE_CURVE('',#4610,#4416,#5553,.T.);
#3219=EDGE_CURVE('',#4610,#4462,#5554,.T.);
#3220=EDGE_CURVE('',#4461,#4611,#5555,.T.);
#3221=EDGE_CURVE('',#4611,#4612,#5556,.T.);
#3222=EDGE_CURVE('',#4458,#4612,#5557,.T.);
#3223=EDGE_CURVE('',#4607,#4610,#5558,.T.);
#3224=EDGE_CURVE('',#4613,#4613,#83,.F.);
#3225=EDGE_CURVE('',#4614,#4615,#5559,.T.);
#3226=EDGE_CURVE('',#4615,#4616,#5560,.T.);
#3227=EDGE_CURVE('',#4617,#4616,#5561,.T.);
#3228=EDGE_CURVE('',#4614,#4617,#5562,.T.);
#3229=EDGE_CURVE('',#4618,#4619,#5563,.T.);
#3230=EDGE_CURVE('',#4619,#4620,#5564,.T.);
#3231=EDGE_CURVE('',#4621,#4620,#5565,.T.);
#3232=EDGE_CURVE('',#4618,#4621,#5566,.T.);
#3233=EDGE_CURVE('',#4622,#4623,#5567,.T.);
#3234=EDGE_CURVE('',#4623,#4624,#5568,.T.);
#3235=EDGE_CURVE('',#4625,#4624,#5569,.T.);
#3236=EDGE_CURVE('',#4622,#4625,#5570,.T.);
#3237=EDGE_CURVE('',#4626,#4627,#5571,.T.);
#3238=EDGE_CURVE('',#4627,#4628,#5572,.T.);
#3239=EDGE_CURVE('',#4629,#4628,#5573,.T.);
#3240=EDGE_CURVE('',#4626,#4629,#5574,.T.);
#3241=EDGE_CURVE('',#4630,#4631,#5575,.T.);
#3242=EDGE_CURVE('',#4631,#4632,#5576,.T.);
#3243=EDGE_CURVE('',#4633,#4632,#5577,.T.);
#3244=EDGE_CURVE('',#4630,#4633,#5578,.T.);
#3245=EDGE_CURVE('',#4634,#4635,#5579,.T.);
#3246=EDGE_CURVE('',#4635,#4636,#5580,.T.);
#3247=EDGE_CURVE('',#4637,#4636,#5581,.T.);
#3248=EDGE_CURVE('',#4634,#4637,#5582,.T.);
#3249=EDGE_CURVE('',#4638,#4639,#5583,.T.);
#3250=EDGE_CURVE('',#4639,#4640,#5584,.T.);
#3251=EDGE_CURVE('',#4641,#4640,#5585,.T.);
#3252=EDGE_CURVE('',#4638,#4641,#5586,.T.);
#3253=EDGE_CURVE('',#4642,#4643,#5587,.T.);
#3254=EDGE_CURVE('',#4643,#4644,#5588,.T.);
#3255=EDGE_CURVE('',#4645,#4644,#5589,.T.);
#3256=EDGE_CURVE('',#4642,#4645,#5590,.T.);
#3257=EDGE_CURVE('',#4646,#4647,#5591,.T.);
#3258=EDGE_CURVE('',#4647,#4648,#5592,.T.);
#3259=EDGE_CURVE('',#4649,#4648,#5593,.T.);
#3260=EDGE_CURVE('',#4646,#4649,#5594,.T.);
#3261=EDGE_CURVE('',#4650,#4651,#5595,.T.);
#3262=EDGE_CURVE('',#4651,#4652,#5596,.T.);
#3263=EDGE_CURVE('',#4653,#4652,#5597,.T.);
#3264=EDGE_CURVE('',#4650,#4653,#5598,.T.);
#3265=EDGE_CURVE('',#4654,#4655,#5599,.T.);
#3266=EDGE_CURVE('',#4655,#4656,#5600,.T.);
#3267=EDGE_CURVE('',#4657,#4656,#5601,.T.);
#3268=EDGE_CURVE('',#4654,#4657,#5602,.T.);
#3269=EDGE_CURVE('',#4658,#4659,#5603,.T.);
#3270=EDGE_CURVE('',#4659,#4660,#5604,.T.);
#3271=EDGE_CURVE('',#4661,#4660,#5605,.T.);
#3272=EDGE_CURVE('',#4658,#4661,#5606,.T.);
#3273=EDGE_CURVE('',#4662,#4663,#5607,.T.);
#3274=EDGE_CURVE('',#4663,#4664,#5608,.T.);
#3275=EDGE_CURVE('',#4665,#4664,#5609,.T.);
#3276=EDGE_CURVE('',#4662,#4665,#5610,.T.);
#3277=EDGE_CURVE('',#4666,#4667,#5611,.T.);
#3278=EDGE_CURVE('',#4667,#4668,#5612,.T.);
#3279=EDGE_CURVE('',#4669,#4668,#5613,.T.);
#3280=EDGE_CURVE('',#4666,#4669,#5614,.T.);
#3281=EDGE_CURVE('',#4670,#4671,#5615,.T.);
#3282=EDGE_CURVE('',#4671,#4672,#5616,.T.);
#3283=EDGE_CURVE('',#4673,#4672,#5617,.T.);
#3284=EDGE_CURVE('',#4670,#4673,#5618,.T.);
#3285=EDGE_CURVE('',#4674,#4675,#5619,.T.);
#3286=EDGE_CURVE('',#4675,#4676,#5620,.T.);
#3287=EDGE_CURVE('',#4677,#4676,#5621,.T.);
#3288=EDGE_CURVE('',#4674,#4677,#5622,.T.);
#3289=EDGE_CURVE('',#4678,#4679,#5623,.T.);
#3290=EDGE_CURVE('',#4679,#4680,#5624,.T.);
#3291=EDGE_CURVE('',#4681,#4680,#5625,.T.);
#3292=EDGE_CURVE('',#4678,#4681,#5626,.T.);
#3293=EDGE_CURVE('',#4682,#4683,#5627,.T.);
#3294=EDGE_CURVE('',#4683,#4684,#5628,.T.);
#3295=EDGE_CURVE('',#4685,#4684,#5629,.T.);
#3296=EDGE_CURVE('',#4682,#4685,#5630,.T.);
#3297=EDGE_CURVE('',#4686,#4687,#5631,.T.);
#3298=EDGE_CURVE('',#4687,#4688,#5632,.T.);
#3299=EDGE_CURVE('',#4689,#4688,#5633,.T.);
#3300=EDGE_CURVE('',#4686,#4689,#5634,.T.);
#3301=EDGE_CURVE('',#4690,#4691,#5635,.T.);
#3302=EDGE_CURVE('',#4691,#4692,#5636,.T.);
#3303=EDGE_CURVE('',#4693,#4692,#5637,.T.);
#3304=EDGE_CURVE('',#4690,#4693,#5638,.T.);
#3305=EDGE_CURVE('',#4694,#4695,#5639,.T.);
#3306=EDGE_CURVE('',#4695,#4696,#5640,.T.);
#3307=EDGE_CURVE('',#4697,#4696,#5641,.T.);
#3308=EDGE_CURVE('',#4694,#4697,#5642,.T.);
#3309=EDGE_CURVE('',#4698,#4699,#5643,.T.);
#3310=EDGE_CURVE('',#4699,#4700,#5644,.T.);
#3311=EDGE_CURVE('',#4701,#4700,#5645,.T.);
#3312=EDGE_CURVE('',#4698,#4701,#5646,.T.);
#3313=EDGE_CURVE('',#4702,#4703,#5647,.T.);
#3314=EDGE_CURVE('',#4703,#4704,#5648,.T.);
#3315=EDGE_CURVE('',#4705,#4704,#5649,.T.);
#3316=EDGE_CURVE('',#4702,#4705,#5650,.T.);
#3317=EDGE_CURVE('',#4706,#4707,#5651,.T.);
#3318=EDGE_CURVE('',#4707,#4708,#5652,.T.);
#3319=EDGE_CURVE('',#4709,#4708,#5653,.T.);
#3320=EDGE_CURVE('',#4706,#4709,#5654,.T.);
#3321=EDGE_CURVE('',#4710,#4711,#5655,.T.);
#3322=EDGE_CURVE('',#4710,#4712,#5656,.T.);
#3323=EDGE_CURVE('',#4712,#4713,#5657,.T.);
#3324=EDGE_CURVE('',#4711,#4713,#5658,.T.);
#3325=EDGE_CURVE('',#4714,#4715,#5659,.T.);
#3326=EDGE_CURVE('',#4714,#4716,#5660,.T.);
#3327=EDGE_CURVE('',#4716,#4717,#5661,.T.);
#3328=EDGE_CURVE('',#4715,#4717,#5662,.T.);
#3329=EDGE_CURVE('',#4718,#4719,#5663,.T.);
#3330=EDGE_CURVE('',#4718,#4720,#5664,.T.);
#3331=EDGE_CURVE('',#4720,#4721,#5665,.T.);
#3332=EDGE_CURVE('',#4719,#4721,#5666,.T.);
#3333=EDGE_CURVE('',#4722,#4723,#5667,.T.);
#3334=EDGE_CURVE('',#4722,#4724,#5668,.T.);
#3335=EDGE_CURVE('',#4724,#4725,#5669,.T.);
#3336=EDGE_CURVE('',#4723,#4725,#5670,.T.);
#3337=EDGE_CURVE('',#4726,#4727,#5671,.T.);
#3338=EDGE_CURVE('',#4726,#4728,#5672,.T.);
#3339=EDGE_CURVE('',#4728,#4729,#5673,.T.);
#3340=EDGE_CURVE('',#4727,#4729,#5674,.T.);
#3341=EDGE_CURVE('',#4730,#4731,#5675,.T.);
#3342=EDGE_CURVE('',#4730,#4732,#5676,.T.);
#3343=EDGE_CURVE('',#4732,#4733,#5677,.T.);
#3344=EDGE_CURVE('',#4731,#4733,#5678,.T.);
#3345=EDGE_CURVE('',#4734,#4735,#5679,.T.);
#3346=EDGE_CURVE('',#4734,#4736,#5680,.T.);
#3347=EDGE_CURVE('',#4736,#4737,#5681,.T.);
#3348=EDGE_CURVE('',#4735,#4737,#5682,.T.);
#3349=EDGE_CURVE('',#4738,#4739,#5683,.T.);
#3350=EDGE_CURVE('',#4738,#4740,#5684,.T.);
#3351=EDGE_CURVE('',#4740,#4741,#5685,.T.);
#3352=EDGE_CURVE('',#4739,#4741,#5686,.T.);
#3353=EDGE_CURVE('',#4742,#4743,#5687,.T.);
#3354=EDGE_CURVE('',#4742,#4744,#5688,.T.);
#3355=EDGE_CURVE('',#4744,#4745,#5689,.T.);
#3356=EDGE_CURVE('',#4743,#4745,#5690,.T.);
#3357=EDGE_CURVE('',#4746,#4747,#5691,.T.);
#3358=EDGE_CURVE('',#4746,#4748,#5692,.T.);
#3359=EDGE_CURVE('',#4748,#4749,#5693,.T.);
#3360=EDGE_CURVE('',#4747,#4749,#5694,.T.);
#3361=EDGE_CURVE('',#4750,#4750,#84,.T.);
#3362=EDGE_CURVE('',#4751,#4751,#85,.T.);
#3363=EDGE_CURVE('',#4419,#4752,#5695,.T.);
#3364=EDGE_CURVE('',#4752,#4753,#5696,.T.);
#3365=EDGE_CURVE('',#4753,#4754,#5697,.T.);
#3366=EDGE_CURVE('',#4755,#4754,#5698,.T.);
#3367=EDGE_CURVE('',#4755,#4756,#5699,.T.);
#3368=EDGE_CURVE('',#4756,#4757,#5700,.T.);
#3369=EDGE_CURVE('',#4757,#4758,#5701,.T.);
#3370=EDGE_CURVE('',#4759,#4758,#5702,.T.);
#3371=EDGE_CURVE('',#4759,#4760,#5703,.T.);
#3372=EDGE_CURVE('',#4760,#4761,#5704,.T.);
#3373=EDGE_CURVE('',#4761,#4762,#5705,.T.);
#3374=EDGE_CURVE('',#4763,#4762,#5706,.T.);
#3375=EDGE_CURVE('',#4763,#4764,#5707,.T.);
#3376=EDGE_CURVE('',#4764,#4765,#5708,.T.);
#3377=EDGE_CURVE('',#4765,#4766,#5709,.T.);
#3378=EDGE_CURVE('',#4767,#4766,#5710,.T.);
#3379=EDGE_CURVE('',#4767,#4768,#5711,.T.);
#3380=EDGE_CURVE('',#4768,#4769,#5712,.T.);
#3381=EDGE_CURVE('',#4769,#4770,#5713,.T.);
#3382=EDGE_CURVE('',#4771,#4770,#5714,.T.);
#3383=EDGE_CURVE('',#4771,#4772,#5715,.T.);
#3384=EDGE_CURVE('',#4772,#4773,#5716,.T.);
#3385=EDGE_CURVE('',#4773,#4774,#5717,.T.);
#3386=EDGE_CURVE('',#4775,#4774,#5718,.T.);
#3387=EDGE_CURVE('',#4775,#4776,#5719,.T.);
#3388=EDGE_CURVE('',#4777,#4776,#5720,.T.);
#3389=EDGE_CURVE('',#4777,#4778,#86,.T.);
#3390=EDGE_CURVE('',#4779,#4778,#5721,.T.);
#3391=EDGE_CURVE('',#4779,#4428,#87,.T.);
#3392=EDGE_CURVE('',#4427,#4780,#5722,.T.);
#3393=EDGE_CURVE('',#4781,#4780,#88,.T.);
#3394=EDGE_CURVE('',#4781,#4782,#5723,.F.);
#3395=EDGE_CURVE('',#4783,#4782,#89,.T.);
#3396=EDGE_CURVE('',#4783,#4420,#5724,.F.);
#3397=EDGE_CURVE('',#4776,#4433,#5725,.T.);
#3398=EDGE_CURVE('',#4777,#4432,#5726,.T.);
#3399=EDGE_CURVE('',#4760,#4449,#5727,.T.);
#3400=EDGE_CURVE('',#4448,#4761,#5728,.T.);
#3401=EDGE_CURVE('',#4763,#4446,#5729,.T.);
#3402=EDGE_CURVE('',#4447,#4762,#5730,.T.);
#3403=EDGE_CURVE('',#4756,#4453,#5731,.T.);
#3404=EDGE_CURVE('',#4452,#4757,#5732,.T.);
#3405=EDGE_CURVE('',#4759,#4450,#5733,.T.);
#3406=EDGE_CURVE('',#4451,#4758,#5734,.T.);
#3407=EDGE_CURVE('',#4752,#4457,#5735,.T.);
#3408=EDGE_CURVE('',#4456,#4753,#5736,.T.);
#3409=EDGE_CURVE('',#4755,#4454,#5737,.T.);
#3410=EDGE_CURVE('',#4455,#4754,#5738,.T.);
#3411=EDGE_CURVE('',#4764,#4445,#5739,.T.);
#3412=EDGE_CURVE('',#4444,#4765,#5740,.T.);
#3413=EDGE_CURVE('',#4767,#4442,#5741,.T.);
#3414=EDGE_CURVE('',#4443,#4766,#5742,.T.);
#3415=EDGE_CURVE('',#4768,#4441,#5743,.T.);
#3416=EDGE_CURVE('',#4440,#4769,#5744,.T.);
#3417=EDGE_CURVE('',#4771,#4438,#5745,.T.);
#3418=EDGE_CURVE('',#4439,#4770,#5746,.T.);
#3419=EDGE_CURVE('',#4772,#4437,#5747,.T.);
#3420=EDGE_CURVE('',#4436,#4773,#5748,.T.);
#3421=EDGE_CURVE('',#4775,#4434,#5749,.T.);
#3422=EDGE_CURVE('',#4435,#4774,#5750,.T.);
#3423=EDGE_CURVE('',#4460,#4784,#5751,.T.);
#3424=EDGE_CURVE('',#4784,#4611,#5752,.T.);
#3425=EDGE_CURVE('',#4785,#4612,#5753,.T.);
#3426=EDGE_CURVE('',#4459,#4785,#5754,.T.);
#3427=EDGE_CURVE('',#4785,#4784,#5755,.T.);
#3428=EDGE_CURVE('',#4779,#4430,#5756,.T.);
#3429=EDGE_CURVE('',#4778,#4431,#5757,.T.);
#3430=EDGE_CURVE('',#4541,#4748,#5758,.T.);
#3431=EDGE_CURVE('',#4540,#4746,#5759,.T.);
#3432=EDGE_CURVE('',#4542,#4747,#5760,.T.);
#3433=EDGE_CURVE('',#4543,#4749,#5761,.T.);
#3434=EDGE_CURVE('',#4537,#4744,#5762,.T.);
#3435=EDGE_CURVE('',#4536,#4742,#5763,.T.);
#3436=EDGE_CURVE('',#4538,#4743,#5764,.T.);
#3437=EDGE_CURVE('',#4539,#4745,#5765,.T.);
#3438=EDGE_CURVE('',#4545,#4740,#5766,.T.);
#3439=EDGE_CURVE('',#4544,#4738,#5767,.T.);
#3440=EDGE_CURVE('',#4546,#4739,#5768,.T.);
#3441=EDGE_CURVE('',#4547,#4741,#5769,.T.);
#3442=EDGE_CURVE('',#4533,#4736,#5770,.T.);
#3443=EDGE_CURVE('',#4532,#4734,#5771,.T.);
#3444=EDGE_CURVE('',#4534,#4735,#5772,.T.);
#3445=EDGE_CURVE('',#4535,#4737,#5773,.T.);
#3446=EDGE_CURVE('',#4549,#4732,#5774,.T.);
#3447=EDGE_CURVE('',#4548,#4730,#5775,.T.);
#3448=EDGE_CURVE('',#4550,#4731,#5776,.T.);
#3449=EDGE_CURVE('',#4551,#4733,#5777,.T.);
#3450=EDGE_CURVE('',#4529,#4728,#5778,.T.);
#3451=EDGE_CURVE('',#4528,#4726,#5779,.T.);
#3452=EDGE_CURVE('',#4530,#4727,#5780,.T.);
#3453=EDGE_CURVE('',#4531,#4729,#5781,.T.);
#3454=EDGE_CURVE('',#4553,#4724,#5782,.T.);
#3455=EDGE_CURVE('',#4552,#4722,#5783,.T.);
#3456=EDGE_CURVE('',#4554,#4723,#5784,.T.);
#3457=EDGE_CURVE('',#4555,#4725,#5785,.T.);
#3458=EDGE_CURVE('',#4525,#4720,#5786,.T.);
#3459=EDGE_CURVE('',#4524,#4718,#5787,.T.);
#3460=EDGE_CURVE('',#4526,#4719,#5788,.T.);
#3461=EDGE_CURVE('',#4527,#4721,#5789,.T.);
#3462=EDGE_CURVE('',#4557,#4716,#5790,.T.);
#3463=EDGE_CURVE('',#4556,#4714,#5791,.T.);
#3464=EDGE_CURVE('',#4558,#4715,#5792,.T.);
#3465=EDGE_CURVE('',#4559,#4717,#5793,.T.);
#3466=EDGE_CURVE('',#4521,#4712,#5794,.T.);
#3467=EDGE_CURVE('',#4520,#4710,#5795,.T.);
#3468=EDGE_CURVE('',#4522,#4711,#5796,.T.);
#3469=EDGE_CURVE('',#4523,#4713,#5797,.T.);
#3470=EDGE_CURVE('',#4561,#4708,#5798,.T.);
#3471=EDGE_CURVE('',#4560,#4707,#5799,.T.);
#3472=EDGE_CURVE('',#4562,#4706,#5800,.T.);
#3473=EDGE_CURVE('',#4563,#4709,#5801,.T.);
#3474=EDGE_CURVE('',#4517,#4704,#5802,.T.);
#3475=EDGE_CURVE('',#4516,#4703,#5803,.T.);
#3476=EDGE_CURVE('',#4518,#4702,#5804,.T.);
#3477=EDGE_CURVE('',#4519,#4705,#5805,.T.);
#3478=EDGE_CURVE('',#4565,#4700,#5806,.T.);
#3479=EDGE_CURVE('',#4564,#4699,#5807,.T.);
#3480=EDGE_CURVE('',#4566,#4698,#5808,.T.);
#3481=EDGE_CURVE('',#4567,#4701,#5809,.T.);
#3482=EDGE_CURVE('',#4513,#4696,#5810,.T.);
#3483=EDGE_CURVE('',#4512,#4695,#5811,.T.);
#3484=EDGE_CURVE('',#4514,#4694,#5812,.T.);
#3485=EDGE_CURVE('',#4515,#4697,#5813,.T.);
#3486=EDGE_CURVE('',#4569,#4692,#5814,.T.);
#3487=EDGE_CURVE('',#4568,#4691,#5815,.T.);
#3488=EDGE_CURVE('',#4570,#4690,#5816,.T.);
#3489=EDGE_CURVE('',#4571,#4693,#5817,.T.);
#3490=EDGE_CURVE('',#4509,#4688,#5818,.T.);
#3491=EDGE_CURVE('',#4508,#4687,#5819,.T.);
#3492=EDGE_CURVE('',#4510,#4686,#5820,.T.);
#3493=EDGE_CURVE('',#4511,#4689,#5821,.T.);
#3494=EDGE_CURVE('',#4573,#4684,#5822,.T.);
#3495=EDGE_CURVE('',#4572,#4683,#5823,.T.);
#3496=EDGE_CURVE('',#4574,#4682,#5824,.T.);
#3497=EDGE_CURVE('',#4575,#4685,#5825,.T.);
#3498=EDGE_CURVE('',#4505,#4680,#5826,.T.);
#3499=EDGE_CURVE('',#4504,#4679,#5827,.T.);
#3500=EDGE_CURVE('',#4506,#4678,#5828,.T.);
#3501=EDGE_CURVE('',#4507,#4681,#5829,.T.);
#3502=EDGE_CURVE('',#4501,#4676,#5830,.T.);
#3503=EDGE_CURVE('',#4500,#4675,#5831,.T.);
#3504=EDGE_CURVE('',#4502,#4674,#5832,.T.);
#3505=EDGE_CURVE('',#4503,#4677,#5833,.T.);
#3506=EDGE_CURVE('',#4577,#4672,#5834,.T.);
#3507=EDGE_CURVE('',#4576,#4671,#5835,.T.);
#3508=EDGE_CURVE('',#4578,#4670,#5836,.T.);
#3509=EDGE_CURVE('',#4579,#4673,#5837,.T.);
#3510=EDGE_CURVE('',#4497,#4668,#5838,.T.);
#3511=EDGE_CURVE('',#4496,#4667,#5839,.T.);
#3512=EDGE_CURVE('',#4498,#4666,#5840,.T.);
#3513=EDGE_CURVE('',#4499,#4669,#5841,.T.);
#3514=EDGE_CURVE('',#4581,#4664,#5842,.T.);
#3515=EDGE_CURVE('',#4580,#4663,#5843,.T.);
#3516=EDGE_CURVE('',#4582,#4662,#5844,.T.);
#3517=EDGE_CURVE('',#4583,#4665,#5845,.T.);
#3518=EDGE_CURVE('',#4493,#4660,#5846,.T.);
#3519=EDGE_CURVE('',#4492,#4659,#5847,.T.);
#3520=EDGE_CURVE('',#4494,#4658,#5848,.T.);
#3521=EDGE_CURVE('',#4495,#4661,#5849,.T.);
#3522=EDGE_CURVE('',#4585,#4656,#5850,.T.);
#3523=EDGE_CURVE('',#4584,#4655,#5851,.T.);
#3524=EDGE_CURVE('',#4586,#4654,#5852,.T.);
#3525=EDGE_CURVE('',#4587,#4657,#5853,.T.);
#3526=EDGE_CURVE('',#4489,#4652,#5854,.T.);
#3527=EDGE_CURVE('',#4488,#4651,#5855,.T.);
#3528=EDGE_CURVE('',#4490,#4650,#5856,.T.);
#3529=EDGE_CURVE('',#4491,#4653,#5857,.T.);
#3530=EDGE_CURVE('',#4485,#4648,#5858,.T.);
#3531=EDGE_CURVE('',#4484,#4647,#5859,.T.);
#3532=EDGE_CURVE('',#4486,#4646,#5860,.T.);
#3533=EDGE_CURVE('',#4487,#4649,#5861,.T.);
#3534=EDGE_CURVE('',#4589,#4644,#5862,.T.);
#3535=EDGE_CURVE('',#4588,#4643,#5863,.T.);
#3536=EDGE_CURVE('',#4590,#4642,#5864,.T.);
#3537=EDGE_CURVE('',#4591,#4645,#5865,.T.);
#3538=EDGE_CURVE('',#4481,#4640,#5866,.T.);
#3539=EDGE_CURVE('',#4480,#4639,#5867,.T.);
#3540=EDGE_CURVE('',#4482,#4638,#5868,.T.);
#3541=EDGE_CURVE('',#4483,#4641,#5869,.T.);
#3542=EDGE_CURVE('',#4593,#4636,#5870,.T.);
#3543=EDGE_CURVE('',#4592,#4635,#5871,.T.);
#3544=EDGE_CURVE('',#4594,#4634,#5872,.T.);
#3545=EDGE_CURVE('',#4595,#4637,#5873,.T.);
#3546=EDGE_CURVE('',#4477,#4632,#5874,.T.);
#3547=EDGE_CURVE('',#4476,#4631,#5875,.T.);
#3548=EDGE_CURVE('',#4478,#4630,#5876,.T.);
#3549=EDGE_CURVE('',#4479,#4633,#5877,.T.);
#3550=EDGE_CURVE('',#4597,#4628,#5878,.T.);
#3551=EDGE_CURVE('',#4596,#4627,#5879,.T.);
#3552=EDGE_CURVE('',#4598,#4626,#5880,.T.);
#3553=EDGE_CURVE('',#4599,#4629,#5881,.T.);
#3554=EDGE_CURVE('',#4473,#4624,#5882,.T.);
#3555=EDGE_CURVE('',#4472,#4623,#5883,.T.);
#3556=EDGE_CURVE('',#4474,#4622,#5884,.T.);
#3557=EDGE_CURVE('',#4475,#4625,#5885,.T.);
#3558=EDGE_CURVE('',#4601,#4620,#5886,.T.);
#3559=EDGE_CURVE('',#4600,#4619,#5887,.T.);
#3560=EDGE_CURVE('',#4602,#4618,#5888,.T.);
#3561=EDGE_CURVE('',#4603,#4621,#5889,.T.);
#3562=EDGE_CURVE('',#4469,#4616,#5890,.T.);
#3563=EDGE_CURVE('',#4468,#4615,#5891,.T.);
#3564=EDGE_CURVE('',#4470,#4614,#5892,.T.);
#3565=EDGE_CURVE('',#4471,#4617,#5893,.T.);
#3566=EDGE_CURVE('',#4786,#4786,#90,.T.);
#3567=EDGE_CURVE('',#4609,#4787,#5894,.T.);
#3568=EDGE_CURVE('',#4465,#4787,#5895,.T.);
#3569=EDGE_CURVE('',#4788,#4787,#5896,.T.);
#3570=EDGE_CURVE('',#4466,#4788,#5897,.T.);
#3571=EDGE_CURVE('',#4608,#4788,#5898,.T.);
#3572=EDGE_CURVE('',#4421,#4789,#5899,.T.);
#3573=EDGE_CURVE('',#4789,#4790,#5900,.F.);
#3574=EDGE_CURVE('',#4790,#4422,#5901,.F.);
#3575=EDGE_CURVE('',#4791,#4792,#5902,.T.);
#3576=EDGE_CURVE('',#4792,#4793,#5903,.T.);
#3577=EDGE_CURVE('',#4793,#4794,#5904,.F.);
#3578=EDGE_CURVE('',#4794,#4791,#5905,.F.);
#3579=EDGE_CURVE('',#4425,#4795,#5906,.T.);
#3580=EDGE_CURVE('',#4795,#4796,#5907,.T.);
#3581=EDGE_CURVE('',#4796,#4426,#5908,.F.);
#3582=EDGE_CURVE('',#4423,#4797,#5909,.T.);
#3583=EDGE_CURVE('',#4797,#4798,#5910,.T.);
#3584=EDGE_CURVE('',#4798,#4424,#5911,.F.);
#3585=EDGE_CURVE('',#4790,#4797,#91,.T.);
#3586=EDGE_CURVE('',#4798,#4795,#92,.F.);
#3587=EDGE_CURVE('',#4783,#4789,#93,.F.);
#3588=EDGE_CURVE('',#4796,#4780,#94,.F.);
#3589=EDGE_CURVE('',#4793,#4796,#95,.T.);
#3590=EDGE_CURVE('',#4794,#4795,#96,.T.);
#3591=EDGE_CURVE('',#4794,#4798,#97,.T.);
#3592=EDGE_CURVE('',#4791,#4797,#98,.T.);
#3593=EDGE_CURVE('',#4791,#4790,#99,.T.);
#3594=EDGE_CURVE('',#4792,#4789,#100,.T.);
#3595=EDGE_CURVE('',#4792,#4782,#101,.F.);
#3596=EDGE_CURVE('',#4793,#4781,#102,.T.);
#3597=EDGE_CURVE('',#4799,#4412,#5912,.T.);
#3598=EDGE_CURVE('',#4800,#4410,#5913,.T.);
#3599=EDGE_CURVE('',#4799,#4800,#5914,.T.);
#3600=EDGE_CURVE('',#4801,#4802,#5915,.T.);
#3601=EDGE_CURVE('',#4801,#4803,#5916,.T.);
#3602=EDGE_CURVE('',#4803,#4804,#5917,.T.);
#3603=EDGE_CURVE('',#4802,#4804,#5918,.T.);
#3604=EDGE_CURVE('',#4805,#4806,#103,.F.);
#3605=EDGE_CURVE('',#4806,#4807,#5919,.T.);
#3606=EDGE_CURVE('',#4807,#4808,#104,.F.);
#3607=EDGE_CURVE('',#4805,#4808,#5920,.T.);
#3608=EDGE_CURVE('',#4800,#4809,#5921,.T.);
#3609=EDGE_CURVE('',#4809,#4810,#5922,.T.);
#3610=EDGE_CURVE('',#4799,#4810,#5923,.T.);
#3611=EDGE_CURVE('',#4811,#4812,#105,.F.);
#3612=EDGE_CURVE('',#4812,#4813,#5924,.T.);
#3613=EDGE_CURVE('',#4813,#4814,#106,.F.);
#3614=EDGE_CURVE('',#4811,#4814,#5925,.T.);
#3615=EDGE_CURVE('',#4404,#4815,#5926,.T.);
#3616=EDGE_CURVE('',#4809,#4815,#5927,.T.);
#3617=EDGE_CURVE('',#4815,#4816,#5928,.T.);
#3618=EDGE_CURVE('',#4810,#4816,#5929,.T.);
#3619=EDGE_CURVE('',#4408,#4816,#5930,.T.);
#3620=EDGE_CURVE('',#4802,#4817,#5931,.T.);
#3621=EDGE_CURVE('',#4818,#4817,#5932,.T.);
#3622=EDGE_CURVE('',#4801,#4818,#5933,.T.);
#3623=EDGE_CURVE('',#4818,#4819,#5934,.T.);
#3624=EDGE_CURVE('',#4803,#4819,#5935,.T.);
#3625=EDGE_CURVE('',#4819,#4820,#5936,.T.);
#3626=EDGE_CURVE('',#4804,#4820,#5937,.T.);
#3627=EDGE_CURVE('',#4817,#4820,#5938,.T.);
#3628=EDGE_CURVE('',#4806,#4813,#5939,.F.);
#3629=EDGE_CURVE('',#4812,#4807,#5940,.T.);
#3630=EDGE_CURVE('',#4808,#4811,#5941,.F.);
#3631=EDGE_CURVE('',#4814,#4805,#5942,.T.);
#3632=EDGE_CURVE('',#4821,#4822,#5943,.T.);
#3633=EDGE_CURVE('',#4821,#4823,#5944,.T.);
#3634=EDGE_CURVE('',#4824,#4823,#5945,.T.);
#3635=EDGE_CURVE('',#4825,#4824,#5946,.T.);
#3636=EDGE_CURVE('',#4825,#4826,#5947,.T.);
#3637=EDGE_CURVE('',#4826,#4827,#5948,.T.);
#3638=EDGE_CURVE('',#4828,#4827,#5949,.T.);
#3639=EDGE_CURVE('',#4822,#4828,#5950,.T.);
#3640=EDGE_CURVE('',#4829,#4829,#107,.T.);
#3641=EDGE_CURVE('',#4830,#4830,#108,.T.);
#3642=EDGE_CURVE('',#4831,#4832,#109,.T.);
#3643=EDGE_CURVE('',#4833,#4832,#5951,.T.);
#3644=EDGE_CURVE('',#4834,#4833,#110,.T.);
#3645=EDGE_CURVE('',#4834,#4831,#5952,.T.);
#3646=EDGE_CURVE('',#4835,#4834,#5953,.T.);
#3647=EDGE_CURVE('',#4835,#4836,#5954,.T.);
#3648=EDGE_CURVE('',#4836,#4831,#5955,.T.);
#3649=EDGE_CURVE('',#4837,#4836,#111,.T.);
#3650=EDGE_CURVE('',#4838,#4835,#112,.T.);
#3651=EDGE_CURVE('',#4838,#4837,#5956,.T.);
#3652=EDGE_CURVE('',#4839,#4839,#113,.F.);
#3653=EDGE_CURVE('',#4840,#4840,#114,.F.);
#3654=EDGE_CURVE('',#4841,#4842,#5957,.T.);
#3655=EDGE_CURVE('',#4842,#4843,#5958,.T.);
#3656=EDGE_CURVE('',#4844,#4843,#5959,.T.);
#3657=EDGE_CURVE('',#4841,#4844,#5960,.F.);
#3658=EDGE_CURVE('',#4843,#4845,#5961,.T.);
#3659=EDGE_CURVE('',#4846,#4845,#5962,.T.);
#3660=EDGE_CURVE('',#4844,#4846,#5963,.F.);
#3661=EDGE_CURVE('',#4847,#4846,#5964,.T.);
#3662=EDGE_CURVE('',#4848,#4845,#5965,.T.);
#3663=EDGE_CURVE('',#4847,#4848,#5966,.T.);
#3664=EDGE_CURVE('',#4849,#4850,#5967,.T.);
#3665=EDGE_CURVE('',#4851,#4850,#115,.T.);
#3666=EDGE_CURVE('',#4852,#4851,#5968,.T.);
#3667=EDGE_CURVE('',#4852,#4849,#116,.T.);
#3668=EDGE_CURVE('',#4853,#4854,#5969,.T.);
#3669=EDGE_CURVE('',#4854,#4850,#5970,.T.);
#3670=EDGE_CURVE('',#4853,#4849,#5971,.T.);
#3671=EDGE_CURVE('',#4855,#4856,#5972,.T.);
#3672=EDGE_CURVE('',#4854,#4856,#117,.T.);
#3673=EDGE_CURVE('',#4853,#4855,#118,.T.);
#3674=EDGE_CURVE('',#4857,#4857,#119,.T.);
#3675=EDGE_CURVE('',#4858,#4858,#120,.T.);
#3676=EDGE_CURVE('',#4859,#4859,#121,.T.);
#3677=EDGE_CURVE('',#4860,#4860,#122,.T.);
#3678=EDGE_CURVE('',#4855,#4825,#5973,.T.);
#3679=EDGE_CURVE('',#4852,#4826,#5974,.T.);
#3680=EDGE_CURVE('',#4851,#4827,#5975,.T.);
#3681=EDGE_CURVE('',#4848,#4824,#5976,.T.);
#3682=EDGE_CURVE('',#4856,#4842,#5977,.T.);
#3683=EDGE_CURVE('',#4828,#4833,#5978,.T.);
#3684=EDGE_CURVE('',#4841,#4838,#5979,.T.);
#3685=EDGE_CURVE('',#4823,#4847,#5980,.T.);
#3686=EDGE_CURVE('',#4821,#4837,#5981,.T.);
#3687=EDGE_CURVE('',#4822,#4832,#5982,.T.);
#3688=EDGE_CURVE('',#4861,#4862,#5983,.T.);
#3689=EDGE_CURVE('',#4862,#4863,#5984,.T.);
#3690=EDGE_CURVE('',#4864,#4863,#5985,.T.);
#3691=EDGE_CURVE('',#4861,#4864,#5986,.T.);
#3692=EDGE_CURVE('',#4865,#4866,#5987,.T.);
#3693=EDGE_CURVE('',#4866,#4863,#5988,.T.);
#3694=EDGE_CURVE('',#4865,#4862,#5989,.T.);
#3695=EDGE_CURVE('',#4867,#4868,#5990,.T.);
#3696=EDGE_CURVE('',#4868,#4866,#5991,.T.);
#3697=EDGE_CURVE('',#4867,#4865,#5992,.T.);
#3698=EDGE_CURVE('',#4867,#4861,#5993,.T.);
#3699=EDGE_CURVE('',#4868,#4864,#5994,.T.);
#3700=EDGE_CURVE('',#4869,#4870,#5995,.T.);
#3701=EDGE_CURVE('',#4870,#4871,#5996,.T.);
#3702=EDGE_CURVE('',#4872,#4871,#5997,.T.);
#3703=EDGE_CURVE('',#4869,#4872,#5998,.T.);
#3704=EDGE_CURVE('',#4873,#4874,#5999,.T.);
#3705=EDGE_CURVE('',#4874,#4871,#6000,.T.);
#3706=EDGE_CURVE('',#4873,#4870,#6001,.T.);
#3707=EDGE_CURVE('',#4875,#4876,#6002,.T.);
#3708=EDGE_CURVE('',#4876,#4874,#6003,.T.);
#3709=EDGE_CURVE('',#4875,#4873,#6004,.T.);
#3710=EDGE_CURVE('',#4875,#4869,#6005,.T.);
#3711=EDGE_CURVE('',#4876,#4872,#6006,.T.);
#3712=EDGE_CURVE('',#4877,#4878,#6007,.T.);
#3713=EDGE_CURVE('',#4878,#4879,#6008,.T.);
#3714=EDGE_CURVE('',#4880,#4879,#6009,.T.);
#3715=EDGE_CURVE('',#4877,#4880,#6010,.T.);
#3716=EDGE_CURVE('',#4881,#4882,#6011,.T.);
#3717=EDGE_CURVE('',#4882,#4879,#6012,.T.);
#3718=EDGE_CURVE('',#4881,#4878,#6013,.T.);
#3719=EDGE_CURVE('',#4883,#4884,#6014,.T.);
#3720=EDGE_CURVE('',#4884,#4882,#6015,.T.);
#3721=EDGE_CURVE('',#4883,#4881,#6016,.T.);
#3722=EDGE_CURVE('',#4883,#4877,#6017,.T.);
#3723=EDGE_CURVE('',#4884,#4880,#6018,.T.);
#3724=EDGE_CURVE('',#4885,#4886,#6019,.T.);
#3725=EDGE_CURVE('',#4886,#4887,#6020,.T.);
#3726=EDGE_CURVE('',#4888,#4887,#6021,.T.);
#3727=EDGE_CURVE('',#4885,#4888,#6022,.T.);
#3728=EDGE_CURVE('',#4889,#4890,#6023,.T.);
#3729=EDGE_CURVE('',#4890,#4887,#6024,.T.);
#3730=EDGE_CURVE('',#4889,#4886,#6025,.T.);
#3731=EDGE_CURVE('',#4891,#4892,#6026,.T.);
#3732=EDGE_CURVE('',#4892,#4890,#6027,.T.);
#3733=EDGE_CURVE('',#4891,#4889,#6028,.T.);
#3734=EDGE_CURVE('',#4891,#4885,#6029,.T.);
#3735=EDGE_CURVE('',#4892,#4888,#6030,.T.);
#3736=EDGE_CURVE('',#4893,#4894,#6031,.T.);
#3737=EDGE_CURVE('',#4894,#4895,#6032,.T.);
#3738=EDGE_CURVE('',#4896,#4895,#6033,.T.);
#3739=EDGE_CURVE('',#4893,#4896,#6034,.T.);
#3740=EDGE_CURVE('',#4897,#4898,#6035,.T.);
#3741=EDGE_CURVE('',#4898,#4895,#6036,.T.);
#3742=EDGE_CURVE('',#4897,#4894,#6037,.T.);
#3743=EDGE_CURVE('',#4899,#4900,#6038,.T.);
#3744=EDGE_CURVE('',#4900,#4898,#6039,.T.);
#3745=EDGE_CURVE('',#4899,#4897,#6040,.T.);
#3746=EDGE_CURVE('',#4899,#4893,#6041,.T.);
#3747=EDGE_CURVE('',#4900,#4896,#6042,.T.);
#3748=EDGE_CURVE('',#4901,#4902,#6043,.T.);
#3749=EDGE_CURVE('',#4902,#4903,#6044,.T.);
#3750=EDGE_CURVE('',#4904,#4903,#6045,.T.);
#3751=EDGE_CURVE('',#4901,#4904,#6046,.T.);
#3752=EDGE_CURVE('',#4905,#4906,#6047,.T.);
#3753=EDGE_CURVE('',#4906,#4903,#6048,.T.);
#3754=EDGE_CURVE('',#4905,#4902,#6049,.T.);
#3755=EDGE_CURVE('',#4907,#4908,#6050,.T.);
#3756=EDGE_CURVE('',#4908,#4906,#6051,.T.);
#3757=EDGE_CURVE('',#4907,#4905,#6052,.T.);
#3758=EDGE_CURVE('',#4907,#4901,#6053,.T.);
#3759=EDGE_CURVE('',#4908,#4904,#6054,.T.);
#3760=EDGE_CURVE('',#4909,#4910,#6055,.T.);
#3761=EDGE_CURVE('',#4910,#4911,#6056,.T.);
#3762=EDGE_CURVE('',#4912,#4911,#6057,.T.);
#3763=EDGE_CURVE('',#4909,#4912,#6058,.T.);
#3764=EDGE_CURVE('',#4913,#4914,#6059,.T.);
#3765=EDGE_CURVE('',#4914,#4911,#6060,.T.);
#3766=EDGE_CURVE('',#4913,#4910,#6061,.T.);
#3767=EDGE_CURVE('',#4915,#4916,#6062,.T.);
#3768=EDGE_CURVE('',#4916,#4914,#6063,.T.);
#3769=EDGE_CURVE('',#4915,#4913,#6064,.T.);
#3770=EDGE_CURVE('',#4915,#4909,#6065,.T.);
#3771=EDGE_CURVE('',#4916,#4912,#6066,.T.);
#3772=EDGE_CURVE('',#4917,#4918,#6067,.T.);
#3773=EDGE_CURVE('',#4918,#4919,#6068,.T.);
#3774=EDGE_CURVE('',#4920,#4919,#6069,.T.);
#3775=EDGE_CURVE('',#4917,#4920,#6070,.T.);
#3776=EDGE_CURVE('',#4921,#4922,#6071,.T.);
#3777=EDGE_CURVE('',#4922,#4919,#6072,.T.);
#3778=EDGE_CURVE('',#4921,#4918,#6073,.T.);
#3779=EDGE_CURVE('',#4923,#4924,#6074,.T.);
#3780=EDGE_CURVE('',#4924,#4922,#6075,.T.);
#3781=EDGE_CURVE('',#4923,#4921,#6076,.T.);
#3782=EDGE_CURVE('',#4923,#4917,#6077,.T.);
#3783=EDGE_CURVE('',#4924,#4920,#6078,.T.);
#3784=EDGE_CURVE('',#4925,#4926,#6079,.T.);
#3785=EDGE_CURVE('',#4926,#4927,#6080,.T.);
#3786=EDGE_CURVE('',#4928,#4927,#6081,.T.);
#3787=EDGE_CURVE('',#4925,#4928,#6082,.T.);
#3788=EDGE_CURVE('',#4929,#4930,#6083,.T.);
#3789=EDGE_CURVE('',#4930,#4927,#6084,.T.);
#3790=EDGE_CURVE('',#4929,#4926,#6085,.T.);
#3791=EDGE_CURVE('',#4931,#4932,#6086,.T.);
#3792=EDGE_CURVE('',#4932,#4930,#6087,.T.);
#3793=EDGE_CURVE('',#4931,#4929,#6088,.T.);
#3794=EDGE_CURVE('',#4931,#4925,#6089,.T.);
#3795=EDGE_CURVE('',#4932,#4928,#6090,.T.);
#3796=EDGE_CURVE('',#4933,#4934,#6091,.T.);
#3797=EDGE_CURVE('',#4934,#4935,#6092,.T.);
#3798=EDGE_CURVE('',#4936,#4935,#6093,.T.);
#3799=EDGE_CURVE('',#4933,#4936,#6094,.T.);
#3800=EDGE_CURVE('',#4937,#4938,#6095,.T.);
#3801=EDGE_CURVE('',#4938,#4935,#6096,.T.);
#3802=EDGE_CURVE('',#4937,#4934,#6097,.T.);
#3803=EDGE_CURVE('',#4939,#4940,#6098,.T.);
#3804=EDGE_CURVE('',#4940,#4938,#6099,.T.);
#3805=EDGE_CURVE('',#4939,#4937,#6100,.T.);
#3806=EDGE_CURVE('',#4939,#4933,#6101,.T.);
#3807=EDGE_CURVE('',#4940,#4936,#6102,.T.);
#3808=EDGE_CURVE('',#4941,#4942,#6103,.T.);
#3809=EDGE_CURVE('',#4942,#4943,#6104,.T.);
#3810=EDGE_CURVE('',#4944,#4943,#6105,.T.);
#3811=EDGE_CURVE('',#4941,#4944,#6106,.T.);
#3812=EDGE_CURVE('',#4945,#4946,#6107,.T.);
#3813=EDGE_CURVE('',#4946,#4943,#6108,.T.);
#3814=EDGE_CURVE('',#4945,#4942,#6109,.T.);
#3815=EDGE_CURVE('',#4947,#4948,#6110,.T.);
#3816=EDGE_CURVE('',#4948,#4946,#6111,.T.);
#3817=EDGE_CURVE('',#4947,#4945,#6112,.T.);
#3818=EDGE_CURVE('',#4947,#4941,#6113,.T.);
#3819=EDGE_CURVE('',#4948,#4944,#6114,.T.);
#3820=EDGE_CURVE('',#4949,#4950,#6115,.T.);
#3821=EDGE_CURVE('',#4950,#4951,#6116,.T.);
#3822=EDGE_CURVE('',#4952,#4951,#6117,.T.);
#3823=EDGE_CURVE('',#4949,#4952,#6118,.T.);
#3824=EDGE_CURVE('',#4953,#4954,#6119,.T.);
#3825=EDGE_CURVE('',#4954,#4951,#6120,.T.);
#3826=EDGE_CURVE('',#4953,#4950,#6121,.T.);
#3827=EDGE_CURVE('',#4955,#4956,#6122,.T.);
#3828=EDGE_CURVE('',#4956,#4954,#6123,.T.);
#3829=EDGE_CURVE('',#4955,#4953,#6124,.T.);
#3830=EDGE_CURVE('',#4955,#4949,#6125,.T.);
#3831=EDGE_CURVE('',#4956,#4952,#6126,.T.);
#3832=EDGE_CURVE('',#4957,#4958,#6127,.T.);
#3833=EDGE_CURVE('',#4958,#4959,#6128,.T.);
#3834=EDGE_CURVE('',#4960,#4959,#6129,.T.);
#3835=EDGE_CURVE('',#4957,#4960,#6130,.T.);
#3836=EDGE_CURVE('',#4961,#4962,#6131,.T.);
#3837=EDGE_CURVE('',#4962,#4959,#6132,.T.);
#3838=EDGE_CURVE('',#4961,#4958,#6133,.T.);
#3839=EDGE_CURVE('',#4963,#4964,#6134,.T.);
#3840=EDGE_CURVE('',#4964,#4962,#6135,.T.);
#3841=EDGE_CURVE('',#4963,#4961,#6136,.T.);
#3842=EDGE_CURVE('',#4963,#4957,#6137,.T.);
#3843=EDGE_CURVE('',#4964,#4960,#6138,.T.);
#3844=EDGE_CURVE('',#4965,#4966,#6139,.T.);
#3845=EDGE_CURVE('',#4966,#4967,#6140,.T.);
#3846=EDGE_CURVE('',#4968,#4967,#6141,.T.);
#3847=EDGE_CURVE('',#4965,#4968,#6142,.T.);
#3848=EDGE_CURVE('',#4969,#4970,#6143,.T.);
#3849=EDGE_CURVE('',#4970,#4967,#6144,.T.);
#3850=EDGE_CURVE('',#4969,#4966,#6145,.T.);
#3851=EDGE_CURVE('',#4971,#4972,#6146,.T.);
#3852=EDGE_CURVE('',#4972,#4970,#6147,.T.);
#3853=EDGE_CURVE('',#4971,#4969,#6148,.T.);
#3854=EDGE_CURVE('',#4971,#4965,#6149,.T.);
#3855=EDGE_CURVE('',#4972,#4968,#6150,.T.);
#3856=EDGE_CURVE('',#4973,#4974,#6151,.T.);
#3857=EDGE_CURVE('',#4974,#4975,#6152,.T.);
#3858=EDGE_CURVE('',#4976,#4975,#6153,.T.);
#3859=EDGE_CURVE('',#4973,#4976,#6154,.T.);
#3860=EDGE_CURVE('',#4977,#4978,#6155,.T.);
#3861=EDGE_CURVE('',#4978,#4975,#6156,.T.);
#3862=EDGE_CURVE('',#4977,#4974,#6157,.T.);
#3863=EDGE_CURVE('',#4979,#4980,#6158,.T.);
#3864=EDGE_CURVE('',#4980,#4978,#6159,.T.);
#3865=EDGE_CURVE('',#4979,#4977,#6160,.T.);
#3866=EDGE_CURVE('',#4979,#4973,#6161,.T.);
#3867=EDGE_CURVE('',#4980,#4976,#6162,.T.);
#3868=EDGE_CURVE('',#4981,#4982,#6163,.T.);
#3869=EDGE_CURVE('',#4982,#4983,#6164,.T.);
#3870=EDGE_CURVE('',#4984,#4983,#6165,.T.);
#3871=EDGE_CURVE('',#4981,#4984,#6166,.T.);
#3872=EDGE_CURVE('',#4985,#4986,#6167,.T.);
#3873=EDGE_CURVE('',#4986,#4983,#6168,.T.);
#3874=EDGE_CURVE('',#4985,#4982,#6169,.T.);
#3875=EDGE_CURVE('',#4987,#4988,#6170,.T.);
#3876=EDGE_CURVE('',#4988,#4986,#6171,.T.);
#3877=EDGE_CURVE('',#4987,#4985,#6172,.T.);
#3878=EDGE_CURVE('',#4987,#4981,#6173,.T.);
#3879=EDGE_CURVE('',#4988,#4984,#6174,.T.);
#3880=EDGE_CURVE('',#4989,#4990,#6175,.T.);
#3881=EDGE_CURVE('',#4990,#4991,#6176,.T.);
#3882=EDGE_CURVE('',#4992,#4991,#6177,.T.);
#3883=EDGE_CURVE('',#4989,#4992,#6178,.T.);
#3884=EDGE_CURVE('',#4993,#4994,#6179,.T.);
#3885=EDGE_CURVE('',#4994,#4991,#6180,.T.);
#3886=EDGE_CURVE('',#4993,#4990,#6181,.T.);
#3887=EDGE_CURVE('',#4995,#4996,#6182,.T.);
#3888=EDGE_CURVE('',#4996,#4994,#6183,.T.);
#3889=EDGE_CURVE('',#4995,#4993,#6184,.T.);
#3890=EDGE_CURVE('',#4995,#4989,#6185,.T.);
#3891=EDGE_CURVE('',#4996,#4992,#6186,.T.);
#3892=EDGE_CURVE('',#4997,#4998,#6187,.T.);
#3893=EDGE_CURVE('',#4998,#4999,#6188,.T.);
#3894=EDGE_CURVE('',#5000,#4999,#6189,.T.);
#3895=EDGE_CURVE('',#4997,#5000,#6190,.T.);
#3896=EDGE_CURVE('',#5001,#5002,#6191,.T.);
#3897=EDGE_CURVE('',#5002,#4999,#6192,.T.);
#3898=EDGE_CURVE('',#5001,#4998,#6193,.T.);
#3899=EDGE_CURVE('',#5003,#5004,#6194,.T.);
#3900=EDGE_CURVE('',#5004,#5002,#6195,.T.);
#3901=EDGE_CURVE('',#5003,#5001,#6196,.T.);
#3902=EDGE_CURVE('',#5003,#4997,#6197,.T.);
#3903=EDGE_CURVE('',#5004,#5000,#6198,.T.);
#3904=EDGE_CURVE('',#5005,#5006,#6199,.T.);
#3905=EDGE_CURVE('',#5006,#5007,#6200,.T.);
#3906=EDGE_CURVE('',#5008,#5007,#6201,.T.);
#3907=EDGE_CURVE('',#5005,#5008,#6202,.T.);
#3908=EDGE_CURVE('',#5009,#5010,#6203,.T.);
#3909=EDGE_CURVE('',#5010,#5007,#6204,.T.);
#3910=EDGE_CURVE('',#5009,#5006,#6205,.T.);
#3911=EDGE_CURVE('',#5011,#5012,#6206,.T.);
#3912=EDGE_CURVE('',#5012,#5010,#6207,.T.);
#3913=EDGE_CURVE('',#5011,#5009,#6208,.T.);
#3914=EDGE_CURVE('',#5011,#5005,#6209,.T.);
#3915=EDGE_CURVE('',#5012,#5008,#6210,.T.);
#3916=EDGE_CURVE('',#5013,#5014,#6211,.T.);
#3917=EDGE_CURVE('',#5014,#5015,#6212,.T.);
#3918=EDGE_CURVE('',#5016,#5015,#6213,.T.);
#3919=EDGE_CURVE('',#5013,#5016,#6214,.T.);
#3920=EDGE_CURVE('',#5017,#5018,#6215,.T.);
#3921=EDGE_CURVE('',#5018,#5015,#6216,.T.);
#3922=EDGE_CURVE('',#5017,#5014,#6217,.T.);
#3923=EDGE_CURVE('',#5019,#5020,#6218,.T.);
#3924=EDGE_CURVE('',#5020,#5018,#6219,.T.);
#3925=EDGE_CURVE('',#5019,#5017,#6220,.T.);
#3926=EDGE_CURVE('',#5019,#5013,#6221,.T.);
#3927=EDGE_CURVE('',#5020,#5016,#6222,.T.);
#3928=EDGE_CURVE('',#5021,#5022,#6223,.T.);
#3929=EDGE_CURVE('',#5022,#5023,#6224,.T.);
#3930=EDGE_CURVE('',#5024,#5023,#6225,.T.);
#3931=EDGE_CURVE('',#5021,#5024,#6226,.T.);
#3932=EDGE_CURVE('',#5025,#5026,#6227,.T.);
#3933=EDGE_CURVE('',#5026,#5023,#6228,.T.);
#3934=EDGE_CURVE('',#5025,#5022,#6229,.T.);
#3935=EDGE_CURVE('',#5027,#5028,#6230,.T.);
#3936=EDGE_CURVE('',#5028,#5026,#6231,.T.);
#3937=EDGE_CURVE('',#5027,#5025,#6232,.T.);
#3938=EDGE_CURVE('',#5027,#5021,#6233,.T.);
#3939=EDGE_CURVE('',#5028,#5024,#6234,.T.);
#3940=EDGE_CURVE('',#5029,#5030,#6235,.T.);
#3941=EDGE_CURVE('',#5030,#5031,#6236,.T.);
#3942=EDGE_CURVE('',#5032,#5031,#6237,.T.);
#3943=EDGE_CURVE('',#5029,#5032,#6238,.T.);
#3944=EDGE_CURVE('',#5033,#5034,#6239,.T.);
#3945=EDGE_CURVE('',#5034,#5031,#6240,.T.);
#3946=EDGE_CURVE('',#5033,#5030,#6241,.T.);
#3947=EDGE_CURVE('',#5035,#5036,#6242,.T.);
#3948=EDGE_CURVE('',#5036,#5034,#6243,.T.);
#3949=EDGE_CURVE('',#5035,#5033,#6244,.T.);
#3950=EDGE_CURVE('',#5035,#5029,#6245,.T.);
#3951=EDGE_CURVE('',#5036,#5032,#6246,.T.);
#3952=EDGE_CURVE('',#5037,#5038,#6247,.T.);
#3953=EDGE_CURVE('',#5038,#5039,#6248,.T.);
#3954=EDGE_CURVE('',#5040,#5039,#6249,.T.);
#3955=EDGE_CURVE('',#5037,#5040,#6250,.T.);
#3956=EDGE_CURVE('',#5041,#5042,#6251,.T.);
#3957=EDGE_CURVE('',#5042,#5039,#6252,.T.);
#3958=EDGE_CURVE('',#5041,#5038,#6253,.T.);
#3959=EDGE_CURVE('',#5043,#5044,#6254,.T.);
#3960=EDGE_CURVE('',#5044,#5042,#6255,.T.);
#3961=EDGE_CURVE('',#5043,#5041,#6256,.T.);
#3962=EDGE_CURVE('',#5043,#5037,#6257,.T.);
#3963=EDGE_CURVE('',#5044,#5040,#6258,.T.);
#3964=EDGE_CURVE('',#5045,#5046,#6259,.T.);
#3965=EDGE_CURVE('',#5046,#5047,#6260,.T.);
#3966=EDGE_CURVE('',#5048,#5047,#6261,.T.);
#3967=EDGE_CURVE('',#5045,#5048,#6262,.T.);
#3968=EDGE_CURVE('',#5049,#5050,#6263,.T.);
#3969=EDGE_CURVE('',#5050,#5047,#6264,.T.);
#3970=EDGE_CURVE('',#5049,#5046,#6265,.T.);
#3971=EDGE_CURVE('',#5051,#5052,#6266,.T.);
#3972=EDGE_CURVE('',#5052,#5050,#6267,.T.);
#3973=EDGE_CURVE('',#5051,#5049,#6268,.T.);
#3974=EDGE_CURVE('',#5051,#5045,#6269,.T.);
#3975=EDGE_CURVE('',#5052,#5048,#6270,.T.);
#3976=EDGE_CURVE('',#5053,#5054,#6271,.T.);
#3977=EDGE_CURVE('',#5054,#5055,#6272,.T.);
#3978=EDGE_CURVE('',#5056,#5055,#6273,.T.);
#3979=EDGE_CURVE('',#5053,#5056,#6274,.T.);
#3980=EDGE_CURVE('',#5057,#5058,#6275,.T.);
#3981=EDGE_CURVE('',#5058,#5055,#6276,.T.);
#3982=EDGE_CURVE('',#5057,#5054,#6277,.T.);
#3983=EDGE_CURVE('',#5059,#5060,#6278,.T.);
#3984=EDGE_CURVE('',#5060,#5058,#6279,.T.);
#3985=EDGE_CURVE('',#5059,#5057,#6280,.T.);
#3986=EDGE_CURVE('',#5059,#5053,#6281,.T.);
#3987=EDGE_CURVE('',#5060,#5056,#6282,.T.);
#3988=EDGE_CURVE('',#5061,#5062,#6283,.T.);
#3989=EDGE_CURVE('',#5062,#5063,#6284,.T.);
#3990=EDGE_CURVE('',#5064,#5063,#6285,.T.);
#3991=EDGE_CURVE('',#5061,#5064,#6286,.T.);
#3992=EDGE_CURVE('',#5065,#5066,#6287,.T.);
#3993=EDGE_CURVE('',#5066,#5063,#6288,.T.);
#3994=EDGE_CURVE('',#5065,#5062,#6289,.T.);
#3995=EDGE_CURVE('',#5067,#5068,#6290,.T.);
#3996=EDGE_CURVE('',#5068,#5066,#6291,.T.);
#3997=EDGE_CURVE('',#5067,#5065,#6292,.T.);
#3998=EDGE_CURVE('',#5067,#5061,#6293,.T.);
#3999=EDGE_CURVE('',#5068,#5064,#6294,.T.);
#4000=EDGE_CURVE('',#5069,#5070,#6295,.T.);
#4001=EDGE_CURVE('',#5070,#5071,#6296,.T.);
#4002=EDGE_CURVE('',#5072,#5071,#6297,.T.);
#4003=EDGE_CURVE('',#5069,#5072,#6298,.T.);
#4004=EDGE_CURVE('',#5073,#5074,#6299,.T.);
#4005=EDGE_CURVE('',#5074,#5071,#6300,.T.);
#4006=EDGE_CURVE('',#5073,#5070,#6301,.T.);
#4007=EDGE_CURVE('',#5075,#5076,#6302,.T.);
#4008=EDGE_CURVE('',#5076,#5074,#6303,.T.);
#4009=EDGE_CURVE('',#5075,#5073,#6304,.T.);
#4010=EDGE_CURVE('',#5075,#5069,#6305,.T.);
#4011=EDGE_CURVE('',#5076,#5072,#6306,.T.);
#4012=EDGE_CURVE('',#5077,#5078,#6307,.T.);
#4013=EDGE_CURVE('',#5078,#5079,#6308,.T.);
#4014=EDGE_CURVE('',#5080,#5079,#6309,.T.);
#4015=EDGE_CURVE('',#5077,#5080,#6310,.T.);
#4016=EDGE_CURVE('',#5081,#5082,#6311,.T.);
#4017=EDGE_CURVE('',#5082,#5079,#6312,.T.);
#4018=EDGE_CURVE('',#5081,#5078,#6313,.T.);
#4019=EDGE_CURVE('',#5083,#5084,#6314,.T.);
#4020=EDGE_CURVE('',#5084,#5082,#6315,.T.);
#4021=EDGE_CURVE('',#5083,#5081,#6316,.T.);
#4022=EDGE_CURVE('',#5083,#5077,#6317,.T.);
#4023=EDGE_CURVE('',#5084,#5080,#6318,.T.);
#4024=EDGE_CURVE('',#5085,#5086,#6319,.T.);
#4025=EDGE_CURVE('',#5086,#5087,#6320,.T.);
#4026=EDGE_CURVE('',#5088,#5087,#6321,.T.);
#4027=EDGE_CURVE('',#5085,#5088,#6322,.T.);
#4028=EDGE_CURVE('',#5089,#5090,#6323,.T.);
#4029=EDGE_CURVE('',#5090,#5087,#6324,.T.);
#4030=EDGE_CURVE('',#5089,#5086,#6325,.T.);
#4031=EDGE_CURVE('',#5091,#5092,#6326,.T.);
#4032=EDGE_CURVE('',#5092,#5090,#6327,.T.);
#4033=EDGE_CURVE('',#5091,#5089,#6328,.T.);
#4034=EDGE_CURVE('',#5091,#5085,#6329,.T.);
#4035=EDGE_CURVE('',#5092,#5088,#6330,.T.);
#4036=EDGE_CURVE('',#5093,#5094,#6331,.T.);
#4037=EDGE_CURVE('',#5094,#5095,#6332,.T.);
#4038=EDGE_CURVE('',#5096,#5095,#6333,.T.);
#4039=EDGE_CURVE('',#5093,#5096,#6334,.T.);
#4040=EDGE_CURVE('',#5097,#5098,#6335,.T.);
#4041=EDGE_CURVE('',#5098,#5095,#6336,.T.);
#4042=EDGE_CURVE('',#5097,#5094,#6337,.T.);
#4043=EDGE_CURVE('',#5099,#5100,#6338,.T.);
#4044=EDGE_CURVE('',#5100,#5098,#6339,.T.);
#4045=EDGE_CURVE('',#5099,#5097,#6340,.T.);
#4046=EDGE_CURVE('',#5099,#5093,#6341,.T.);
#4047=EDGE_CURVE('',#5100,#5096,#6342,.T.);
#4048=EDGE_CURVE('',#5101,#5102,#6343,.T.);
#4049=EDGE_CURVE('',#5102,#5103,#6344,.T.);
#4050=EDGE_CURVE('',#5104,#5103,#6345,.T.);
#4051=EDGE_CURVE('',#5101,#5104,#6346,.T.);
#4052=EDGE_CURVE('',#5105,#5106,#6347,.T.);
#4053=EDGE_CURVE('',#5106,#5103,#6348,.T.);
#4054=EDGE_CURVE('',#5105,#5102,#6349,.T.);
#4055=EDGE_CURVE('',#5107,#5108,#6350,.T.);
#4056=EDGE_CURVE('',#5108,#5106,#6351,.T.);
#4057=EDGE_CURVE('',#5107,#5105,#6352,.T.);
#4058=EDGE_CURVE('',#5107,#5101,#6353,.T.);
#4059=EDGE_CURVE('',#5108,#5104,#6354,.T.);
#4060=EDGE_CURVE('',#5109,#5110,#6355,.T.);
#4061=EDGE_CURVE('',#5110,#5111,#6356,.T.);
#4062=EDGE_CURVE('',#5112,#5111,#6357,.T.);
#4063=EDGE_CURVE('',#5109,#5112,#6358,.T.);
#4064=EDGE_CURVE('',#5113,#5114,#6359,.T.);
#4065=EDGE_CURVE('',#5114,#5111,#6360,.T.);
#4066=EDGE_CURVE('',#5113,#5110,#6361,.T.);
#4067=EDGE_CURVE('',#5115,#5116,#6362,.T.);
#4068=EDGE_CURVE('',#5116,#5114,#6363,.T.);
#4069=EDGE_CURVE('',#5115,#5113,#6364,.T.);
#4070=EDGE_CURVE('',#5115,#5109,#6365,.T.);
#4071=EDGE_CURVE('',#5116,#5112,#6366,.T.);
#4072=EDGE_CURVE('',#5117,#5118,#6367,.T.);
#4073=EDGE_CURVE('',#5118,#5119,#6368,.T.);
#4074=EDGE_CURVE('',#5120,#5119,#6369,.T.);
#4075=EDGE_CURVE('',#5117,#5120,#6370,.T.);
#4076=EDGE_CURVE('',#5121,#5122,#6371,.T.);
#4077=EDGE_CURVE('',#5122,#5119,#6372,.T.);
#4078=EDGE_CURVE('',#5121,#5118,#6373,.T.);
#4079=EDGE_CURVE('',#5123,#5124,#6374,.T.);
#4080=EDGE_CURVE('',#5124,#5122,#6375,.T.);
#4081=EDGE_CURVE('',#5123,#5121,#6376,.T.);
#4082=EDGE_CURVE('',#5123,#5117,#6377,.T.);
#4083=EDGE_CURVE('',#5124,#5120,#6378,.T.);
#4084=EDGE_CURVE('',#5125,#5126,#6379,.T.);
#4085=EDGE_CURVE('',#5126,#5127,#6380,.T.);
#4086=EDGE_CURVE('',#5128,#5127,#6381,.T.);
#4087=EDGE_CURVE('',#5125,#5128,#6382,.T.);
#4088=EDGE_CURVE('',#5129,#5130,#6383,.T.);
#4089=EDGE_CURVE('',#5130,#5127,#6384,.T.);
#4090=EDGE_CURVE('',#5129,#5126,#6385,.T.);
#4091=EDGE_CURVE('',#5131,#5132,#6386,.T.);
#4092=EDGE_CURVE('',#5132,#5130,#6387,.T.);
#4093=EDGE_CURVE('',#5131,#5129,#6388,.T.);
#4094=EDGE_CURVE('',#5131,#5125,#6389,.T.);
#4095=EDGE_CURVE('',#5132,#5128,#6390,.T.);
#4096=EDGE_CURVE('',#5133,#5134,#6391,.T.);
#4097=EDGE_CURVE('',#5134,#5135,#6392,.T.);
#4098=EDGE_CURVE('',#5136,#5135,#6393,.T.);
#4099=EDGE_CURVE('',#5133,#5136,#6394,.T.);
#4100=EDGE_CURVE('',#5137,#5138,#6395,.T.);
#4101=EDGE_CURVE('',#5138,#5135,#6396,.T.);
#4102=EDGE_CURVE('',#5137,#5134,#6397,.T.);
#4103=EDGE_CURVE('',#5139,#5140,#6398,.T.);
#4104=EDGE_CURVE('',#5140,#5138,#6399,.T.);
#4105=EDGE_CURVE('',#5139,#5137,#6400,.T.);
#4106=EDGE_CURVE('',#5139,#5133,#6401,.T.);
#4107=EDGE_CURVE('',#5140,#5136,#6402,.T.);
#4108=EDGE_CURVE('',#5141,#5142,#6403,.T.);
#4109=EDGE_CURVE('',#5142,#5143,#6404,.T.);
#4110=EDGE_CURVE('',#5144,#5143,#6405,.T.);
#4111=EDGE_CURVE('',#5141,#5144,#6406,.T.);
#4112=EDGE_CURVE('',#5145,#5146,#6407,.T.);
#4113=EDGE_CURVE('',#5146,#5143,#6408,.T.);
#4114=EDGE_CURVE('',#5145,#5142,#6409,.T.);
#4115=EDGE_CURVE('',#5147,#5148,#6410,.T.);
#4116=EDGE_CURVE('',#5148,#5146,#6411,.T.);
#4117=EDGE_CURVE('',#5147,#5145,#6412,.T.);
#4118=EDGE_CURVE('',#5147,#5141,#6413,.T.);
#4119=EDGE_CURVE('',#5148,#5144,#6414,.T.);
#4120=EDGE_CURVE('',#5149,#5150,#6415,.T.);
#4121=EDGE_CURVE('',#5150,#5151,#6416,.T.);
#4122=EDGE_CURVE('',#5152,#5151,#6417,.T.);
#4123=EDGE_CURVE('',#5149,#5152,#6418,.T.);
#4124=EDGE_CURVE('',#5153,#5154,#6419,.T.);
#4125=EDGE_CURVE('',#5154,#5151,#6420,.T.);
#4126=EDGE_CURVE('',#5153,#5150,#6421,.T.);
#4127=EDGE_CURVE('',#5155,#5156,#6422,.T.);
#4128=EDGE_CURVE('',#5156,#5154,#6423,.T.);
#4129=EDGE_CURVE('',#5155,#5153,#6424,.T.);
#4130=EDGE_CURVE('',#5155,#5149,#6425,.T.);
#4131=EDGE_CURVE('',#5156,#5152,#6426,.T.);
#4132=EDGE_CURVE('',#5157,#5158,#6427,.T.);
#4133=EDGE_CURVE('',#5158,#5159,#6428,.T.);
#4134=EDGE_CURVE('',#5160,#5159,#6429,.T.);
#4135=EDGE_CURVE('',#5157,#5160,#6430,.T.);
#4136=EDGE_CURVE('',#5161,#5162,#6431,.T.);
#4137=EDGE_CURVE('',#5162,#5159,#6432,.T.);
#4138=EDGE_CURVE('',#5161,#5158,#6433,.T.);
#4139=EDGE_CURVE('',#5163,#5164,#6434,.T.);
#4140=EDGE_CURVE('',#5164,#5162,#6435,.T.);
#4141=EDGE_CURVE('',#5163,#5161,#6436,.T.);
#4142=EDGE_CURVE('',#5163,#5157,#6437,.T.);
#4143=EDGE_CURVE('',#5164,#5160,#6438,.T.);
#4144=EDGE_CURVE('',#5165,#5166,#6439,.T.);
#4145=EDGE_CURVE('',#5166,#5167,#6440,.T.);
#4146=EDGE_CURVE('',#5168,#5167,#6441,.T.);
#4147=EDGE_CURVE('',#5165,#5168,#6442,.T.);
#4148=EDGE_CURVE('',#5169,#5170,#6443,.T.);
#4149=EDGE_CURVE('',#5170,#5167,#6444,.T.);
#4150=EDGE_CURVE('',#5169,#5166,#6445,.T.);
#4151=EDGE_CURVE('',#5171,#5172,#6446,.T.);
#4152=EDGE_CURVE('',#5172,#5170,#6447,.T.);
#4153=EDGE_CURVE('',#5171,#5169,#6448,.T.);
#4154=EDGE_CURVE('',#5171,#5165,#6449,.T.);
#4155=EDGE_CURVE('',#5172,#5168,#6450,.T.);
#4156=EDGE_CURVE('',#5173,#5174,#6451,.T.);
#4157=EDGE_CURVE('',#5174,#5175,#6452,.T.);
#4158=EDGE_CURVE('',#5176,#5175,#6453,.T.);
#4159=EDGE_CURVE('',#5173,#5176,#6454,.T.);
#4160=EDGE_CURVE('',#5177,#5178,#6455,.T.);
#4161=EDGE_CURVE('',#5178,#5175,#6456,.T.);
#4162=EDGE_CURVE('',#5177,#5174,#6457,.T.);
#4163=EDGE_CURVE('',#5179,#5180,#6458,.T.);
#4164=EDGE_CURVE('',#5180,#5178,#6459,.T.);
#4165=EDGE_CURVE('',#5179,#5177,#6460,.T.);
#4166=EDGE_CURVE('',#5179,#5173,#6461,.T.);
#4167=EDGE_CURVE('',#5180,#5176,#6462,.T.);
#4168=EDGE_CURVE('',#5181,#5182,#6463,.T.);
#4169=EDGE_CURVE('',#5182,#5183,#6464,.T.);
#4170=EDGE_CURVE('',#5184,#5183,#6465,.T.);
#4171=EDGE_CURVE('',#5181,#5184,#6466,.T.);
#4172=EDGE_CURVE('',#5185,#5186,#6467,.T.);
#4173=EDGE_CURVE('',#5186,#5183,#6468,.T.);
#4174=EDGE_CURVE('',#5185,#5182,#6469,.T.);
#4175=EDGE_CURVE('',#5187,#5188,#6470,.T.);
#4176=EDGE_CURVE('',#5188,#5186,#6471,.T.);
#4177=EDGE_CURVE('',#5187,#5185,#6472,.T.);
#4178=EDGE_CURVE('',#5187,#5181,#6473,.T.);
#4179=EDGE_CURVE('',#5188,#5184,#6474,.T.);
#4180=EDGE_CURVE('',#5189,#5190,#6475,.T.);
#4181=EDGE_CURVE('',#5190,#5191,#6476,.T.);
#4182=EDGE_CURVE('',#5192,#5191,#6477,.T.);
#4183=EDGE_CURVE('',#5189,#5192,#6478,.T.);
#4184=EDGE_CURVE('',#5193,#5194,#6479,.T.);
#4185=EDGE_CURVE('',#5194,#5191,#6480,.T.);
#4186=EDGE_CURVE('',#5193,#5190,#6481,.T.);
#4187=EDGE_CURVE('',#5195,#5196,#6482,.T.);
#4188=EDGE_CURVE('',#5196,#5194,#6483,.T.);
#4189=EDGE_CURVE('',#5195,#5193,#6484,.T.);
#4190=EDGE_CURVE('',#5195,#5189,#6485,.T.);
#4191=EDGE_CURVE('',#5196,#5192,#6486,.T.);
#4192=EDGE_CURVE('',#5197,#5198,#6487,.T.);
#4193=EDGE_CURVE('',#5198,#5199,#6488,.T.);
#4194=EDGE_CURVE('',#5200,#5199,#6489,.T.);
#4195=EDGE_CURVE('',#5197,#5200,#6490,.T.);
#4196=EDGE_CURVE('',#5201,#5202,#6491,.T.);
#4197=EDGE_CURVE('',#5202,#5199,#6492,.T.);
#4198=EDGE_CURVE('',#5201,#5198,#6493,.T.);
#4199=EDGE_CURVE('',#5203,#5204,#6494,.T.);
#4200=EDGE_CURVE('',#5204,#5202,#6495,.T.);
#4201=EDGE_CURVE('',#5203,#5201,#6496,.T.);
#4202=EDGE_CURVE('',#5203,#5197,#6497,.T.);
#4203=EDGE_CURVE('',#5204,#5200,#6498,.T.);
#4204=EDGE_CURVE('',#5205,#5206,#6499,.T.);
#4205=EDGE_CURVE('',#5207,#5206,#6500,.T.);
#4206=EDGE_CURVE('',#5208,#5207,#6501,.T.);
#4207=EDGE_CURVE('',#5208,#5205,#6502,.T.);
#4208=EDGE_CURVE('',#5209,#5210,#6503,.T.);
#4209=EDGE_CURVE('',#5210,#5211,#6504,.T.);
#4210=EDGE_CURVE('',#5212,#5211,#6505,.T.);
#4211=EDGE_CURVE('',#5209,#5212,#6506,.T.);
#4212=EDGE_CURVE('',#5213,#5214,#6507,.T.);
#4213=EDGE_CURVE('',#5214,#5211,#6508,.T.);
#4214=EDGE_CURVE('',#5213,#5210,#6509,.T.);
#4215=EDGE_CURVE('',#5215,#5216,#6510,.T.);
#4216=EDGE_CURVE('',#5216,#5214,#6511,.T.);
#4217=EDGE_CURVE('',#5215,#5213,#6512,.T.);
#4218=EDGE_CURVE('',#5215,#5209,#6513,.T.);
#4219=EDGE_CURVE('',#5216,#5212,#6514,.T.);
#4220=EDGE_CURVE('',#5217,#5218,#6515,.T.);
#4221=EDGE_CURVE('',#5218,#5219,#6516,.T.);
#4222=EDGE_CURVE('',#5220,#5219,#6517,.T.);
#4223=EDGE_CURVE('',#5217,#5220,#6518,.T.);
#4224=EDGE_CURVE('',#5221,#5222,#6519,.T.);
#4225=EDGE_CURVE('',#5222,#5219,#6520,.T.);
#4226=EDGE_CURVE('',#5221,#5218,#6521,.T.);
#4227=EDGE_CURVE('',#5223,#5224,#6522,.T.);
#4228=EDGE_CURVE('',#5224,#5222,#6523,.T.);
#4229=EDGE_CURVE('',#5223,#5221,#6524,.T.);
#4230=EDGE_CURVE('',#5223,#5217,#6525,.T.);
#4231=EDGE_CURVE('',#5224,#5220,#6526,.T.);
#4232=EDGE_CURVE('',#5225,#5226,#6527,.T.);
#4233=EDGE_CURVE('',#5226,#5227,#6528,.T.);
#4234=EDGE_CURVE('',#5228,#5227,#6529,.T.);
#4235=EDGE_CURVE('',#5225,#5228,#6530,.T.);
#4236=EDGE_CURVE('',#5229,#5230,#6531,.T.);
#4237=EDGE_CURVE('',#5230,#5227,#6532,.T.);
#4238=EDGE_CURVE('',#5229,#5226,#6533,.T.);
#4239=EDGE_CURVE('',#5231,#5232,#6534,.T.);
#4240=EDGE_CURVE('',#5232,#5230,#6535,.T.);
#4241=EDGE_CURVE('',#5231,#5229,#6536,.T.);
#4242=EDGE_CURVE('',#5231,#5225,#6537,.T.);
#4243=EDGE_CURVE('',#5232,#5228,#6538,.T.);
#4244=EDGE_CURVE('',#5233,#5234,#6539,.T.);
#4245=EDGE_CURVE('',#5234,#5235,#6540,.T.);
#4246=EDGE_CURVE('',#5236,#5235,#6541,.T.);
#4247=EDGE_CURVE('',#5233,#5236,#6542,.T.);
#4248=EDGE_CURVE('',#5237,#5238,#6543,.T.);
#4249=EDGE_CURVE('',#5238,#5235,#6544,.T.);
#4250=EDGE_CURVE('',#5237,#5234,#6545,.T.);
#4251=EDGE_CURVE('',#5239,#5240,#6546,.T.);
#4252=EDGE_CURVE('',#5240,#5238,#6547,.T.);
#4253=EDGE_CURVE('',#5239,#5237,#6548,.T.);
#4254=EDGE_CURVE('',#5239,#5233,#6549,.T.);
#4255=EDGE_CURVE('',#5240,#5236,#6550,.T.);
#4256=EDGE_CURVE('',#5241,#5242,#6551,.T.);
#4257=EDGE_CURVE('',#5242,#5243,#6552,.T.);
#4258=EDGE_CURVE('',#5244,#5243,#6553,.T.);
#4259=EDGE_CURVE('',#5241,#5244,#6554,.T.);
#4260=EDGE_CURVE('',#5245,#5246,#6555,.T.);
#4261=EDGE_CURVE('',#5246,#5243,#6556,.T.);
#4262=EDGE_CURVE('',#5245,#5242,#6557,.T.);
#4263=EDGE_CURVE('',#5247,#5248,#6558,.T.);
#4264=EDGE_CURVE('',#5248,#5246,#6559,.T.);
#4265=EDGE_CURVE('',#5247,#5245,#6560,.T.);
#4266=EDGE_CURVE('',#5247,#5241,#6561,.T.);
#4267=EDGE_CURVE('',#5248,#5244,#6562,.T.);
#4268=EDGE_CURVE('',#5249,#5250,#6563,.T.);
#4269=EDGE_CURVE('',#5250,#5251,#6564,.T.);
#4270=EDGE_CURVE('',#5252,#5251,#6565,.T.);
#4271=EDGE_CURVE('',#5249,#5252,#6566,.T.);
#4272=EDGE_CURVE('',#5253,#5254,#6567,.T.);
#4273=EDGE_CURVE('',#5254,#5251,#6568,.T.);
#4274=EDGE_CURVE('',#5253,#5250,#6569,.T.);
#4275=EDGE_CURVE('',#5255,#5256,#6570,.T.);
#4276=EDGE_CURVE('',#5256,#5254,#6571,.T.);
#4277=EDGE_CURVE('',#5255,#5253,#6572,.T.);
#4278=EDGE_CURVE('',#5255,#5249,#6573,.T.);
#4279=EDGE_CURVE('',#5256,#5252,#6574,.T.);
#4280=EDGE_CURVE('',#5257,#5257,#123,.T.);
#4281=EDGE_CURVE('',#5258,#5258,#124,.T.);
#4282=EDGE_CURVE('',#5259,#5259,#125,.T.);
#4283=EDGE_CURVE('',#5260,#5260,#126,.T.);
#4284=EDGE_CURVE('',#5261,#5205,#127,.T.);
#4285=EDGE_CURVE('',#5262,#5208,#128,.T.);
#4286=EDGE_CURVE('',#5262,#5261,#6575,.T.);
#4287=EDGE_CURVE('',#5206,#5263,#129,.T.);
#4288=EDGE_CURVE('',#5264,#5263,#6576,.T.);
#4289=EDGE_CURVE('',#5207,#5264,#130,.T.);
#4290=EDGE_CURVE('',#5265,#5266,#6577,.T.);
#4291=EDGE_CURVE('',#5266,#5267,#6578,.T.);
#4292=EDGE_CURVE('',#5268,#5267,#6579,.T.);
#4293=EDGE_CURVE('',#5265,#5268,#6580,.T.);
#4294=EDGE_CURVE('',#5269,#5270,#6581,.T.);
#4295=EDGE_CURVE('',#5270,#5271,#6582,.T.);
#4296=EDGE_CURVE('',#5272,#5271,#6583,.T.);
#4297=EDGE_CURVE('',#5269,#5272,#6584,.T.);
#4298=EDGE_CURVE('',#5273,#5274,#6585,.T.);
#4299=EDGE_CURVE('',#5274,#5275,#6586,.T.);
#4300=EDGE_CURVE('',#5276,#5275,#6587,.T.);
#4301=EDGE_CURVE('',#5273,#5276,#6588,.T.);
#4302=EDGE_CURVE('',#5277,#5278,#6589,.T.);
#4303=EDGE_CURVE('',#5278,#5279,#6590,.T.);
#4304=EDGE_CURVE('',#5280,#5279,#6591,.T.);
#4305=EDGE_CURVE('',#5277,#5280,#6592,.T.);
#4306=EDGE_CURVE('',#5281,#5282,#6593,.T.);
#4307=EDGE_CURVE('',#5282,#5283,#6594,.T.);
#4308=EDGE_CURVE('',#5284,#5283,#6595,.T.);
#4309=EDGE_CURVE('',#5281,#5284,#6596,.T.);
#4310=EDGE_CURVE('',#5285,#5286,#6597,.T.);
#4311=EDGE_CURVE('',#5286,#5287,#6598,.T.);
#4312=EDGE_CURVE('',#5288,#5287,#6599,.T.);
#4313=EDGE_CURVE('',#5285,#5288,#6600,.T.);
#4314=EDGE_CURVE('',#5289,#5290,#6601,.T.);
#4315=EDGE_CURVE('',#5289,#5264,#6602,.T.);
#4316=EDGE_CURVE('',#5290,#5263,#6603,.T.);
#4317=EDGE_CURVE('',#5287,#5291,#6604,.T.);
#4318=EDGE_CURVE('',#5291,#5292,#6605,.T.);
#4319=EDGE_CURVE('',#5288,#5292,#6606,.T.);
#4320=EDGE_CURVE('',#5293,#5294,#6607,.T.);
#4321=EDGE_CURVE('',#5286,#5293,#6608,.T.);
#4322=EDGE_CURVE('',#5285,#5294,#6609,.T.);
#4323=EDGE_CURVE('',#5283,#5295,#6610,.T.);
#4324=EDGE_CURVE('',#5295,#5296,#6611,.T.);
#4325=EDGE_CURVE('',#5284,#5296,#6612,.T.);
#4326=EDGE_CURVE('',#5297,#5298,#6613,.T.);
#4327=EDGE_CURVE('',#5282,#5297,#6614,.T.);
#4328=EDGE_CURVE('',#5281,#5298,#6615,.T.);
#4329=EDGE_CURVE('',#5279,#5299,#6616,.T.);
#4330=EDGE_CURVE('',#5299,#5300,#6617,.T.);
#4331=EDGE_CURVE('',#5280,#5300,#6618,.T.);
#4332=EDGE_CURVE('',#5301,#5302,#6619,.T.);
#4333=EDGE_CURVE('',#5278,#5301,#6620,.T.);
#4334=EDGE_CURVE('',#5277,#5302,#6621,.T.);
#4335=EDGE_CURVE('',#5267,#5303,#6622,.T.);
#4336=EDGE_CURVE('',#5303,#5304,#6623,.T.);
#4337=EDGE_CURVE('',#5268,#5304,#6624,.T.);
#4338=EDGE_CURVE('',#5305,#5306,#6625,.T.);
#4339=EDGE_CURVE('',#5266,#5305,#6626,.T.);
#4340=EDGE_CURVE('',#5265,#5306,#6627,.T.);
#4341=EDGE_CURVE('',#5271,#5307,#6628,.T.);
#4342=EDGE_CURVE('',#5307,#5308,#6629,.T.);
#4343=EDGE_CURVE('',#5272,#5308,#6630,.T.);
#4344=EDGE_CURVE('',#5309,#5310,#6631,.T.);
#4345=EDGE_CURVE('',#5270,#5309,#6632,.T.);
#4346=EDGE_CURVE('',#5269,#5310,#6633,.T.);
#4347=EDGE_CURVE('',#5275,#5311,#6634,.T.);
#4348=EDGE_CURVE('',#5311,#5312,#6635,.T.);
#4349=EDGE_CURVE('',#5276,#5312,#6636,.T.);
#4350=EDGE_CURVE('',#5313,#5314,#6637,.T.);
#4351=EDGE_CURVE('',#5274,#5313,#6638,.T.);
#4352=EDGE_CURVE('',#5273,#5314,#6639,.T.);
#4353=EDGE_CURVE('',#5315,#5262,#6640,.T.);
#4354=EDGE_CURVE('',#5315,#5316,#6641,.T.);
#4355=EDGE_CURVE('',#5316,#5261,#6642,.T.);
#4356=EDGE_CURVE('',#5316,#5314,#6643,.T.);
#4357=EDGE_CURVE('',#5312,#5310,#6644,.T.);
#4358=EDGE_CURVE('',#5308,#5306,#6645,.T.);
#4359=EDGE_CURVE('',#5304,#5302,#6646,.T.);
#4360=EDGE_CURVE('',#5300,#5298,#6647,.T.);
#4361=EDGE_CURVE('',#5296,#5294,#6648,.T.);
#4362=EDGE_CURVE('',#5292,#5290,#6649,.T.);
#4363=EDGE_CURVE('',#5315,#5313,#6650,.T.);
#4364=EDGE_CURVE('',#5291,#5289,#6651,.T.);
#4365=EDGE_CURVE('',#5295,#5293,#6652,.T.);
#4366=EDGE_CURVE('',#5299,#5297,#6653,.T.);
#4367=EDGE_CURVE('',#5303,#5301,#6654,.T.);
#4368=EDGE_CURVE('',#5307,#5305,#6655,.T.);
#4369=EDGE_CURVE('',#5311,#5309,#6656,.T.);
#4370=VERTEX_POINT('',#13439);
#4371=VERTEX_POINT('',#13440);
#4372=VERTEX_POINT('',#13442);
#4373=VERTEX_POINT('',#13444);
#4374=VERTEX_POINT('',#13448);
#4375=VERTEX_POINT('',#13449);
#4376=VERTEX_POINT('',#13451);
#4377=VERTEX_POINT('',#13453);
#4378=VERTEX_POINT('',#13457);
#4379=VERTEX_POINT('',#13458);
#4380=VERTEX_POINT('',#13460);
#4381=VERTEX_POINT('',#13462);
#4382=VERTEX_POINT('',#13469);
#4383=VERTEX_POINT('',#13471);
#4384=VERTEX_POINT('',#13474);
#4385=VERTEX_POINT('',#13477);
#4386=VERTEX_POINT('',#13479);
#4387=VERTEX_POINT('',#13481);
#4388=VERTEX_POINT('',#13483);
#4389=VERTEX_POINT('',#13485);
#4390=VERTEX_POINT('',#13487);
#4391=VERTEX_POINT('',#13492);
#4392=VERTEX_POINT('',#13494);
#4393=VERTEX_POINT('',#13497);
#4394=VERTEX_POINT('',#13500);
#4395=VERTEX_POINT('',#13502);
#4396=VERTEX_POINT('',#13506);
#4397=VERTEX_POINT('',#13510);
#4398=VERTEX_POINT('',#13514);
#4399=VERTEX_POINT('',#13518);
#4400=VERTEX_POINT('',#13522);
#4401=VERTEX_POINT('',#13525);
#4402=VERTEX_POINT('',#13536);
#4403=VERTEX_POINT('',#13537);
#4404=VERTEX_POINT('',#13539);
#4405=VERTEX_POINT('',#13541);
#4406=VERTEX_POINT('',#13545);
#4407=VERTEX_POINT('',#13546);
#4408=VERTEX_POINT('',#13551);
#4409=VERTEX_POINT('',#13553);
#4410=VERTEX_POINT('',#13557);
#4411=VERTEX_POINT('',#13558);
#4412=VERTEX_POINT('',#13560);
#4413=VERTEX_POINT('',#13562);
#4414=VERTEX_POINT('',#13564);
#4415=VERTEX_POINT('',#13566);
#4416=VERTEX_POINT('',#13568);
#4417=VERTEX_POINT('',#13570);
#4418=VERTEX_POINT('',#13574);
#4419=VERTEX_POINT('',#13576);
#4420=VERTEX_POINT('',#13578);
#4421=VERTEX_POINT('',#13580);
#4422=VERTEX_POINT('',#13582);
#4423=VERTEX_POINT('',#13584);
#4424=VERTEX_POINT('',#13586);
#4425=VERTEX_POINT('',#13588);
#4426=VERTEX_POINT('',#13590);
#4427=VERTEX_POINT('',#13592);
#4428=VERTEX_POINT('',#13594);
#4429=VERTEX_POINT('',#13596);
#4430=VERTEX_POINT('',#13600);
#4431=VERTEX_POINT('',#13602);
#4432=VERTEX_POINT('',#13604);
#4433=VERTEX_POINT('',#13606);
#4434=VERTEX_POINT('',#13608);
#4435=VERTEX_POINT('',#13610);
#4436=VERTEX_POINT('',#13612);
#4437=VERTEX_POINT('',#13614);
#4438=VERTEX_POINT('',#13616);
#4439=VERTEX_POINT('',#13618);
#4440=VERTEX_POINT('',#13620);
#4441=VERTEX_POINT('',#13622);
#4442=VERTEX_POINT('',#13624);
#4443=VERTEX_POINT('',#13626);
#4444=VERTEX_POINT('',#13628);
#4445=VERTEX_POINT('',#13630);
#4446=VERTEX_POINT('',#13632);
#4447=VERTEX_POINT('',#13634);
#4448=VERTEX_POINT('',#13636);
#4449=VERTEX_POINT('',#13638);
#4450=VERTEX_POINT('',#13640);
#4451=VERTEX_POINT('',#13642);
#4452=VERTEX_POINT('',#13644);
#4453=VERTEX_POINT('',#13646);
#4454=VERTEX_POINT('',#13648);
#4455=VERTEX_POINT('',#13650);
#4456=VERTEX_POINT('',#13652);
#4457=VERTEX_POINT('',#13654);
#4458=VERTEX_POINT('',#13658);
#4459=VERTEX_POINT('',#13660);
#4460=VERTEX_POINT('',#13662);
#4461=VERTEX_POINT('',#13664);
#4462=VERTEX_POINT('',#13666);
#4463=VERTEX_POINT('',#13668);
#4464=VERTEX_POINT('',#13670);
#4465=VERTEX_POINT('',#13672);
#4466=VERTEX_POINT('',#13674);
#4467=VERTEX_POINT('',#13676);
#4468=VERTEX_POINT('',#13680);
#4469=VERTEX_POINT('',#13681);
#4470=VERTEX_POINT('',#13683);
#4471=VERTEX_POINT('',#13685);
#4472=VERTEX_POINT('',#13688);
#4473=VERTEX_POINT('',#13689);
#4474=VERTEX_POINT('',#13691);
#4475=VERTEX_POINT('',#13693);
#4476=VERTEX_POINT('',#13696);
#4477=VERTEX_POINT('',#13697);
#4478=VERTEX_POINT('',#13699);
#4479=VERTEX_POINT('',#13701);
#4480=VERTEX_POINT('',#13704);
#4481=VERTEX_POINT('',#13705);
#4482=VERTEX_POINT('',#13707);
#4483=VERTEX_POINT('',#13709);
#4484=VERTEX_POINT('',#13712);
#4485=VERTEX_POINT('',#13713);
#4486=VERTEX_POINT('',#13715);
#4487=VERTEX_POINT('',#13717);
#4488=VERTEX_POINT('',#13720);
#4489=VERTEX_POINT('',#13721);
#4490=VERTEX_POINT('',#13723);
#4491=VERTEX_POINT('',#13725);
#4492=VERTEX_POINT('',#13728);
#4493=VERTEX_POINT('',#13729);
#4494=VERTEX_POINT('',#13731);
#4495=VERTEX_POINT('',#13733);
#4496=VERTEX_POINT('',#13736);
#4497=VERTEX_POINT('',#13737);
#4498=VERTEX_POINT('',#13739);
#4499=VERTEX_POINT('',#13741);
#4500=VERTEX_POINT('',#13744);
#4501=VERTEX_POINT('',#13745);
#4502=VERTEX_POINT('',#13747);
#4503=VERTEX_POINT('',#13749);
#4504=VERTEX_POINT('',#13752);
#4505=VERTEX_POINT('',#13753);
#4506=VERTEX_POINT('',#13755);
#4507=VERTEX_POINT('',#13757);
#4508=VERTEX_POINT('',#13760);
#4509=VERTEX_POINT('',#13761);
#4510=VERTEX_POINT('',#13763);
#4511=VERTEX_POINT('',#13765);
#4512=VERTEX_POINT('',#13768);
#4513=VERTEX_POINT('',#13769);
#4514=VERTEX_POINT('',#13771);
#4515=VERTEX_POINT('',#13773);
#4516=VERTEX_POINT('',#13776);
#4517=VERTEX_POINT('',#13777);
#4518=VERTEX_POINT('',#13779);
#4519=VERTEX_POINT('',#13781);
#4520=VERTEX_POINT('',#13784);
#4521=VERTEX_POINT('',#13785);
#4522=VERTEX_POINT('',#13787);
#4523=VERTEX_POINT('',#13789);
#4524=VERTEX_POINT('',#13792);
#4525=VERTEX_POINT('',#13793);
#4526=VERTEX_POINT('',#13795);
#4527=VERTEX_POINT('',#13797);
#4528=VERTEX_POINT('',#13800);
#4529=VERTEX_POINT('',#13801);
#4530=VERTEX_POINT('',#13803);
#4531=VERTEX_POINT('',#13805);
#4532=VERTEX_POINT('',#13808);
#4533=VERTEX_POINT('',#13809);
#4534=VERTEX_POINT('',#13811);
#4535=VERTEX_POINT('',#13813);
#4536=VERTEX_POINT('',#13816);
#4537=VERTEX_POINT('',#13817);
#4538=VERTEX_POINT('',#13819);
#4539=VERTEX_POINT('',#13821);
#4540=VERTEX_POINT('',#13824);
#4541=VERTEX_POINT('',#13825);
#4542=VERTEX_POINT('',#13827);
#4543=VERTEX_POINT('',#13829);
#4544=VERTEX_POINT('',#13832);
#4545=VERTEX_POINT('',#13833);
#4546=VERTEX_POINT('',#13835);
#4547=VERTEX_POINT('',#13837);
#4548=VERTEX_POINT('',#13840);
#4549=VERTEX_POINT('',#13841);
#4550=VERTEX_POINT('',#13843);
#4551=VERTEX_POINT('',#13845);
#4552=VERTEX_POINT('',#13848);
#4553=VERTEX_POINT('',#13849);
#4554=VERTEX_POINT('',#13851);
#4555=VERTEX_POINT('',#13853);
#4556=VERTEX_POINT('',#13856);
#4557=VERTEX_POINT('',#13857);
#4558=VERTEX_POINT('',#13859);
#4559=VERTEX_POINT('',#13861);
#4560=VERTEX_POINT('',#13864);
#4561=VERTEX_POINT('',#13865);
#4562=VERTEX_POINT('',#13867);
#4563=VERTEX_POINT('',#13869);
#4564=VERTEX_POINT('',#13872);
#4565=VERTEX_POINT('',#13873);
#4566=VERTEX_POINT('',#13875);
#4567=VERTEX_POINT('',#13877);
#4568=VERTEX_POINT('',#13880);
#4569=VERTEX_POINT('',#13881);
#4570=VERTEX_POINT('',#13883);
#4571=VERTEX_POINT('',#13885);
#4572=VERTEX_POINT('',#13888);
#4573=VERTEX_POINT('',#13889);
#4574=VERTEX_POINT('',#13891);
#4575=VERTEX_POINT('',#13893);
#4576=VERTEX_POINT('',#13896);
#4577=VERTEX_POINT('',#13897);
#4578=VERTEX_POINT('',#13899);
#4579=VERTEX_POINT('',#13901);
#4580=VERTEX_POINT('',#13904);
#4581=VERTEX_POINT('',#13905);
#4582=VERTEX_POINT('',#13907);
#4583=VERTEX_POINT('',#13909);
#4584=VERTEX_POINT('',#13912);
#4585=VERTEX_POINT('',#13913);
#4586=VERTEX_POINT('',#13915);
#4587=VERTEX_POINT('',#13917);
#4588=VERTEX_POINT('',#13920);
#4589=VERTEX_POINT('',#13921);
#4590=VERTEX_POINT('',#13923);
#4591=VERTEX_POINT('',#13925);
#4592=VERTEX_POINT('',#13928);
#4593=VERTEX_POINT('',#13929);
#4594=VERTEX_POINT('',#13931);
#4595=VERTEX_POINT('',#13933);
#4596=VERTEX_POINT('',#13936);
#4597=VERTEX_POINT('',#13937);
#4598=VERTEX_POINT('',#13939);
#4599=VERTEX_POINT('',#13941);
#4600=VERTEX_POINT('',#13944);
#4601=VERTEX_POINT('',#13945);
#4602=VERTEX_POINT('',#13947);
#4603=VERTEX_POINT('',#13949);
#4604=VERTEX_POINT('',#13952);
#4605=VERTEX_POINT('',#13954);
#4606=VERTEX_POINT('',#13956);
#4607=VERTEX_POINT('',#13959);
#4608=VERTEX_POINT('',#13961);
#4609=VERTEX_POINT('',#13963);
#4610=VERTEX_POINT('',#13968);
#4611=VERTEX_POINT('',#13971);
#4612=VERTEX_POINT('',#13973);
#4613=VERTEX_POINT('',#13979);
#4614=VERTEX_POINT('',#13981);
#4615=VERTEX_POINT('',#13982);
#4616=VERTEX_POINT('',#13984);
#4617=VERTEX_POINT('',#13986);
#4618=VERTEX_POINT('',#13989);
#4619=VERTEX_POINT('',#13990);
#4620=VERTEX_POINT('',#13992);
#4621=VERTEX_POINT('',#13994);
#4622=VERTEX_POINT('',#13997);
#4623=VERTEX_POINT('',#13998);
#4624=VERTEX_POINT('',#14000);
#4625=VERTEX_POINT('',#14002);
#4626=VERTEX_POINT('',#14005);
#4627=VERTEX_POINT('',#14006);
#4628=VERTEX_POINT('',#14008);
#4629=VERTEX_POINT('',#14010);
#4630=VERTEX_POINT('',#14013);
#4631=VERTEX_POINT('',#14014);
#4632=VERTEX_POINT('',#14016);
#4633=VERTEX_POINT('',#14018);
#4634=VERTEX_POINT('',#14021);
#4635=VERTEX_POINT('',#14022);
#4636=VERTEX_POINT('',#14024);
#4637=VERTEX_POINT('',#14026);
#4638=VERTEX_POINT('',#14029);
#4639=VERTEX_POINT('',#14030);
#4640=VERTEX_POINT('',#14032);
#4641=VERTEX_POINT('',#14034);
#4642=VERTEX_POINT('',#14037);
#4643=VERTEX_POINT('',#14038);
#4644=VERTEX_POINT('',#14040);
#4645=VERTEX_POINT('',#14042);
#4646=VERTEX_POINT('',#14045);
#4647=VERTEX_POINT('',#14046);
#4648=VERTEX_POINT('',#14048);
#4649=VERTEX_POINT('',#14050);
#4650=VERTEX_POINT('',#14053);
#4651=VERTEX_POINT('',#14054);
#4652=VERTEX_POINT('',#14056);
#4653=VERTEX_POINT('',#14058);
#4654=VERTEX_POINT('',#14061);
#4655=VERTEX_POINT('',#14062);
#4656=VERTEX_POINT('',#14064);
#4657=VERTEX_POINT('',#14066);
#4658=VERTEX_POINT('',#14069);
#4659=VERTEX_POINT('',#14070);
#4660=VERTEX_POINT('',#14072);
#4661=VERTEX_POINT('',#14074);
#4662=VERTEX_POINT('',#14077);
#4663=VERTEX_POINT('',#14078);
#4664=VERTEX_POINT('',#14080);
#4665=VERTEX_POINT('',#14082);
#4666=VERTEX_POINT('',#14085);
#4667=VERTEX_POINT('',#14086);
#4668=VERTEX_POINT('',#14088);
#4669=VERTEX_POINT('',#14090);
#4670=VERTEX_POINT('',#14093);
#4671=VERTEX_POINT('',#14094);
#4672=VERTEX_POINT('',#14096);
#4673=VERTEX_POINT('',#14098);
#4674=VERTEX_POINT('',#14101);
#4675=VERTEX_POINT('',#14102);
#4676=VERTEX_POINT('',#14104);
#4677=VERTEX_POINT('',#14106);
#4678=VERTEX_POINT('',#14109);
#4679=VERTEX_POINT('',#14110);
#4680=VERTEX_POINT('',#14112);
#4681=VERTEX_POINT('',#14114);
#4682=VERTEX_POINT('',#14117);
#4683=VERTEX_POINT('',#14118);
#4684=VERTEX_POINT('',#14120);
#4685=VERTEX_POINT('',#14122);
#4686=VERTEX_POINT('',#14125);
#4687=VERTEX_POINT('',#14126);
#4688=VERTEX_POINT('',#14128);
#4689=VERTEX_POINT('',#14130);
#4690=VERTEX_POINT('',#14133);
#4691=VERTEX_POINT('',#14134);
#4692=VERTEX_POINT('',#14136);
#4693=VERTEX_POINT('',#14138);
#4694=VERTEX_POINT('',#14141);
#4695=VERTEX_POINT('',#14142);
#4696=VERTEX_POINT('',#14144);
#4697=VERTEX_POINT('',#14146);
#4698=VERTEX_POINT('',#14149);
#4699=VERTEX_POINT('',#14150);
#4700=VERTEX_POINT('',#14152);
#4701=VERTEX_POINT('',#14154);
#4702=VERTEX_POINT('',#14157);
#4703=VERTEX_POINT('',#14158);
#4704=VERTEX_POINT('',#14160);
#4705=VERTEX_POINT('',#14162);
#4706=VERTEX_POINT('',#14165);
#4707=VERTEX_POINT('',#14166);
#4708=VERTEX_POINT('',#14168);
#4709=VERTEX_POINT('',#14170);
#4710=VERTEX_POINT('',#14173);
#4711=VERTEX_POINT('',#14174);
#4712=VERTEX_POINT('',#14176);
#4713=VERTEX_POINT('',#14178);
#4714=VERTEX_POINT('',#14181);
#4715=VERTEX_POINT('',#14182);
#4716=VERTEX_POINT('',#14184);
#4717=VERTEX_POINT('',#14186);
#4718=VERTEX_POINT('',#14189);
#4719=VERTEX_POINT('',#14190);
#4720=VERTEX_POINT('',#14192);
#4721=VERTEX_POINT('',#14194);
#4722=VERTEX_POINT('',#14197);
#4723=VERTEX_POINT('',#14198);
#4724=VERTEX_POINT('',#14200);
#4725=VERTEX_POINT('',#14202);
#4726=VERTEX_POINT('',#14205);
#4727=VERTEX_POINT('',#14206);
#4728=VERTEX_POINT('',#14208);
#4729=VERTEX_POINT('',#14210);
#4730=VERTEX_POINT('',#14213);
#4731=VERTEX_POINT('',#14214);
#4732=VERTEX_POINT('',#14216);
#4733=VERTEX_POINT('',#14218);
#4734=VERTEX_POINT('',#14221);
#4735=VERTEX_POINT('',#14222);
#4736=VERTEX_POINT('',#14224);
#4737=VERTEX_POINT('',#14226);
#4738=VERTEX_POINT('',#14229);
#4739=VERTEX_POINT('',#14230);
#4740=VERTEX_POINT('',#14232);
#4741=VERTEX_POINT('',#14234);
#4742=VERTEX_POINT('',#14237);
#4743=VERTEX_POINT('',#14238);
#4744=VERTEX_POINT('',#14240);
#4745=VERTEX_POINT('',#14242);
#4746=VERTEX_POINT('',#14245);
#4747=VERTEX_POINT('',#14246);
#4748=VERTEX_POINT('',#14248);
#4749=VERTEX_POINT('',#14250);
#4750=VERTEX_POINT('',#14253);
#4751=VERTEX_POINT('',#14255);
#4752=VERTEX_POINT('',#14257);
#4753=VERTEX_POINT('',#14259);
#4754=VERTEX_POINT('',#14261);
#4755=VERTEX_POINT('',#14263);
#4756=VERTEX_POINT('',#14265);
#4757=VERTEX_POINT('',#14267);
#4758=VERTEX_POINT('',#14269);
#4759=VERTEX_POINT('',#14271);
#4760=VERTEX_POINT('',#14273);
#4761=VERTEX_POINT('',#14275);
#4762=VERTEX_POINT('',#14277);
#4763=VERTEX_POINT('',#14279);
#4764=VERTEX_POINT('',#14281);
#4765=VERTEX_POINT('',#14283);
#4766=VERTEX_POINT('',#14285);
#4767=VERTEX_POINT('',#14287);
#4768=VERTEX_POINT('',#14289);
#4769=VERTEX_POINT('',#14291);
#4770=VERTEX_POINT('',#14293);
#4771=VERTEX_POINT('',#14295);
#4772=VERTEX_POINT('',#14297);
#4773=VERTEX_POINT('',#14299);
#4774=VERTEX_POINT('',#14301);
#4775=VERTEX_POINT('',#14303);
#4776=VERTEX_POINT('',#14305);
#4777=VERTEX_POINT('',#14307);
#4778=VERTEX_POINT('',#14309);
#4779=VERTEX_POINT('',#14311);
#4780=VERTEX_POINT('',#14314);
#4781=VERTEX_POINT('',#14316);
#4782=VERTEX_POINT('',#14318);
#4783=VERTEX_POINT('',#14320);
#4784=VERTEX_POINT('',#14363);
#4785=VERTEX_POINT('',#14367);
#4786=VERTEX_POINT('',#14656);
#4787=VERTEX_POINT('',#14661);
#4788=VERTEX_POINT('',#14665);
#4789=VERTEX_POINT('',#14672);
#4790=VERTEX_POINT('',#14674);
#4791=VERTEX_POINT('',#14678);
#4792=VERTEX_POINT('',#14679);
#4793=VERTEX_POINT('',#14681);
#4794=VERTEX_POINT('',#14683);
#4795=VERTEX_POINT('',#14687);
#4796=VERTEX_POINT('',#14689);
#4797=VERTEX_POINT('',#14693);
#4798=VERTEX_POINT('',#14695);
#4799=VERTEX_POINT('',#14733);
#4800=VERTEX_POINT('',#14735);
#4801=VERTEX_POINT('',#14739);
#4802=VERTEX_POINT('',#14740);
#4803=VERTEX_POINT('',#14742);
#4804=VERTEX_POINT('',#14744);
#4805=VERTEX_POINT('',#14747);
#4806=VERTEX_POINT('',#14748);
#4807=VERTEX_POINT('',#14750);
#4808=VERTEX_POINT('',#14752);
#4809=VERTEX_POINT('',#14756);
#4810=VERTEX_POINT('',#14758);
#4811=VERTEX_POINT('',#14761);
#4812=VERTEX_POINT('',#14762);
#4813=VERTEX_POINT('',#14764);
#4814=VERTEX_POINT('',#14766);
#4815=VERTEX_POINT('',#14770);
#4816=VERTEX_POINT('',#14774);
#4817=VERTEX_POINT('',#14780);
#4818=VERTEX_POINT('',#14782);
#4819=VERTEX_POINT('',#14786);
#4820=VERTEX_POINT('',#14790);
#4821=VERTEX_POINT('',#14806);
#4822=VERTEX_POINT('',#14807);
#4823=VERTEX_POINT('',#14809);
#4824=VERTEX_POINT('',#14811);
#4825=VERTEX_POINT('',#14813);
#4826=VERTEX_POINT('',#14815);
#4827=VERTEX_POINT('',#14817);
#4828=VERTEX_POINT('',#14819);
#4829=VERTEX_POINT('',#14823);
#4830=VERTEX_POINT('',#14826);
#4831=VERTEX_POINT('',#14829);
#4832=VERTEX_POINT('',#14830);
#4833=VERTEX_POINT('',#14832);
#4834=VERTEX_POINT('',#14834);
#4835=VERTEX_POINT('',#14838);
#4836=VERTEX_POINT('',#14840);
#4837=VERTEX_POINT('',#14844);
#4838=VERTEX_POINT('',#14846);
#4839=VERTEX_POINT('',#14850);
#4840=VERTEX_POINT('',#14853);
#4841=VERTEX_POINT('',#14856);
#4842=VERTEX_POINT('',#14857);
#4843=VERTEX_POINT('',#14859);
#4844=VERTEX_POINT('',#14861);
#4845=VERTEX_POINT('',#14865);
#4846=VERTEX_POINT('',#14867);
#4847=VERTEX_POINT('',#14871);
#4848=VERTEX_POINT('',#14873);
#4849=VERTEX_POINT('',#14877);
#4850=VERTEX_POINT('',#14878);
#4851=VERTEX_POINT('',#14880);
#4852=VERTEX_POINT('',#14882);
#4853=VERTEX_POINT('',#14886);
#4854=VERTEX_POINT('',#14887);
#4855=VERTEX_POINT('',#14892);
#4856=VERTEX_POINT('',#14893);
#4857=VERTEX_POINT('',#14898);
#4858=VERTEX_POINT('',#14900);
#4859=VERTEX_POINT('',#14903);
#4860=VERTEX_POINT('',#14905);
#4861=VERTEX_POINT('',#14927);
#4862=VERTEX_POINT('',#14928);
#4863=VERTEX_POINT('',#14930);
#4864=VERTEX_POINT('',#14932);
#4865=VERTEX_POINT('',#14936);
#4866=VERTEX_POINT('',#14937);
#4867=VERTEX_POINT('',#14942);
#4868=VERTEX_POINT('',#14943);
#4869=VERTEX_POINT('',#14951);
#4870=VERTEX_POINT('',#14952);
#4871=VERTEX_POINT('',#14954);
#4872=VERTEX_POINT('',#14956);
#4873=VERTEX_POINT('',#14960);
#4874=VERTEX_POINT('',#14961);
#4875=VERTEX_POINT('',#14966);
#4876=VERTEX_POINT('',#14967);
#4877=VERTEX_POINT('',#14975);
#4878=VERTEX_POINT('',#14976);
#4879=VERTEX_POINT('',#14978);
#4880=VERTEX_POINT('',#14980);
#4881=VERTEX_POINT('',#14984);
#4882=VERTEX_POINT('',#14985);
#4883=VERTEX_POINT('',#14990);
#4884=VERTEX_POINT('',#14991);
#4885=VERTEX_POINT('',#14999);
#4886=VERTEX_POINT('',#15000);
#4887=VERTEX_POINT('',#15002);
#4888=VERTEX_POINT('',#15004);
#4889=VERTEX_POINT('',#15008);
#4890=VERTEX_POINT('',#15009);
#4891=VERTEX_POINT('',#15014);
#4892=VERTEX_POINT('',#15015);
#4893=VERTEX_POINT('',#15023);
#4894=VERTEX_POINT('',#15024);
#4895=VERTEX_POINT('',#15026);
#4896=VERTEX_POINT('',#15028);
#4897=VERTEX_POINT('',#15032);
#4898=VERTEX_POINT('',#15033);
#4899=VERTEX_POINT('',#15038);
#4900=VERTEX_POINT('',#15039);
#4901=VERTEX_POINT('',#15047);
#4902=VERTEX_POINT('',#15048);
#4903=VERTEX_POINT('',#15050);
#4904=VERTEX_POINT('',#15052);
#4905=VERTEX_POINT('',#15056);
#4906=VERTEX_POINT('',#15057);
#4907=VERTEX_POINT('',#15062);
#4908=VERTEX_POINT('',#15063);
#4909=VERTEX_POINT('',#15071);
#4910=VERTEX_POINT('',#15072);
#4911=VERTEX_POINT('',#15074);
#4912=VERTEX_POINT('',#15076);
#4913=VERTEX_POINT('',#15080);
#4914=VERTEX_POINT('',#15081);
#4915=VERTEX_POINT('',#15086);
#4916=VERTEX_POINT('',#15087);
#4917=VERTEX_POINT('',#15095);
#4918=VERTEX_POINT('',#15096);
#4919=VERTEX_POINT('',#15098);
#4920=VERTEX_POINT('',#15100);
#4921=VERTEX_POINT('',#15104);
#4922=VERTEX_POINT('',#15105);
#4923=VERTEX_POINT('',#15110);
#4924=VERTEX_POINT('',#15111);
#4925=VERTEX_POINT('',#15119);
#4926=VERTEX_POINT('',#15120);
#4927=VERTEX_POINT('',#15122);
#4928=VERTEX_POINT('',#15124);
#4929=VERTEX_POINT('',#15128);
#4930=VERTEX_POINT('',#15129);
#4931=VERTEX_POINT('',#15134);
#4932=VERTEX_POINT('',#15135);
#4933=VERTEX_POINT('',#15143);
#4934=VERTEX_POINT('',#15144);
#4935=VERTEX_POINT('',#15146);
#4936=VERTEX_POINT('',#15148);
#4937=VERTEX_POINT('',#15152);
#4938=VERTEX_POINT('',#15153);
#4939=VERTEX_POINT('',#15158);
#4940=VERTEX_POINT('',#15159);
#4941=VERTEX_POINT('',#15167);
#4942=VERTEX_POINT('',#15168);
#4943=VERTEX_POINT('',#15170);
#4944=VERTEX_POINT('',#15172);
#4945=VERTEX_POINT('',#15176);
#4946=VERTEX_POINT('',#15177);
#4947=VERTEX_POINT('',#15182);
#4948=VERTEX_POINT('',#15183);
#4949=VERTEX_POINT('',#15191);
#4950=VERTEX_POINT('',#15192);
#4951=VERTEX_POINT('',#15194);
#4952=VERTEX_POINT('',#15196);
#4953=VERTEX_POINT('',#15200);
#4954=VERTEX_POINT('',#15201);
#4955=VERTEX_POINT('',#15206);
#4956=VERTEX_POINT('',#15207);
#4957=VERTEX_POINT('',#15215);
#4958=VERTEX_POINT('',#15216);
#4959=VERTEX_POINT('',#15218);
#4960=VERTEX_POINT('',#15220);
#4961=VERTEX_POINT('',#15224);
#4962=VERTEX_POINT('',#15225);
#4963=VERTEX_POINT('',#15230);
#4964=VERTEX_POINT('',#15231);
#4965=VERTEX_POINT('',#15239);
#4966=VERTEX_POINT('',#15240);
#4967=VERTEX_POINT('',#15242);
#4968=VERTEX_POINT('',#15244);
#4969=VERTEX_POINT('',#15248);
#4970=VERTEX_POINT('',#15249);
#4971=VERTEX_POINT('',#15254);
#4972=VERTEX_POINT('',#15255);
#4973=VERTEX_POINT('',#15263);
#4974=VERTEX_POINT('',#15264);
#4975=VERTEX_POINT('',#15266);
#4976=VERTEX_POINT('',#15268);
#4977=VERTEX_POINT('',#15272);
#4978=VERTEX_POINT('',#15273);
#4979=VERTEX_POINT('',#15278);
#4980=VERTEX_POINT('',#15279);
#4981=VERTEX_POINT('',#15287);
#4982=VERTEX_POINT('',#15288);
#4983=VERTEX_POINT('',#15290);
#4984=VERTEX_POINT('',#15292);
#4985=VERTEX_POINT('',#15296);
#4986=VERTEX_POINT('',#15297);
#4987=VERTEX_POINT('',#15302);
#4988=VERTEX_POINT('',#15303);
#4989=VERTEX_POINT('',#15311);
#4990=VERTEX_POINT('',#15312);
#4991=VERTEX_POINT('',#15314);
#4992=VERTEX_POINT('',#15316);
#4993=VERTEX_POINT('',#15320);
#4994=VERTEX_POINT('',#15321);
#4995=VERTEX_POINT('',#15326);
#4996=VERTEX_POINT('',#15327);
#4997=VERTEX_POINT('',#15335);
#4998=VERTEX_POINT('',#15336);
#4999=VERTEX_POINT('',#15338);
#5000=VERTEX_POINT('',#15340);
#5001=VERTEX_POINT('',#15344);
#5002=VERTEX_POINT('',#15345);
#5003=VERTEX_POINT('',#15350);
#5004=VERTEX_POINT('',#15351);
#5005=VERTEX_POINT('',#15359);
#5006=VERTEX_POINT('',#15360);
#5007=VERTEX_POINT('',#15362);
#5008=VERTEX_POINT('',#15364);
#5009=VERTEX_POINT('',#15368);
#5010=VERTEX_POINT('',#15369);
#5011=VERTEX_POINT('',#15374);
#5012=VERTEX_POINT('',#15375);
#5013=VERTEX_POINT('',#15383);
#5014=VERTEX_POINT('',#15384);
#5015=VERTEX_POINT('',#15386);
#5016=VERTEX_POINT('',#15388);
#5017=VERTEX_POINT('',#15392);
#5018=VERTEX_POINT('',#15393);
#5019=VERTEX_POINT('',#15398);
#5020=VERTEX_POINT('',#15399);
#5021=VERTEX_POINT('',#15407);
#5022=VERTEX_POINT('',#15408);
#5023=VERTEX_POINT('',#15410);
#5024=VERTEX_POINT('',#15412);
#5025=VERTEX_POINT('',#15416);
#5026=VERTEX_POINT('',#15417);
#5027=VERTEX_POINT('',#15422);
#5028=VERTEX_POINT('',#15423);
#5029=VERTEX_POINT('',#15431);
#5030=VERTEX_POINT('',#15432);
#5031=VERTEX_POINT('',#15434);
#5032=VERTEX_POINT('',#15436);
#5033=VERTEX_POINT('',#15440);
#5034=VERTEX_POINT('',#15441);
#5035=VERTEX_POINT('',#15446);
#5036=VERTEX_POINT('',#15447);
#5037=VERTEX_POINT('',#15455);
#5038=VERTEX_POINT('',#15456);
#5039=VERTEX_POINT('',#15458);
#5040=VERTEX_POINT('',#15460);
#5041=VERTEX_POINT('',#15464);
#5042=VERTEX_POINT('',#15465);
#5043=VERTEX_POINT('',#15470);
#5044=VERTEX_POINT('',#15471);
#5045=VERTEX_POINT('',#15479);
#5046=VERTEX_POINT('',#15480);
#5047=VERTEX_POINT('',#15482);
#5048=VERTEX_POINT('',#15484);
#5049=VERTEX_POINT('',#15488);
#5050=VERTEX_POINT('',#15489);
#5051=VERTEX_POINT('',#15494);
#5052=VERTEX_POINT('',#15495);
#5053=VERTEX_POINT('',#15503);
#5054=VERTEX_POINT('',#15504);
#5055=VERTEX_POINT('',#15506);
#5056=VERTEX_POINT('',#15508);
#5057=VERTEX_POINT('',#15512);
#5058=VERTEX_POINT('',#15513);
#5059=VERTEX_POINT('',#15518);
#5060=VERTEX_POINT('',#15519);
#5061=VERTEX_POINT('',#15527);
#5062=VERTEX_POINT('',#15528);
#5063=VERTEX_POINT('',#15530);
#5064=VERTEX_POINT('',#15532);
#5065=VERTEX_POINT('',#15536);
#5066=VERTEX_POINT('',#15537);
#5067=VERTEX_POINT('',#15542);
#5068=VERTEX_POINT('',#15543);
#5069=VERTEX_POINT('',#15551);
#5070=VERTEX_POINT('',#15552);
#5071=VERTEX_POINT('',#15554);
#5072=VERTEX_POINT('',#15556);
#5073=VERTEX_POINT('',#15560);
#5074=VERTEX_POINT('',#15561);
#5075=VERTEX_POINT('',#15566);
#5076=VERTEX_POINT('',#15567);
#5077=VERTEX_POINT('',#15575);
#5078=VERTEX_POINT('',#15576);
#5079=VERTEX_POINT('',#15578);
#5080=VERTEX_POINT('',#15580);
#5081=VERTEX_POINT('',#15584);
#5082=VERTEX_POINT('',#15585);
#5083=VERTEX_POINT('',#15590);
#5084=VERTEX_POINT('',#15591);
#5085=VERTEX_POINT('',#15599);
#5086=VERTEX_POINT('',#15600);
#5087=VERTEX_POINT('',#15602);
#5088=VERTEX_POINT('',#15604);
#5089=VERTEX_POINT('',#15608);
#5090=VERTEX_POINT('',#15609);
#5091=VERTEX_POINT('',#15614);
#5092=VERTEX_POINT('',#15615);
#5093=VERTEX_POINT('',#15623);
#5094=VERTEX_POINT('',#15624);
#5095=VERTEX_POINT('',#15626);
#5096=VERTEX_POINT('',#15628);
#5097=VERTEX_POINT('',#15632);
#5098=VERTEX_POINT('',#15633);
#5099=VERTEX_POINT('',#15638);
#5100=VERTEX_POINT('',#15639);
#5101=VERTEX_POINT('',#15647);
#5102=VERTEX_POINT('',#15648);
#5103=VERTEX_POINT('',#15650);
#5104=VERTEX_POINT('',#15652);
#5105=VERTEX_POINT('',#15656);
#5106=VERTEX_POINT('',#15657);
#5107=VERTEX_POINT('',#15662);
#5108=VERTEX_POINT('',#15663);
#5109=VERTEX_POINT('',#15671);
#5110=VERTEX_POINT('',#15672);
#5111=VERTEX_POINT('',#15674);
#5112=VERTEX_POINT('',#15676);
#5113=VERTEX_POINT('',#15680);
#5114=VERTEX_POINT('',#15681);
#5115=VERTEX_POINT('',#15686);
#5116=VERTEX_POINT('',#15687);
#5117=VERTEX_POINT('',#15695);
#5118=VERTEX_POINT('',#15696);
#5119=VERTEX_POINT('',#15698);
#5120=VERTEX_POINT('',#15700);
#5121=VERTEX_POINT('',#15704);
#5122=VERTEX_POINT('',#15705);
#5123=VERTEX_POINT('',#15710);
#5124=VERTEX_POINT('',#15711);
#5125=VERTEX_POINT('',#15719);
#5126=VERTEX_POINT('',#15720);
#5127=VERTEX_POINT('',#15722);
#5128=VERTEX_POINT('',#15724);
#5129=VERTEX_POINT('',#15728);
#5130=VERTEX_POINT('',#15729);
#5131=VERTEX_POINT('',#15734);
#5132=VERTEX_POINT('',#15735);
#5133=VERTEX_POINT('',#15743);
#5134=VERTEX_POINT('',#15744);
#5135=VERTEX_POINT('',#15746);
#5136=VERTEX_POINT('',#15748);
#5137=VERTEX_POINT('',#15752);
#5138=VERTEX_POINT('',#15753);
#5139=VERTEX_POINT('',#15758);
#5140=VERTEX_POINT('',#15759);
#5141=VERTEX_POINT('',#15767);
#5142=VERTEX_POINT('',#15768);
#5143=VERTEX_POINT('',#15770);
#5144=VERTEX_POINT('',#15772);
#5145=VERTEX_POINT('',#15776);
#5146=VERTEX_POINT('',#15777);
#5147=VERTEX_POINT('',#15782);
#5148=VERTEX_POINT('',#15783);
#5149=VERTEX_POINT('',#15791);
#5150=VERTEX_POINT('',#15792);
#5151=VERTEX_POINT('',#15794);
#5152=VERTEX_POINT('',#15796);
#5153=VERTEX_POINT('',#15800);
#5154=VERTEX_POINT('',#15801);
#5155=VERTEX_POINT('',#15806);
#5156=VERTEX_POINT('',#15807);
#5157=VERTEX_POINT('',#15815);
#5158=VERTEX_POINT('',#15816);
#5159=VERTEX_POINT('',#15818);
#5160=VERTEX_POINT('',#15820);
#5161=VERTEX_POINT('',#15824);
#5162=VERTEX_POINT('',#15825);
#5163=VERTEX_POINT('',#15830);
#5164=VERTEX_POINT('',#15831);
#5165=VERTEX_POINT('',#15839);
#5166=VERTEX_POINT('',#15840);
#5167=VERTEX_POINT('',#15842);
#5168=VERTEX_POINT('',#15844);
#5169=VERTEX_POINT('',#15848);
#5170=VERTEX_POINT('',#15849);
#5171=VERTEX_POINT('',#15854);
#5172=VERTEX_POINT('',#15855);
#5173=VERTEX_POINT('',#15863);
#5174=VERTEX_POINT('',#15864);
#5175=VERTEX_POINT('',#15866);
#5176=VERTEX_POINT('',#15868);
#5177=VERTEX_POINT('',#15872);
#5178=VERTEX_POINT('',#15873);
#5179=VERTEX_POINT('',#15878);
#5180=VERTEX_POINT('',#15879);
#5181=VERTEX_POINT('',#15887);
#5182=VERTEX_POINT('',#15888);
#5183=VERTEX_POINT('',#15890);
#5184=VERTEX_POINT('',#15892);
#5185=VERTEX_POINT('',#15896);
#5186=VERTEX_POINT('',#15897);
#5187=VERTEX_POINT('',#15902);
#5188=VERTEX_POINT('',#15903);
#5189=VERTEX_POINT('',#15911);
#5190=VERTEX_POINT('',#15912);
#5191=VERTEX_POINT('',#15914);
#5192=VERTEX_POINT('',#15916);
#5193=VERTEX_POINT('',#15920);
#5194=VERTEX_POINT('',#15921);
#5195=VERTEX_POINT('',#15926);
#5196=VERTEX_POINT('',#15927);
#5197=VERTEX_POINT('',#15935);
#5198=VERTEX_POINT('',#15936);
#5199=VERTEX_POINT('',#15938);
#5200=VERTEX_POINT('',#15940);
#5201=VERTEX_POINT('',#15944);
#5202=VERTEX_POINT('',#15945);
#5203=VERTEX_POINT('',#15950);
#5204=VERTEX_POINT('',#15951);
#5205=VERTEX_POINT('',#15959);
#5206=VERTEX_POINT('',#15960);
#5207=VERTEX_POINT('',#15962);
#5208=VERTEX_POINT('',#15964);
#5209=VERTEX_POINT('',#15968);
#5210=VERTEX_POINT('',#15969);
#5211=VERTEX_POINT('',#15971);
#5212=VERTEX_POINT('',#15973);
#5213=VERTEX_POINT('',#15977);
#5214=VERTEX_POINT('',#15978);
#5215=VERTEX_POINT('',#15983);
#5216=VERTEX_POINT('',#15984);
#5217=VERTEX_POINT('',#15992);
#5218=VERTEX_POINT('',#15993);
#5219=VERTEX_POINT('',#15995);
#5220=VERTEX_POINT('',#15997);
#5221=VERTEX_POINT('',#16001);
#5222=VERTEX_POINT('',#16002);
#5223=VERTEX_POINT('',#16007);
#5224=VERTEX_POINT('',#16008);
#5225=VERTEX_POINT('',#16016);
#5226=VERTEX_POINT('',#16017);
#5227=VERTEX_POINT('',#16019);
#5228=VERTEX_POINT('',#16021);
#5229=VERTEX_POINT('',#16025);
#5230=VERTEX_POINT('',#16026);
#5231=VERTEX_POINT('',#16031);
#5232=VERTEX_POINT('',#16032);
#5233=VERTEX_POINT('',#16040);
#5234=VERTEX_POINT('',#16041);
#5235=VERTEX_POINT('',#16043);
#5236=VERTEX_POINT('',#16045);
#5237=VERTEX_POINT('',#16049);
#5238=VERTEX_POINT('',#16050);
#5239=VERTEX_POINT('',#16055);
#5240=VERTEX_POINT('',#16056);
#5241=VERTEX_POINT('',#16064);
#5242=VERTEX_POINT('',#16065);
#5243=VERTEX_POINT('',#16067);
#5244=VERTEX_POINT('',#16069);
#5245=VERTEX_POINT('',#16073);
#5246=VERTEX_POINT('',#16074);
#5247=VERTEX_POINT('',#16079);
#5248=VERTEX_POINT('',#16080);
#5249=VERTEX_POINT('',#16088);
#5250=VERTEX_POINT('',#16089);
#5251=VERTEX_POINT('',#16091);
#5252=VERTEX_POINT('',#16093);
#5253=VERTEX_POINT('',#16097);
#5254=VERTEX_POINT('',#16098);
#5255=VERTEX_POINT('',#16103);
#5256=VERTEX_POINT('',#16104);
#5257=VERTEX_POINT('',#16112);
#5258=VERTEX_POINT('',#16114);
#5259=VERTEX_POINT('',#16117);
#5260=VERTEX_POINT('',#16119);
#5261=VERTEX_POINT('',#16122);
#5262=VERTEX_POINT('',#16124);
#5263=VERTEX_POINT('',#16128);
#5264=VERTEX_POINT('',#16130);
#5265=VERTEX_POINT('',#16134);
#5266=VERTEX_POINT('',#16135);
#5267=VERTEX_POINT('',#16137);
#5268=VERTEX_POINT('',#16139);
#5269=VERTEX_POINT('',#16143);
#5270=VERTEX_POINT('',#16144);
#5271=VERTEX_POINT('',#16146);
#5272=VERTEX_POINT('',#16148);
#5273=VERTEX_POINT('',#16152);
#5274=VERTEX_POINT('',#16153);
#5275=VERTEX_POINT('',#16155);
#5276=VERTEX_POINT('',#16157);
#5277=VERTEX_POINT('',#16161);
#5278=VERTEX_POINT('',#16162);
#5279=VERTEX_POINT('',#16164);
#5280=VERTEX_POINT('',#16166);
#5281=VERTEX_POINT('',#16170);
#5282=VERTEX_POINT('',#16171);
#5283=VERTEX_POINT('',#16173);
#5284=VERTEX_POINT('',#16175);
#5285=VERTEX_POINT('',#16179);
#5286=VERTEX_POINT('',#16180);
#5287=VERTEX_POINT('',#16182);
#5288=VERTEX_POINT('',#16184);
#5289=VERTEX_POINT('',#16188);
#5290=VERTEX_POINT('',#16189);
#5291=VERTEX_POINT('',#16194);
#5292=VERTEX_POINT('',#16196);
#5293=VERTEX_POINT('',#16200);
#5294=VERTEX_POINT('',#16201);
#5295=VERTEX_POINT('',#16206);
#5296=VERTEX_POINT('',#16208);
#5297=VERTEX_POINT('',#16212);
#5298=VERTEX_POINT('',#16213);
#5299=VERTEX_POINT('',#16218);
#5300=VERTEX_POINT('',#16220);
#5301=VERTEX_POINT('',#16224);
#5302=VERTEX_POINT('',#16225);
#5303=VERTEX_POINT('',#16230);
#5304=VERTEX_POINT('',#16232);
#5305=VERTEX_POINT('',#16236);
#5306=VERTEX_POINT('',#16237);
#5307=VERTEX_POINT('',#16242);
#5308=VERTEX_POINT('',#16244);
#5309=VERTEX_POINT('',#16248);
#5310=VERTEX_POINT('',#16249);
#5311=VERTEX_POINT('',#16254);
#5312=VERTEX_POINT('',#16256);
#5313=VERTEX_POINT('',#16260);
#5314=VERTEX_POINT('',#16261);
#5315=VERTEX_POINT('',#16266);
#5316=VERTEX_POINT('',#16268);
#5317=LINE('',#13438,#6657);
#5318=LINE('',#13441,#6658);
#5319=LINE('',#13443,#6659);
#5320=LINE('',#13445,#6660);
#5321=LINE('',#13447,#6661);
#5322=LINE('',#13450,#6662);
#5323=LINE('',#13452,#6663);
#5324=LINE('',#13454,#6664);
#5325=LINE('',#13456,#6665);
#5326=LINE('',#13459,#6666);
#5327=LINE('',#13461,#6667);
#5328=LINE('',#13463,#6668);
#5329=LINE('',#13465,#6669);
#5330=LINE('',#13476,#6670);
#5331=LINE('',#13478,#6671);
#5332=LINE('',#13482,#6672);
#5333=LINE('',#13486,#6673);
#5334=LINE('',#13488,#6674);
#5335=LINE('',#13499,#6675);
#5336=LINE('',#13501,#6676);
#5337=LINE('',#13503,#6677);
#5338=LINE('',#13505,#6678);
#5339=LINE('',#13509,#6679);
#5340=LINE('',#13511,#6680);
#5341=LINE('',#13513,#6681);
#5342=LINE('',#13517,#6682);
#5343=LINE('',#13519,#6683);
#5344=LINE('',#13527,#6684);
#5345=LINE('',#13535,#6685);
#5346=LINE('',#13538,#6686);
#5347=LINE('',#13540,#6687);
#5348=LINE('',#13542,#6688);
#5349=LINE('',#13544,#6689);
#5350=LINE('',#13547,#6690);
#5351=LINE('',#13548,#6691);
#5352=LINE('',#13550,#6692);
#5353=LINE('',#13552,#6693);
#5354=LINE('',#13554,#6694);
#5355=LINE('',#13556,#6695);
#5356=LINE('',#13559,#6696);
#5357=LINE('',#13561,#6697);
#5358=LINE('',#13563,#6698);
#5359=LINE('',#13565,#6699);
#5360=LINE('',#13567,#6700);
#5361=LINE('',#13569,#6701);
#5362=LINE('',#13571,#6702);
#5363=LINE('',#13573,#6703);
#5364=LINE('',#13575,#6704);
#5365=LINE('',#13577,#6705);
#5366=LINE('',#13581,#6706);
#5367=LINE('',#13585,#6707);
#5368=LINE('',#13589,#6708);
#5369=LINE('',#13593,#6709);
#5370=LINE('',#13595,#6710);
#5371=LINE('',#13597,#6711);
#5372=LINE('',#13601,#6712);
#5373=LINE('',#13605,#6713);
#5374=LINE('',#13607,#6714);
#5375=LINE('',#13609,#6715);
#5376=LINE('',#13611,#6716);
#5377=LINE('',#13613,#6717);
#5378=LINE('',#13615,#6718);
#5379=LINE('',#13617,#6719);
#5380=LINE('',#13619,#6720);
#5381=LINE('',#13621,#6721);
#5382=LINE('',#13623,#6722);
#5383=LINE('',#13625,#6723);
#5384=LINE('',#13627,#6724);
#5385=LINE('',#13629,#6725);
#5386=LINE('',#13631,#6726);
#5387=LINE('',#13633,#6727);
#5388=LINE('',#13635,#6728);
#5389=LINE('',#13637,#6729);
#5390=LINE('',#13639,#6730);
#5391=LINE('',#13641,#6731);
#5392=LINE('',#13643,#6732);
#5393=LINE('',#13645,#6733);
#5394=LINE('',#13647,#6734);
#5395=LINE('',#13649,#6735);
#5396=LINE('',#13651,#6736);
#5397=LINE('',#13653,#6737);
#5398=LINE('',#13655,#6738);
#5399=LINE('',#13656,#6739);
#5400=LINE('',#13657,#6740);
#5401=LINE('',#13659,#6741);
#5402=LINE('',#13661,#6742);
#5403=LINE('',#13663,#6743);
#5404=LINE('',#13665,#6744);
#5405=LINE('',#13667,#6745);
#5406=LINE('',#13669,#6746);
#5407=LINE('',#13671,#6747);
#5408=LINE('',#13673,#6748);
#5409=LINE('',#13675,#6749);
#5410=LINE('',#13677,#6750);
#5411=LINE('',#13678,#6751);
#5412=LINE('',#13679,#6752);
#5413=LINE('',#13682,#6753);
#5414=LINE('',#13684,#6754);
#5415=LINE('',#13686,#6755);
#5416=LINE('',#13687,#6756);
#5417=LINE('',#13690,#6757);
#5418=LINE('',#13692,#6758);
#5419=LINE('',#13694,#6759);
#5420=LINE('',#13695,#6760);
#5421=LINE('',#13698,#6761);
#5422=LINE('',#13700,#6762);
#5423=LINE('',#13702,#6763);
#5424=LINE('',#13703,#6764);
#5425=LINE('',#13706,#6765);
#5426=LINE('',#13708,#6766);
#5427=LINE('',#13710,#6767);
#5428=LINE('',#13711,#6768);
#5429=LINE('',#13714,#6769);
#5430=LINE('',#13716,#6770);
#5431=LINE('',#13718,#6771);
#5432=LINE('',#13719,#6772);
#5433=LINE('',#13722,#6773);
#5434=LINE('',#13724,#6774);
#5435=LINE('',#13726,#6775);
#5436=LINE('',#13727,#6776);
#5437=LINE('',#13730,#6777);
#5438=LINE('',#13732,#6778);
#5439=LINE('',#13734,#6779);
#5440=LINE('',#13735,#6780);
#5441=LINE('',#13738,#6781);
#5442=LINE('',#13740,#6782);
#5443=LINE('',#13742,#6783);
#5444=LINE('',#13743,#6784);
#5445=LINE('',#13746,#6785);
#5446=LINE('',#13748,#6786);
#5447=LINE('',#13750,#6787);
#5448=LINE('',#13751,#6788);
#5449=LINE('',#13754,#6789);
#5450=LINE('',#13756,#6790);
#5451=LINE('',#13758,#6791);
#5452=LINE('',#13759,#6792);
#5453=LINE('',#13762,#6793);
#5454=LINE('',#13764,#6794);
#5455=LINE('',#13766,#6795);
#5456=LINE('',#13767,#6796);
#5457=LINE('',#13770,#6797);
#5458=LINE('',#13772,#6798);
#5459=LINE('',#13774,#6799);
#5460=LINE('',#13775,#6800);
#5461=LINE('',#13778,#6801);
#5462=LINE('',#13780,#6802);
#5463=LINE('',#13782,#6803);
#5464=LINE('',#13783,#6804);
#5465=LINE('',#13786,#6805);
#5466=LINE('',#13788,#6806);
#5467=LINE('',#13790,#6807);
#5468=LINE('',#13791,#6808);
#5469=LINE('',#13794,#6809);
#5470=LINE('',#13796,#6810);
#5471=LINE('',#13798,#6811);
#5472=LINE('',#13799,#6812);
#5473=LINE('',#13802,#6813);
#5474=LINE('',#13804,#6814);
#5475=LINE('',#13806,#6815);
#5476=LINE('',#13807,#6816);
#5477=LINE('',#13810,#6817);
#5478=LINE('',#13812,#6818);
#5479=LINE('',#13814,#6819);
#5480=LINE('',#13815,#6820);
#5481=LINE('',#13818,#6821);
#5482=LINE('',#13820,#6822);
#5483=LINE('',#13822,#6823);
#5484=LINE('',#13823,#6824);
#5485=LINE('',#13826,#6825);
#5486=LINE('',#13828,#6826);
#5487=LINE('',#13830,#6827);
#5488=LINE('',#13831,#6828);
#5489=LINE('',#13834,#6829);
#5490=LINE('',#13836,#6830);
#5491=LINE('',#13838,#6831);
#5492=LINE('',#13839,#6832);
#5493=LINE('',#13842,#6833);
#5494=LINE('',#13844,#6834);
#5495=LINE('',#13846,#6835);
#5496=LINE('',#13847,#6836);
#5497=LINE('',#13850,#6837);
#5498=LINE('',#13852,#6838);
#5499=LINE('',#13854,#6839);
#5500=LINE('',#13855,#6840);
#5501=LINE('',#13858,#6841);
#5502=LINE('',#13860,#6842);
#5503=LINE('',#13862,#6843);
#5504=LINE('',#13863,#6844);
#5505=LINE('',#13866,#6845);
#5506=LINE('',#13868,#6846);
#5507=LINE('',#13870,#6847);
#5508=LINE('',#13871,#6848);
#5509=LINE('',#13874,#6849);
#5510=LINE('',#13876,#6850);
#5511=LINE('',#13878,#6851);
#5512=LINE('',#13879,#6852);
#5513=LINE('',#13882,#6853);
#5514=LINE('',#13884,#6854);
#5515=LINE('',#13886,#6855);
#5516=LINE('',#13887,#6856);
#5517=LINE('',#13890,#6857);
#5518=LINE('',#13892,#6858);
#5519=LINE('',#13894,#6859);
#5520=LINE('',#13895,#6860);
#5521=LINE('',#13898,#6861);
#5522=LINE('',#13900,#6862);
#5523=LINE('',#13902,#6863);
#5524=LINE('',#13903,#6864);
#5525=LINE('',#13906,#6865);
#5526=LINE('',#13908,#6866);
#5527=LINE('',#13910,#6867);
#5528=LINE('',#13911,#6868);
#5529=LINE('',#13914,#6869);
#5530=LINE('',#13916,#6870);
#5531=LINE('',#13918,#6871);
#5532=LINE('',#13919,#6872);
#5533=LINE('',#13922,#6873);
#5534=LINE('',#13924,#6874);
#5535=LINE('',#13926,#6875);
#5536=LINE('',#13927,#6876);
#5537=LINE('',#13930,#6877);
#5538=LINE('',#13932,#6878);
#5539=LINE('',#13934,#6879);
#5540=LINE('',#13935,#6880);
#5541=LINE('',#13938,#6881);
#5542=LINE('',#13940,#6882);
#5543=LINE('',#13942,#6883);
#5544=LINE('',#13943,#6884);
#5545=LINE('',#13946,#6885);
#5546=LINE('',#13948,#6886);
#5547=LINE('',#13950,#6887);
#5548=LINE('',#13958,#6888);
#5549=LINE('',#13960,#6889);
#5550=LINE('',#13962,#6890);
#5551=LINE('',#13964,#6891);
#5552=LINE('',#13965,#6892);
#5553=LINE('',#13967,#6893);
#5554=LINE('',#13969,#6894);
#5555=LINE('',#13970,#6895);
#5556=LINE('',#13972,#6896);
#5557=LINE('',#13974,#6897);
#5558=LINE('',#13976,#6898);
#5559=LINE('',#13980,#6899);
#5560=LINE('',#13983,#6900);
#5561=LINE('',#13985,#6901);
#5562=LINE('',#13987,#6902);
#5563=LINE('',#13988,#6903);
#5564=LINE('',#13991,#6904);
#5565=LINE('',#13993,#6905);
#5566=LINE('',#13995,#6906);
#5567=LINE('',#13996,#6907);
#5568=LINE('',#13999,#6908);
#5569=LINE('',#14001,#6909);
#5570=LINE('',#14003,#6910);
#5571=LINE('',#14004,#6911);
#5572=LINE('',#14007,#6912);
#5573=LINE('',#14009,#6913);
#5574=LINE('',#14011,#6914);
#5575=LINE('',#14012,#6915);
#5576=LINE('',#14015,#6916);
#5577=LINE('',#14017,#6917);
#5578=LINE('',#14019,#6918);
#5579=LINE('',#14020,#6919);
#5580=LINE('',#14023,#6920);
#5581=LINE('',#14025,#6921);
#5582=LINE('',#14027,#6922);
#5583=LINE('',#14028,#6923);
#5584=LINE('',#14031,#6924);
#5585=LINE('',#14033,#6925);
#5586=LINE('',#14035,#6926);
#5587=LINE('',#14036,#6927);
#5588=LINE('',#14039,#6928);
#5589=LINE('',#14041,#6929);
#5590=LINE('',#14043,#6930);
#5591=LINE('',#14044,#6931);
#5592=LINE('',#14047,#6932);
#5593=LINE('',#14049,#6933);
#5594=LINE('',#14051,#6934);
#5595=LINE('',#14052,#6935);
#5596=LINE('',#14055,#6936);
#5597=LINE('',#14057,#6937);
#5598=LINE('',#14059,#6938);
#5599=LINE('',#14060,#6939);
#5600=LINE('',#14063,#6940);
#5601=LINE('',#14065,#6941);
#5602=LINE('',#14067,#6942);
#5603=LINE('',#14068,#6943);
#5604=LINE('',#14071,#6944);
#5605=LINE('',#14073,#6945);
#5606=LINE('',#14075,#6946);
#5607=LINE('',#14076,#6947);
#5608=LINE('',#14079,#6948);
#5609=LINE('',#14081,#6949);
#5610=LINE('',#14083,#6950);
#5611=LINE('',#14084,#6951);
#5612=LINE('',#14087,#6952);
#5613=LINE('',#14089,#6953);
#5614=LINE('',#14091,#6954);
#5615=LINE('',#14092,#6955);
#5616=LINE('',#14095,#6956);
#5617=LINE('',#14097,#6957);
#5618=LINE('',#14099,#6958);
#5619=LINE('',#14100,#6959);
#5620=LINE('',#14103,#6960);
#5621=LINE('',#14105,#6961);
#5622=LINE('',#14107,#6962);
#5623=LINE('',#14108,#6963);
#5624=LINE('',#14111,#6964);
#5625=LINE('',#14113,#6965);
#5626=LINE('',#14115,#6966);
#5627=LINE('',#14116,#6967);
#5628=LINE('',#14119,#6968);
#5629=LINE('',#14121,#6969);
#5630=LINE('',#14123,#6970);
#5631=LINE('',#14124,#6971);
#5632=LINE('',#14127,#6972);
#5633=LINE('',#14129,#6973);
#5634=LINE('',#14131,#6974);
#5635=LINE('',#14132,#6975);
#5636=LINE('',#14135,#6976);
#5637=LINE('',#14137,#6977);
#5638=LINE('',#14139,#6978);
#5639=LINE('',#14140,#6979);
#5640=LINE('',#14143,#6980);
#5641=LINE('',#14145,#6981);
#5642=LINE('',#14147,#6982);
#5643=LINE('',#14148,#6983);
#5644=LINE('',#14151,#6984);
#5645=LINE('',#14153,#6985);
#5646=LINE('',#14155,#6986);
#5647=LINE('',#14156,#6987);
#5648=LINE('',#14159,#6988);
#5649=LINE('',#14161,#6989);
#5650=LINE('',#14163,#6990);
#5651=LINE('',#14164,#6991);
#5652=LINE('',#14167,#6992);
#5653=LINE('',#14169,#6993);
#5654=LINE('',#14171,#6994);
#5655=LINE('',#14172,#6995);
#5656=LINE('',#14175,#6996);
#5657=LINE('',#14177,#6997);
#5658=LINE('',#14179,#6998);
#5659=LINE('',#14180,#6999);
#5660=LINE('',#14183,#7000);
#5661=LINE('',#14185,#7001);
#5662=LINE('',#14187,#7002);
#5663=LINE('',#14188,#7003);
#5664=LINE('',#14191,#7004);
#5665=LINE('',#14193,#7005);
#5666=LINE('',#14195,#7006);
#5667=LINE('',#14196,#7007);
#5668=LINE('',#14199,#7008);
#5669=LINE('',#14201,#7009);
#5670=LINE('',#14203,#7010);
#5671=LINE('',#14204,#7011);
#5672=LINE('',#14207,#7012);
#5673=LINE('',#14209,#7013);
#5674=LINE('',#14211,#7014);
#5675=LINE('',#14212,#7015);
#5676=LINE('',#14215,#7016);
#5677=LINE('',#14217,#7017);
#5678=LINE('',#14219,#7018);
#5679=LINE('',#14220,#7019);
#5680=LINE('',#14223,#7020);
#5681=LINE('',#14225,#7021);
#5682=LINE('',#14227,#7022);
#5683=LINE('',#14228,#7023);
#5684=LINE('',#14231,#7024);
#5685=LINE('',#14233,#7025);
#5686=LINE('',#14235,#7026);
#5687=LINE('',#14236,#7027);
#5688=LINE('',#14239,#7028);
#5689=LINE('',#14241,#7029);
#5690=LINE('',#14243,#7030);
#5691=LINE('',#14244,#7031);
#5692=LINE('',#14247,#7032);
#5693=LINE('',#14249,#7033);
#5694=LINE('',#14251,#7034);
#5695=LINE('',#14256,#7035);
#5696=LINE('',#14258,#7036);
#5697=LINE('',#14260,#7037);
#5698=LINE('',#14262,#7038);
#5699=LINE('',#14264,#7039);
#5700=LINE('',#14266,#7040);
#5701=LINE('',#14268,#7041);
#5702=LINE('',#14270,#7042);
#5703=LINE('',#14272,#7043);
#5704=LINE('',#14274,#7044);
#5705=LINE('',#14276,#7045);
#5706=LINE('',#14278,#7046);
#5707=LINE('',#14280,#7047);
#5708=LINE('',#14282,#7048);
#5709=LINE('',#14284,#7049);
#5710=LINE('',#14286,#7050);
#5711=LINE('',#14288,#7051);
#5712=LINE('',#14290,#7052);
#5713=LINE('',#14292,#7053);
#5714=LINE('',#14294,#7054);
#5715=LINE('',#14296,#7055);
#5716=LINE('',#14298,#7056);
#5717=LINE('',#14300,#7057);
#5718=LINE('',#14302,#7058);
#5719=LINE('',#14304,#7059);
#5720=LINE('',#14306,#7060);
#5721=LINE('',#14310,#7061);
#5722=LINE('',#14313,#7062);
#5723=LINE('',#14317,#7063);
#5724=LINE('',#14321,#7064);
#5725=LINE('',#14323,#7065);
#5726=LINE('',#14324,#7066);
#5727=LINE('',#14326,#7067);
#5728=LINE('',#14327,#7068);
#5729=LINE('',#14329,#7069);
#5730=LINE('',#14330,#7070);
#5731=LINE('',#14332,#7071);
#5732=LINE('',#14333,#7072);
#5733=LINE('',#14335,#7073);
#5734=LINE('',#14336,#7074);
#5735=LINE('',#14338,#7075);
#5736=LINE('',#14339,#7076);
#5737=LINE('',#14341,#7077);
#5738=LINE('',#14342,#7078);
#5739=LINE('',#14344,#7079);
#5740=LINE('',#14345,#7080);
#5741=LINE('',#14347,#7081);
#5742=LINE('',#14348,#7082);
#5743=LINE('',#14350,#7083);
#5744=LINE('',#14351,#7084);
#5745=LINE('',#14353,#7085);
#5746=LINE('',#14354,#7086);
#5747=LINE('',#14356,#7087);
#5748=LINE('',#14357,#7088);
#5749=LINE('',#14359,#7089);
#5750=LINE('',#14360,#7090);
#5751=LINE('',#14362,#7091);
#5752=LINE('',#14364,#7092);
#5753=LINE('',#14366,#7093);
#5754=LINE('',#14368,#7094);
#5755=LINE('',#14370,#7095);
#5756=LINE('',#14372,#7096);
#5757=LINE('',#14373,#7097);
#5758=LINE('',#14377,#7098);
#5759=LINE('',#14378,#7099);
#5760=LINE('',#14380,#7100);
#5761=LINE('',#14382,#7101);
#5762=LINE('',#14385,#7102);
#5763=LINE('',#14386,#7103);
#5764=LINE('',#14388,#7104);
#5765=LINE('',#14390,#7105);
#5766=LINE('',#14393,#7106);
#5767=LINE('',#14394,#7107);
#5768=LINE('',#14396,#7108);
#5769=LINE('',#14398,#7109);
#5770=LINE('',#14401,#7110);
#5771=LINE('',#14402,#7111);
#5772=LINE('',#14404,#7112);
#5773=LINE('',#14406,#7113);
#5774=LINE('',#14409,#7114);
#5775=LINE('',#14410,#7115);
#5776=LINE('',#14412,#7116);
#5777=LINE('',#14414,#7117);
#5778=LINE('',#14417,#7118);
#5779=LINE('',#14418,#7119);
#5780=LINE('',#14420,#7120);
#5781=LINE('',#14422,#7121);
#5782=LINE('',#14425,#7122);
#5783=LINE('',#14426,#7123);
#5784=LINE('',#14428,#7124);
#5785=LINE('',#14430,#7125);
#5786=LINE('',#14433,#7126);
#5787=LINE('',#14434,#7127);
#5788=LINE('',#14436,#7128);
#5789=LINE('',#14438,#7129);
#5790=LINE('',#14441,#7130);
#5791=LINE('',#14442,#7131);
#5792=LINE('',#14444,#7132);
#5793=LINE('',#14446,#7133);
#5794=LINE('',#14449,#7134);
#5795=LINE('',#14450,#7135);
#5796=LINE('',#14452,#7136);
#5797=LINE('',#14454,#7137);
#5798=LINE('',#14457,#7138);
#5799=LINE('',#14458,#7139);
#5800=LINE('',#14460,#7140);
#5801=LINE('',#14462,#7141);
#5802=LINE('',#14465,#7142);
#5803=LINE('',#14466,#7143);
#5804=LINE('',#14468,#7144);
#5805=LINE('',#14470,#7145);
#5806=LINE('',#14473,#7146);
#5807=LINE('',#14474,#7147);
#5808=LINE('',#14476,#7148);
#5809=LINE('',#14478,#7149);
#5810=LINE('',#14481,#7150);
#5811=LINE('',#14482,#7151);
#5812=LINE('',#14484,#7152);
#5813=LINE('',#14486,#7153);
#5814=LINE('',#14489,#7154);
#5815=LINE('',#14490,#7155);
#5816=LINE('',#14492,#7156);
#5817=LINE('',#14494,#7157);
#5818=LINE('',#14497,#7158);
#5819=LINE('',#14498,#7159);
#5820=LINE('',#14500,#7160);
#5821=LINE('',#14502,#7161);
#5822=LINE('',#14505,#7162);
#5823=LINE('',#14506,#7163);
#5824=LINE('',#14508,#7164);
#5825=LINE('',#14510,#7165);
#5826=LINE('',#14513,#7166);
#5827=LINE('',#14514,#7167);
#5828=LINE('',#14516,#7168);
#5829=LINE('',#14518,#7169);
#5830=LINE('',#14521,#7170);
#5831=LINE('',#14522,#7171);
#5832=LINE('',#14524,#7172);
#5833=LINE('',#14526,#7173);
#5834=LINE('',#14529,#7174);
#5835=LINE('',#14530,#7175);
#5836=LINE('',#14532,#7176);
#5837=LINE('',#14534,#7177);
#5838=LINE('',#14537,#7178);
#5839=LINE('',#14538,#7179);
#5840=LINE('',#14540,#7180);
#5841=LINE('',#14542,#7181);
#5842=LINE('',#14545,#7182);
#5843=LINE('',#14546,#7183);
#5844=LINE('',#14548,#7184);
#5845=LINE('',#14550,#7185);
#5846=LINE('',#14553,#7186);
#5847=LINE('',#14554,#7187);
#5848=LINE('',#14556,#7188);
#5849=LINE('',#14558,#7189);
#5850=LINE('',#14561,#7190);
#5851=LINE('',#14562,#7191);
#5852=LINE('',#14564,#7192);
#5853=LINE('',#14566,#7193);
#5854=LINE('',#14569,#7194);
#5855=LINE('',#14570,#7195);
#5856=LINE('',#14572,#7196);
#5857=LINE('',#14574,#7197);
#5858=LINE('',#14580,#7198);
#5859=LINE('',#14581,#7199);
#5860=LINE('',#14583,#7200);
#5861=LINE('',#14585,#7201);
#5862=LINE('',#14588,#7202);
#5863=LINE('',#14589,#7203);
#5864=LINE('',#14591,#7204);
#5865=LINE('',#14593,#7205);
#5866=LINE('',#14596,#7206);
#5867=LINE('',#14597,#7207);
#5868=LINE('',#14599,#7208);
#5869=LINE('',#14601,#7209);
#5870=LINE('',#14604,#7210);
#5871=LINE('',#14605,#7211);
#5872=LINE('',#14607,#7212);
#5873=LINE('',#14609,#7213);
#5874=LINE('',#14612,#7214);
#5875=LINE('',#14613,#7215);
#5876=LINE('',#14615,#7216);
#5877=LINE('',#14617,#7217);
#5878=LINE('',#14620,#7218);
#5879=LINE('',#14621,#7219);
#5880=LINE('',#14623,#7220);
#5881=LINE('',#14625,#7221);
#5882=LINE('',#14628,#7222);
#5883=LINE('',#14629,#7223);
#5884=LINE('',#14631,#7224);
#5885=LINE('',#14633,#7225);
#5886=LINE('',#14636,#7226);
#5887=LINE('',#14637,#7227);
#5888=LINE('',#14639,#7228);
#5889=LINE('',#14641,#7229);
#5890=LINE('',#14644,#7230);
#5891=LINE('',#14645,#7231);
#5892=LINE('',#14647,#7232);
#5893=LINE('',#14649,#7233);
#5894=LINE('',#14660,#7234);
#5895=LINE('',#14662,#7235);
#5896=LINE('',#14664,#7236);
#5897=LINE('',#14666,#7237);
#5898=LINE('',#14668,#7238);
#5899=LINE('',#14671,#7239);
#5900=LINE('',#14673,#7240);
#5901=LINE('',#14675,#7241);
#5902=LINE('',#14677,#7242);
#5903=LINE('',#14680,#7243);
#5904=LINE('',#14682,#7244);
#5905=LINE('',#14684,#7245);
#5906=LINE('',#14686,#7246);
#5907=LINE('',#14688,#7247);
#5908=LINE('',#14690,#7248);
#5909=LINE('',#14692,#7249);
#5910=LINE('',#14694,#7250);
#5911=LINE('',#14696,#7251);
#5912=LINE('',#14732,#7252);
#5913=LINE('',#14734,#7253);
#5914=LINE('',#14736,#7254);
#5915=LINE('',#14738,#7255);
#5916=LINE('',#14741,#7256);
#5917=LINE('',#14743,#7257);
#5918=LINE('',#14745,#7258);
#5919=LINE('',#14749,#7259);
#5920=LINE('',#14753,#7260);
#5921=LINE('',#14755,#7261);
#5922=LINE('',#14757,#7262);
#5923=LINE('',#14759,#7263);
#5924=LINE('',#14763,#7264);
#5925=LINE('',#14767,#7265);
#5926=LINE('',#14769,#7266);
#5927=LINE('',#14771,#7267);
#5928=LINE('',#14773,#7268);
#5929=LINE('',#14775,#7269);
#5930=LINE('',#14777,#7270);
#5931=LINE('',#14779,#7271);
#5932=LINE('',#14781,#7272);
#5933=LINE('',#14783,#7273);
#5934=LINE('',#14785,#7274);
#5935=LINE('',#14787,#7275);
#5936=LINE('',#14789,#7276);
#5937=LINE('',#14791,#7277);
#5938=LINE('',#14793,#7278);
#5939=LINE('',#14795,#7279);
#5940=LINE('',#14796,#7280);
#5941=LINE('',#14798,#7281);
#5942=LINE('',#14799,#7282);
#5943=LINE('',#14805,#7283);
#5944=LINE('',#14808,#7284);
#5945=LINE('',#14810,#7285);
#5946=LINE('',#14812,#7286);
#5947=LINE('',#14814,#7287);
#5948=LINE('',#14816,#7288);
#5949=LINE('',#14818,#7289);
#5950=LINE('',#14820,#7290);
#5951=LINE('',#14831,#7291);
#5952=LINE('',#14835,#7292);
#5953=LINE('',#14837,#7293);
#5954=LINE('',#14839,#7294);
#5955=LINE('',#14841,#7295);
#5956=LINE('',#14847,#7296);
#5957=LINE('',#14855,#7297);
#5958=LINE('',#14858,#7298);
#5959=LINE('',#14860,#7299);
#5960=LINE('',#14862,#7300);
#5961=LINE('',#14864,#7301);
#5962=LINE('',#14866,#7302);
#5963=LINE('',#14868,#7303);
#5964=LINE('',#14870,#7304);
#5965=LINE('',#14872,#7305);
#5966=LINE('',#14874,#7306);
#5967=LINE('',#14876,#7307);
#5968=LINE('',#14881,#7308);
#5969=LINE('',#14885,#7309);
#5970=LINE('',#14888,#7310);
#5971=LINE('',#14889,#7311);
#5972=LINE('',#14891,#7312);
#5973=LINE('',#14907,#7313);
#5974=LINE('',#14908,#7314);
#5975=LINE('',#14910,#7315);
#5976=LINE('',#14912,#7316);
#5977=LINE('',#14913,#7317);
#5978=LINE('',#14915,#7318);
#5979=LINE('',#14916,#7319);
#5980=LINE('',#14918,#7320);
#5981=LINE('',#14920,#7321);
#5982=LINE('',#14921,#7322);
#5983=LINE('',#14926,#7323);
#5984=LINE('',#14929,#7324);
#5985=LINE('',#14931,#7325);
#5986=LINE('',#14933,#7326);
#5987=LINE('',#14935,#7327);
#5988=LINE('',#14938,#7328);
#5989=LINE('',#14939,#7329);
#5990=LINE('',#14941,#7330);
#5991=LINE('',#14944,#7331);
#5992=LINE('',#14945,#7332);
#5993=LINE('',#14947,#7333);
#5994=LINE('',#14948,#7334);
#5995=LINE('',#14950,#7335);
#5996=LINE('',#14953,#7336);
#5997=LINE('',#14955,#7337);
#5998=LINE('',#14957,#7338);
#5999=LINE('',#14959,#7339);
#6000=LINE('',#14962,#7340);
#6001=LINE('',#14963,#7341);
#6002=LINE('',#14965,#7342);
#6003=LINE('',#14968,#7343);
#6004=LINE('',#14969,#7344);
#6005=LINE('',#14971,#7345);
#6006=LINE('',#14972,#7346);
#6007=LINE('',#14974,#7347);
#6008=LINE('',#14977,#7348);
#6009=LINE('',#14979,#7349);
#6010=LINE('',#14981,#7350);
#6011=LINE('',#14983,#7351);
#6012=LINE('',#14986,#7352);
#6013=LINE('',#14987,#7353);
#6014=LINE('',#14989,#7354);
#6015=LINE('',#14992,#7355);
#6016=LINE('',#14993,#7356);
#6017=LINE('',#14995,#7357);
#6018=LINE('',#14996,#7358);
#6019=LINE('',#14998,#7359);
#6020=LINE('',#15001,#7360);
#6021=LINE('',#15003,#7361);
#6022=LINE('',#15005,#7362);
#6023=LINE('',#15007,#7363);
#6024=LINE('',#15010,#7364);
#6025=LINE('',#15011,#7365);
#6026=LINE('',#15013,#7366);
#6027=LINE('',#15016,#7367);
#6028=LINE('',#15017,#7368);
#6029=LINE('',#15019,#7369);
#6030=LINE('',#15020,#7370);
#6031=LINE('',#15022,#7371);
#6032=LINE('',#15025,#7372);
#6033=LINE('',#15027,#7373);
#6034=LINE('',#15029,#7374);
#6035=LINE('',#15031,#7375);
#6036=LINE('',#15034,#7376);
#6037=LINE('',#15035,#7377);
#6038=LINE('',#15037,#7378);
#6039=LINE('',#15040,#7379);
#6040=LINE('',#15041,#7380);
#6041=LINE('',#15043,#7381);
#6042=LINE('',#15044,#7382);
#6043=LINE('',#15046,#7383);
#6044=LINE('',#15049,#7384);
#6045=LINE('',#15051,#7385);
#6046=LINE('',#15053,#7386);
#6047=LINE('',#15055,#7387);
#6048=LINE('',#15058,#7388);
#6049=LINE('',#15059,#7389);
#6050=LINE('',#15061,#7390);
#6051=LINE('',#15064,#7391);
#6052=LINE('',#15065,#7392);
#6053=LINE('',#15067,#7393);
#6054=LINE('',#15068,#7394);
#6055=LINE('',#15070,#7395);
#6056=LINE('',#15073,#7396);
#6057=LINE('',#15075,#7397);
#6058=LINE('',#15077,#7398);
#6059=LINE('',#15079,#7399);
#6060=LINE('',#15082,#7400);
#6061=LINE('',#15083,#7401);
#6062=LINE('',#15085,#7402);
#6063=LINE('',#15088,#7403);
#6064=LINE('',#15089,#7404);
#6065=LINE('',#15091,#7405);
#6066=LINE('',#15092,#7406);
#6067=LINE('',#15094,#7407);
#6068=LINE('',#15097,#7408);
#6069=LINE('',#15099,#7409);
#6070=LINE('',#15101,#7410);
#6071=LINE('',#15103,#7411);
#6072=LINE('',#15106,#7412);
#6073=LINE('',#15107,#7413);
#6074=LINE('',#15109,#7414);
#6075=LINE('',#15112,#7415);
#6076=LINE('',#15113,#7416);
#6077=LINE('',#15115,#7417);
#6078=LINE('',#15116,#7418);
#6079=LINE('',#15118,#7419);
#6080=LINE('',#15121,#7420);
#6081=LINE('',#15123,#7421);
#6082=LINE('',#15125,#7422);
#6083=LINE('',#15127,#7423);
#6084=LINE('',#15130,#7424);
#6085=LINE('',#15131,#7425);
#6086=LINE('',#15133,#7426);
#6087=LINE('',#15136,#7427);
#6088=LINE('',#15137,#7428);
#6089=LINE('',#15139,#7429);
#6090=LINE('',#15140,#7430);
#6091=LINE('',#15142,#7431);
#6092=LINE('',#15145,#7432);
#6093=LINE('',#15147,#7433);
#6094=LINE('',#15149,#7434);
#6095=LINE('',#15151,#7435);
#6096=LINE('',#15154,#7436);
#6097=LINE('',#15155,#7437);
#6098=LINE('',#15157,#7438);
#6099=LINE('',#15160,#7439);
#6100=LINE('',#15161,#7440);
#6101=LINE('',#15163,#7441);
#6102=LINE('',#15164,#7442);
#6103=LINE('',#15166,#7443);
#6104=LINE('',#15169,#7444);
#6105=LINE('',#15171,#7445);
#6106=LINE('',#15173,#7446);
#6107=LINE('',#15175,#7447);
#6108=LINE('',#15178,#7448);
#6109=LINE('',#15179,#7449);
#6110=LINE('',#15181,#7450);
#6111=LINE('',#15184,#7451);
#6112=LINE('',#15185,#7452);
#6113=LINE('',#15187,#7453);
#6114=LINE('',#15188,#7454);
#6115=LINE('',#15190,#7455);
#6116=LINE('',#15193,#7456);
#6117=LINE('',#15195,#7457);
#6118=LINE('',#15197,#7458);
#6119=LINE('',#15199,#7459);
#6120=LINE('',#15202,#7460);
#6121=LINE('',#15203,#7461);
#6122=LINE('',#15205,#7462);
#6123=LINE('',#15208,#7463);
#6124=LINE('',#15209,#7464);
#6125=LINE('',#15211,#7465);
#6126=LINE('',#15212,#7466);
#6127=LINE('',#15214,#7467);
#6128=LINE('',#15217,#7468);
#6129=LINE('',#15219,#7469);
#6130=LINE('',#15221,#7470);
#6131=LINE('',#15223,#7471);
#6132=LINE('',#15226,#7472);
#6133=LINE('',#15227,#7473);
#6134=LINE('',#15229,#7474);
#6135=LINE('',#15232,#7475);
#6136=LINE('',#15233,#7476);
#6137=LINE('',#15235,#7477);
#6138=LINE('',#15236,#7478);
#6139=LINE('',#15238,#7479);
#6140=LINE('',#15241,#7480);
#6141=LINE('',#15243,#7481);
#6142=LINE('',#15245,#7482);
#6143=LINE('',#15247,#7483);
#6144=LINE('',#15250,#7484);
#6145=LINE('',#15251,#7485);
#6146=LINE('',#15253,#7486);
#6147=LINE('',#15256,#7487);
#6148=LINE('',#15257,#7488);
#6149=LINE('',#15259,#7489);
#6150=LINE('',#15260,#7490);
#6151=LINE('',#15262,#7491);
#6152=LINE('',#15265,#7492);
#6153=LINE('',#15267,#7493);
#6154=LINE('',#15269,#7494);
#6155=LINE('',#15271,#7495);
#6156=LINE('',#15274,#7496);
#6157=LINE('',#15275,#7497);
#6158=LINE('',#15277,#7498);
#6159=LINE('',#15280,#7499);
#6160=LINE('',#15281,#7500);
#6161=LINE('',#15283,#7501);
#6162=LINE('',#15284,#7502);
#6163=LINE('',#15286,#7503);
#6164=LINE('',#15289,#7504);
#6165=LINE('',#15291,#7505);
#6166=LINE('',#15293,#7506);
#6167=LINE('',#15295,#7507);
#6168=LINE('',#15298,#7508);
#6169=LINE('',#15299,#7509);
#6170=LINE('',#15301,#7510);
#6171=LINE('',#15304,#7511);
#6172=LINE('',#15305,#7512);
#6173=LINE('',#15307,#7513);
#6174=LINE('',#15308,#7514);
#6175=LINE('',#15310,#7515);
#6176=LINE('',#15313,#7516);
#6177=LINE('',#15315,#7517);
#6178=LINE('',#15317,#7518);
#6179=LINE('',#15319,#7519);
#6180=LINE('',#15322,#7520);
#6181=LINE('',#15323,#7521);
#6182=LINE('',#15325,#7522);
#6183=LINE('',#15328,#7523);
#6184=LINE('',#15329,#7524);
#6185=LINE('',#15331,#7525);
#6186=LINE('',#15332,#7526);
#6187=LINE('',#15334,#7527);
#6188=LINE('',#15337,#7528);
#6189=LINE('',#15339,#7529);
#6190=LINE('',#15341,#7530);
#6191=LINE('',#15343,#7531);
#6192=LINE('',#15346,#7532);
#6193=LINE('',#15347,#7533);
#6194=LINE('',#15349,#7534);
#6195=LINE('',#15352,#7535);
#6196=LINE('',#15353,#7536);
#6197=LINE('',#15355,#7537);
#6198=LINE('',#15356,#7538);
#6199=LINE('',#15358,#7539);
#6200=LINE('',#15361,#7540);
#6201=LINE('',#15363,#7541);
#6202=LINE('',#15365,#7542);
#6203=LINE('',#15367,#7543);
#6204=LINE('',#15370,#7544);
#6205=LINE('',#15371,#7545);
#6206=LINE('',#15373,#7546);
#6207=LINE('',#15376,#7547);
#6208=LINE('',#15377,#7548);
#6209=LINE('',#15379,#7549);
#6210=LINE('',#15380,#7550);
#6211=LINE('',#15382,#7551);
#6212=LINE('',#15385,#7552);
#6213=LINE('',#15387,#7553);
#6214=LINE('',#15389,#7554);
#6215=LINE('',#15391,#7555);
#6216=LINE('',#15394,#7556);
#6217=LINE('',#15395,#7557);
#6218=LINE('',#15397,#7558);
#6219=LINE('',#15400,#7559);
#6220=LINE('',#15401,#7560);
#6221=LINE('',#15403,#7561);
#6222=LINE('',#15404,#7562);
#6223=LINE('',#15406,#7563);
#6224=LINE('',#15409,#7564);
#6225=LINE('',#15411,#7565);
#6226=LINE('',#15413,#7566);
#6227=LINE('',#15415,#7567);
#6228=LINE('',#15418,#7568);
#6229=LINE('',#15419,#7569);
#6230=LINE('',#15421,#7570);
#6231=LINE('',#15424,#7571);
#6232=LINE('',#15425,#7572);
#6233=LINE('',#15427,#7573);
#6234=LINE('',#15428,#7574);
#6235=LINE('',#15430,#7575);
#6236=LINE('',#15433,#7576);
#6237=LINE('',#15435,#7577);
#6238=LINE('',#15437,#7578);
#6239=LINE('',#15439,#7579);
#6240=LINE('',#15442,#7580);
#6241=LINE('',#15443,#7581);
#6242=LINE('',#15445,#7582);
#6243=LINE('',#15448,#7583);
#6244=LINE('',#15449,#7584);
#6245=LINE('',#15451,#7585);
#6246=LINE('',#15452,#7586);
#6247=LINE('',#15454,#7587);
#6248=LINE('',#15457,#7588);
#6249=LINE('',#15459,#7589);
#6250=LINE('',#15461,#7590);
#6251=LINE('',#15463,#7591);
#6252=LINE('',#15466,#7592);
#6253=LINE('',#15467,#7593);
#6254=LINE('',#15469,#7594);
#6255=LINE('',#15472,#7595);
#6256=LINE('',#15473,#7596);
#6257=LINE('',#15475,#7597);
#6258=LINE('',#15476,#7598);
#6259=LINE('',#15478,#7599);
#6260=LINE('',#15481,#7600);
#6261=LINE('',#15483,#7601);
#6262=LINE('',#15485,#7602);
#6263=LINE('',#15487,#7603);
#6264=LINE('',#15490,#7604);
#6265=LINE('',#15491,#7605);
#6266=LINE('',#15493,#7606);
#6267=LINE('',#15496,#7607);
#6268=LINE('',#15497,#7608);
#6269=LINE('',#15499,#7609);
#6270=LINE('',#15500,#7610);
#6271=LINE('',#15502,#7611);
#6272=LINE('',#15505,#7612);
#6273=LINE('',#15507,#7613);
#6274=LINE('',#15509,#7614);
#6275=LINE('',#15511,#7615);
#6276=LINE('',#15514,#7616);
#6277=LINE('',#15515,#7617);
#6278=LINE('',#15517,#7618);
#6279=LINE('',#15520,#7619);
#6280=LINE('',#15521,#7620);
#6281=LINE('',#15523,#7621);
#6282=LINE('',#15524,#7622);
#6283=LINE('',#15526,#7623);
#6284=LINE('',#15529,#7624);
#6285=LINE('',#15531,#7625);
#6286=LINE('',#15533,#7626);
#6287=LINE('',#15535,#7627);
#6288=LINE('',#15538,#7628);
#6289=LINE('',#15539,#7629);
#6290=LINE('',#15541,#7630);
#6291=LINE('',#15544,#7631);
#6292=LINE('',#15545,#7632);
#6293=LINE('',#15547,#7633);
#6294=LINE('',#15548,#7634);
#6295=LINE('',#15550,#7635);
#6296=LINE('',#15553,#7636);
#6297=LINE('',#15555,#7637);
#6298=LINE('',#15557,#7638);
#6299=LINE('',#15559,#7639);
#6300=LINE('',#15562,#7640);
#6301=LINE('',#15563,#7641);
#6302=LINE('',#15565,#7642);
#6303=LINE('',#15568,#7643);
#6304=LINE('',#15569,#7644);
#6305=LINE('',#15571,#7645);
#6306=LINE('',#15572,#7646);
#6307=LINE('',#15574,#7647);
#6308=LINE('',#15577,#7648);
#6309=LINE('',#15579,#7649);
#6310=LINE('',#15581,#7650);
#6311=LINE('',#15583,#7651);
#6312=LINE('',#15586,#7652);
#6313=LINE('',#15587,#7653);
#6314=LINE('',#15589,#7654);
#6315=LINE('',#15592,#7655);
#6316=LINE('',#15593,#7656);
#6317=LINE('',#15595,#7657);
#6318=LINE('',#15596,#7658);
#6319=LINE('',#15598,#7659);
#6320=LINE('',#15601,#7660);
#6321=LINE('',#15603,#7661);
#6322=LINE('',#15605,#7662);
#6323=LINE('',#15607,#7663);
#6324=LINE('',#15610,#7664);
#6325=LINE('',#15611,#7665);
#6326=LINE('',#15613,#7666);
#6327=LINE('',#15616,#7667);
#6328=LINE('',#15617,#7668);
#6329=LINE('',#15619,#7669);
#6330=LINE('',#15620,#7670);
#6331=LINE('',#15622,#7671);
#6332=LINE('',#15625,#7672);
#6333=LINE('',#15627,#7673);
#6334=LINE('',#15629,#7674);
#6335=LINE('',#15631,#7675);
#6336=LINE('',#15634,#7676);
#6337=LINE('',#15635,#7677);
#6338=LINE('',#15637,#7678);
#6339=LINE('',#15640,#7679);
#6340=LINE('',#15641,#7680);
#6341=LINE('',#15643,#7681);
#6342=LINE('',#15644,#7682);
#6343=LINE('',#15646,#7683);
#6344=LINE('',#15649,#7684);
#6345=LINE('',#15651,#7685);
#6346=LINE('',#15653,#7686);
#6347=LINE('',#15655,#7687);
#6348=LINE('',#15658,#7688);
#6349=LINE('',#15659,#7689);
#6350=LINE('',#15661,#7690);
#6351=LINE('',#15664,#7691);
#6352=LINE('',#15665,#7692);
#6353=LINE('',#15667,#7693);
#6354=LINE('',#15668,#7694);
#6355=LINE('',#15670,#7695);
#6356=LINE('',#15673,#7696);
#6357=LINE('',#15675,#7697);
#6358=LINE('',#15677,#7698);
#6359=LINE('',#15679,#7699);
#6360=LINE('',#15682,#7700);
#6361=LINE('',#15683,#7701);
#6362=LINE('',#15685,#7702);
#6363=LINE('',#15688,#7703);
#6364=LINE('',#15689,#7704);
#6365=LINE('',#15691,#7705);
#6366=LINE('',#15692,#7706);
#6367=LINE('',#15694,#7707);
#6368=LINE('',#15697,#7708);
#6369=LINE('',#15699,#7709);
#6370=LINE('',#15701,#7710);
#6371=LINE('',#15703,#7711);
#6372=LINE('',#15706,#7712);
#6373=LINE('',#15707,#7713);
#6374=LINE('',#15709,#7714);
#6375=LINE('',#15712,#7715);
#6376=LINE('',#15713,#7716);
#6377=LINE('',#15715,#7717);
#6378=LINE('',#15716,#7718);
#6379=LINE('',#15718,#7719);
#6380=LINE('',#15721,#7720);
#6381=LINE('',#15723,#7721);
#6382=LINE('',#15725,#7722);
#6383=LINE('',#15727,#7723);
#6384=LINE('',#15730,#7724);
#6385=LINE('',#15731,#7725);
#6386=LINE('',#15733,#7726);
#6387=LINE('',#15736,#7727);
#6388=LINE('',#15737,#7728);
#6389=LINE('',#15739,#7729);
#6390=LINE('',#15740,#7730);
#6391=LINE('',#15742,#7731);
#6392=LINE('',#15745,#7732);
#6393=LINE('',#15747,#7733);
#6394=LINE('',#15749,#7734);
#6395=LINE('',#15751,#7735);
#6396=LINE('',#15754,#7736);
#6397=LINE('',#15755,#7737);
#6398=LINE('',#15757,#7738);
#6399=LINE('',#15760,#7739);
#6400=LINE('',#15761,#7740);
#6401=LINE('',#15763,#7741);
#6402=LINE('',#15764,#7742);
#6403=LINE('',#15766,#7743);
#6404=LINE('',#15769,#7744);
#6405=LINE('',#15771,#7745);
#6406=LINE('',#15773,#7746);
#6407=LINE('',#15775,#7747);
#6408=LINE('',#15778,#7748);
#6409=LINE('',#15779,#7749);
#6410=LINE('',#15781,#7750);
#6411=LINE('',#15784,#7751);
#6412=LINE('',#15785,#7752);
#6413=LINE('',#15787,#7753);
#6414=LINE('',#15788,#7754);
#6415=LINE('',#15790,#7755);
#6416=LINE('',#15793,#7756);
#6417=LINE('',#15795,#7757);
#6418=LINE('',#15797,#7758);
#6419=LINE('',#15799,#7759);
#6420=LINE('',#15802,#7760);
#6421=LINE('',#15803,#7761);
#6422=LINE('',#15805,#7762);
#6423=LINE('',#15808,#7763);
#6424=LINE('',#15809,#7764);
#6425=LINE('',#15811,#7765);
#6426=LINE('',#15812,#7766);
#6427=LINE('',#15814,#7767);
#6428=LINE('',#15817,#7768);
#6429=LINE('',#15819,#7769);
#6430=LINE('',#15821,#7770);
#6431=LINE('',#15823,#7771);
#6432=LINE('',#15826,#7772);
#6433=LINE('',#15827,#7773);
#6434=LINE('',#15829,#7774);
#6435=LINE('',#15832,#7775);
#6436=LINE('',#15833,#7776);
#6437=LINE('',#15835,#7777);
#6438=LINE('',#15836,#7778);
#6439=LINE('',#15838,#7779);
#6440=LINE('',#15841,#7780);
#6441=LINE('',#15843,#7781);
#6442=LINE('',#15845,#7782);
#6443=LINE('',#15847,#7783);
#6444=LINE('',#15850,#7784);
#6445=LINE('',#15851,#7785);
#6446=LINE('',#15853,#7786);
#6447=LINE('',#15856,#7787);
#6448=LINE('',#15857,#7788);
#6449=LINE('',#15859,#7789);
#6450=LINE('',#15860,#7790);
#6451=LINE('',#15862,#7791);
#6452=LINE('',#15865,#7792);
#6453=LINE('',#15867,#7793);
#6454=LINE('',#15869,#7794);
#6455=LINE('',#15871,#7795);
#6456=LINE('',#15874,#7796);
#6457=LINE('',#15875,#7797);
#6458=LINE('',#15877,#7798);
#6459=LINE('',#15880,#7799);
#6460=LINE('',#15881,#7800);
#6461=LINE('',#15883,#7801);
#6462=LINE('',#15884,#7802);
#6463=LINE('',#15886,#7803);
#6464=LINE('',#15889,#7804);
#6465=LINE('',#15891,#7805);
#6466=LINE('',#15893,#7806);
#6467=LINE('',#15895,#7807);
#6468=LINE('',#15898,#7808);
#6469=LINE('',#15899,#7809);
#6470=LINE('',#15901,#7810);
#6471=LINE('',#15904,#7811);
#6472=LINE('',#15905,#7812);
#6473=LINE('',#15907,#7813);
#6474=LINE('',#15908,#7814);
#6475=LINE('',#15910,#7815);
#6476=LINE('',#15913,#7816);
#6477=LINE('',#15915,#7817);
#6478=LINE('',#15917,#7818);
#6479=LINE('',#15919,#7819);
#6480=LINE('',#15922,#7820);
#6481=LINE('',#15923,#7821);
#6482=LINE('',#15925,#7822);
#6483=LINE('',#15928,#7823);
#6484=LINE('',#15929,#7824);
#6485=LINE('',#15931,#7825);
#6486=LINE('',#15932,#7826);
#6487=LINE('',#15934,#7827);
#6488=LINE('',#15937,#7828);
#6489=LINE('',#15939,#7829);
#6490=LINE('',#15941,#7830);
#6491=LINE('',#15943,#7831);
#6492=LINE('',#15946,#7832);
#6493=LINE('',#15947,#7833);
#6494=LINE('',#15949,#7834);
#6495=LINE('',#15952,#7835);
#6496=LINE('',#15953,#7836);
#6497=LINE('',#15955,#7837);
#6498=LINE('',#15956,#7838);
#6499=LINE('',#15958,#7839);
#6500=LINE('',#15961,#7840);
#6501=LINE('',#15963,#7841);
#6502=LINE('',#15965,#7842);
#6503=LINE('',#15967,#7843);
#6504=LINE('',#15970,#7844);
#6505=LINE('',#15972,#7845);
#6506=LINE('',#15974,#7846);
#6507=LINE('',#15976,#7847);
#6508=LINE('',#15979,#7848);
#6509=LINE('',#15980,#7849);
#6510=LINE('',#15982,#7850);
#6511=LINE('',#15985,#7851);
#6512=LINE('',#15986,#7852);
#6513=LINE('',#15988,#7853);
#6514=LINE('',#15989,#7854);
#6515=LINE('',#15991,#7855);
#6516=LINE('',#15994,#7856);
#6517=LINE('',#15996,#7857);
#6518=LINE('',#15998,#7858);
#6519=LINE('',#16000,#7859);
#6520=LINE('',#16003,#7860);
#6521=LINE('',#16004,#7861);
#6522=LINE('',#16006,#7862);
#6523=LINE('',#16009,#7863);
#6524=LINE('',#16010,#7864);
#6525=LINE('',#16012,#7865);
#6526=LINE('',#16013,#7866);
#6527=LINE('',#16015,#7867);
#6528=LINE('',#16018,#7868);
#6529=LINE('',#16020,#7869);
#6530=LINE('',#16022,#7870);
#6531=LINE('',#16024,#7871);
#6532=LINE('',#16027,#7872);
#6533=LINE('',#16028,#7873);
#6534=LINE('',#16030,#7874);
#6535=LINE('',#16033,#7875);
#6536=LINE('',#16034,#7876);
#6537=LINE('',#16036,#7877);
#6538=LINE('',#16037,#7878);
#6539=LINE('',#16039,#7879);
#6540=LINE('',#16042,#7880);
#6541=LINE('',#16044,#7881);
#6542=LINE('',#16046,#7882);
#6543=LINE('',#16048,#7883);
#6544=LINE('',#16051,#7884);
#6545=LINE('',#16052,#7885);
#6546=LINE('',#16054,#7886);
#6547=LINE('',#16057,#7887);
#6548=LINE('',#16058,#7888);
#6549=LINE('',#16060,#7889);
#6550=LINE('',#16061,#7890);
#6551=LINE('',#16063,#7891);
#6552=LINE('',#16066,#7892);
#6553=LINE('',#16068,#7893);
#6554=LINE('',#16070,#7894);
#6555=LINE('',#16072,#7895);
#6556=LINE('',#16075,#7896);
#6557=LINE('',#16076,#7897);
#6558=LINE('',#16078,#7898);
#6559=LINE('',#16081,#7899);
#6560=LINE('',#16082,#7900);
#6561=LINE('',#16084,#7901);
#6562=LINE('',#16085,#7902);
#6563=LINE('',#16087,#7903);
#6564=LINE('',#16090,#7904);
#6565=LINE('',#16092,#7905);
#6566=LINE('',#16094,#7906);
#6567=LINE('',#16096,#7907);
#6568=LINE('',#16099,#7908);
#6569=LINE('',#16100,#7909);
#6570=LINE('',#16102,#7910);
#6571=LINE('',#16105,#7911);
#6572=LINE('',#16106,#7912);
#6573=LINE('',#16108,#7913);
#6574=LINE('',#16109,#7914);
#6575=LINE('',#16125,#7915);
#6576=LINE('',#16129,#7916);
#6577=LINE('',#16133,#7917);
#6578=LINE('',#16136,#7918);
#6579=LINE('',#16138,#7919);
#6580=LINE('',#16140,#7920);
#6581=LINE('',#16142,#7921);
#6582=LINE('',#16145,#7922);
#6583=LINE('',#16147,#7923);
#6584=LINE('',#16149,#7924);
#6585=LINE('',#16151,#7925);
#6586=LINE('',#16154,#7926);
#6587=LINE('',#16156,#7927);
#6588=LINE('',#16158,#7928);
#6589=LINE('',#16160,#7929);
#6590=LINE('',#16163,#7930);
#6591=LINE('',#16165,#7931);
#6592=LINE('',#16167,#7932);
#6593=LINE('',#16169,#7933);
#6594=LINE('',#16172,#7934);
#6595=LINE('',#16174,#7935);
#6596=LINE('',#16176,#7936);
#6597=LINE('',#16178,#7937);
#6598=LINE('',#16181,#7938);
#6599=LINE('',#16183,#7939);
#6600=LINE('',#16185,#7940);
#6601=LINE('',#16187,#7941);
#6602=LINE('',#16190,#7942);
#6603=LINE('',#16191,#7943);
#6604=LINE('',#16193,#7944);
#6605=LINE('',#16195,#7945);
#6606=LINE('',#16197,#7946);
#6607=LINE('',#16199,#7947);
#6608=LINE('',#16202,#7948);
#6609=LINE('',#16203,#7949);
#6610=LINE('',#16205,#7950);
#6611=LINE('',#16207,#7951);
#6612=LINE('',#16209,#7952);
#6613=LINE('',#16211,#7953);
#6614=LINE('',#16214,#7954);
#6615=LINE('',#16215,#7955);
#6616=LINE('',#16217,#7956);
#6617=LINE('',#16219,#7957);
#6618=LINE('',#16221,#7958);
#6619=LINE('',#16223,#7959);
#6620=LINE('',#16226,#7960);
#6621=LINE('',#16227,#7961);
#6622=LINE('',#16229,#7962);
#6623=LINE('',#16231,#7963);
#6624=LINE('',#16233,#7964);
#6625=LINE('',#16235,#7965);
#6626=LINE('',#16238,#7966);
#6627=LINE('',#16239,#7967);
#6628=LINE('',#16241,#7968);
#6629=LINE('',#16243,#7969);
#6630=LINE('',#16245,#7970);
#6631=LINE('',#16247,#7971);
#6632=LINE('',#16250,#7972);
#6633=LINE('',#16251,#7973);
#6634=LINE('',#16253,#7974);
#6635=LINE('',#16255,#7975);
#6636=LINE('',#16257,#7976);
#6637=LINE('',#16259,#7977);
#6638=LINE('',#16262,#7978);
#6639=LINE('',#16263,#7979);
#6640=LINE('',#16265,#7980);
#6641=LINE('',#16267,#7981);
#6642=LINE('',#16269,#7982);
#6643=LINE('',#16271,#7983);
#6644=LINE('',#16272,#7984);
#6645=LINE('',#16273,#7985);
#6646=LINE('',#16274,#7986);
#6647=LINE('',#16275,#7987);
#6648=LINE('',#16276,#7988);
#6649=LINE('',#16277,#7989);
#6650=LINE('',#16279,#7990);
#6651=LINE('',#16280,#7991);
#6652=LINE('',#16281,#7992);
#6653=LINE('',#16282,#7993);
#6654=LINE('',#16283,#7994);
#6655=LINE('',#16284,#7995);
#6656=LINE('',#16285,#7996);
#6657=VECTOR('',#10960,1.);
#6658=VECTOR('',#10961,1.);
#6659=VECTOR('',#10962,1.);
#6660=VECTOR('',#10963,1.);
#6661=VECTOR('',#10966,1.);
#6662=VECTOR('',#10967,1.);
#6663=VECTOR('',#10968,1.);
#6664=VECTOR('',#10969,1.);
#6665=VECTOR('',#10972,1.);
#6666=VECTOR('',#10973,1.);
#6667=VECTOR('',#10974,1.);
#6668=VECTOR('',#10975,1.);
#6669=VECTOR('',#10978,1.);
#6670=VECTOR('',#10993,1.);
#6671=VECTOR('',#10994,1.);
#6672=VECTOR('',#10997,1.);
#6673=VECTOR('',#11000,1.);
#6674=VECTOR('',#11001,1.);
#6675=VECTOR('',#11016,1.);
#6676=VECTOR('',#11017,1.);
#6677=VECTOR('',#11018,1.);
#6678=VECTOR('',#11021,1.);
#6679=VECTOR('',#11026,1.);
#6680=VECTOR('',#11027,1.);
#6681=VECTOR('',#11030,1.);
#6682=VECTOR('',#11035,1.);
#6683=VECTOR('',#11036,1.);
#6684=VECTOR('',#11047,1.);
#6685=VECTOR('',#11062,1.);
#6686=VECTOR('',#11063,1.);
#6687=VECTOR('',#11064,1.);
#6688=VECTOR('',#11065,1.);
#6689=VECTOR('',#11068,1.);
#6690=VECTOR('',#11069,1.);
#6691=VECTOR('',#11070,1.);
#6692=VECTOR('',#11073,1.);
#6693=VECTOR('',#11074,1.);
#6694=VECTOR('',#11075,1.);
#6695=VECTOR('',#11078,1.);
#6696=VECTOR('',#11079,1.);
#6697=VECTOR('',#11080,1.);
#6698=VECTOR('',#11081,1.);
#6699=VECTOR('',#11082,1.);
#6700=VECTOR('',#11083,1.);
#6701=VECTOR('',#11084,1.);
#6702=VECTOR('',#11085,1.);
#6703=VECTOR('',#11088,1.);
#6704=VECTOR('',#11089,1.);
#6705=VECTOR('',#11090,1.);
#6706=VECTOR('',#11093,1.);
#6707=VECTOR('',#11096,1.);
#6708=VECTOR('',#11099,1.);
#6709=VECTOR('',#11102,1.);
#6710=VECTOR('',#11103,1.);
#6711=VECTOR('',#11104,1.);
#6712=VECTOR('',#11109,1.);
#6713=VECTOR('',#11112,1.);
#6714=VECTOR('',#11113,1.);
#6715=VECTOR('',#11114,1.);
#6716=VECTOR('',#11115,1.);
#6717=VECTOR('',#11116,1.);
#6718=VECTOR('',#11117,1.);
#6719=VECTOR('',#11118,1.);
#6720=VECTOR('',#11119,1.);
#6721=VECTOR('',#11120,1.);
#6722=VECTOR('',#11121,1.);
#6723=VECTOR('',#11122,1.);
#6724=VECTOR('',#11123,1.);
#6725=VECTOR('',#11124,1.);
#6726=VECTOR('',#11125,1.);
#6727=VECTOR('',#11126,1.);
#6728=VECTOR('',#11127,1.);
#6729=VECTOR('',#11128,1.);
#6730=VECTOR('',#11129,1.);
#6731=VECTOR('',#11130,1.);
#6732=VECTOR('',#11131,1.);
#6733=VECTOR('',#11132,1.);
#6734=VECTOR('',#11133,1.);
#6735=VECTOR('',#11134,1.);
#6736=VECTOR('',#11135,1.);
#6737=VECTOR('',#11136,1.);
#6738=VECTOR('',#11137,1.);
#6739=VECTOR('',#11138,1.);
#6740=VECTOR('',#11139,1.);
#6741=VECTOR('',#11140,1.);
#6742=VECTOR('',#11141,1.);
#6743=VECTOR('',#11142,1.);
#6744=VECTOR('',#11143,1.);
#6745=VECTOR('',#11144,1.);
#6746=VECTOR('',#11145,1.);
#6747=VECTOR('',#11146,1.);
#6748=VECTOR('',#11147,1.);
#6749=VECTOR('',#11148,1.);
#6750=VECTOR('',#11149,1.);
#6751=VECTOR('',#11150,1.);
#6752=VECTOR('',#11151,1.);
#6753=VECTOR('',#11152,1.);
#6754=VECTOR('',#11153,1.);
#6755=VECTOR('',#11154,1.);
#6756=VECTOR('',#11155,1.);
#6757=VECTOR('',#11156,1.);
#6758=VECTOR('',#11157,1.);
#6759=VECTOR('',#11158,1.);
#6760=VECTOR('',#11159,1.);
#6761=VECTOR('',#11160,1.);
#6762=VECTOR('',#11161,1.);
#6763=VECTOR('',#11162,1.);
#6764=VECTOR('',#11163,1.);
#6765=VECTOR('',#11164,1.);
#6766=VECTOR('',#11165,1.);
#6767=VECTOR('',#11166,1.);
#6768=VECTOR('',#11167,1.);
#6769=VECTOR('',#11168,1.);
#6770=VECTOR('',#11169,1.);
#6771=VECTOR('',#11170,1.);
#6772=VECTOR('',#11171,1.);
#6773=VECTOR('',#11172,1.);
#6774=VECTOR('',#11173,1.);
#6775=VECTOR('',#11174,1.);
#6776=VECTOR('',#11175,1.);
#6777=VECTOR('',#11176,1.);
#6778=VECTOR('',#11177,1.);
#6779=VECTOR('',#11178,1.);
#6780=VECTOR('',#11179,1.);
#6781=VECTOR('',#11180,1.);
#6782=VECTOR('',#11181,1.);
#6783=VECTOR('',#11182,1.);
#6784=VECTOR('',#11183,1.);
#6785=VECTOR('',#11184,1.);
#6786=VECTOR('',#11185,1.);
#6787=VECTOR('',#11186,1.);
#6788=VECTOR('',#11187,1.);
#6789=VECTOR('',#11188,1.);
#6790=VECTOR('',#11189,1.);
#6791=VECTOR('',#11190,1.);
#6792=VECTOR('',#11191,1.);
#6793=VECTOR('',#11192,1.);
#6794=VECTOR('',#11193,1.);
#6795=VECTOR('',#11194,1.);
#6796=VECTOR('',#11195,1.);
#6797=VECTOR('',#11196,1.);
#6798=VECTOR('',#11197,1.);
#6799=VECTOR('',#11198,1.);
#6800=VECTOR('',#11199,1.);
#6801=VECTOR('',#11200,1.);
#6802=VECTOR('',#11201,1.);
#6803=VECTOR('',#11202,1.);
#6804=VECTOR('',#11203,1.);
#6805=VECTOR('',#11204,1.);
#6806=VECTOR('',#11205,1.);
#6807=VECTOR('',#11206,1.);
#6808=VECTOR('',#11207,1.);
#6809=VECTOR('',#11208,1.);
#6810=VECTOR('',#11209,1.);
#6811=VECTOR('',#11210,1.);
#6812=VECTOR('',#11211,1.);
#6813=VECTOR('',#11212,1.);
#6814=VECTOR('',#11213,1.);
#6815=VECTOR('',#11214,1.);
#6816=VECTOR('',#11215,1.);
#6817=VECTOR('',#11216,1.);
#6818=VECTOR('',#11217,1.);
#6819=VECTOR('',#11218,1.);
#6820=VECTOR('',#11219,1.);
#6821=VECTOR('',#11220,1.);
#6822=VECTOR('',#11221,1.);
#6823=VECTOR('',#11222,1.);
#6824=VECTOR('',#11223,1.);
#6825=VECTOR('',#11224,1.);
#6826=VECTOR('',#11225,1.);
#6827=VECTOR('',#11226,1.);
#6828=VECTOR('',#11227,1.);
#6829=VECTOR('',#11228,1.);
#6830=VECTOR('',#11229,1.);
#6831=VECTOR('',#11230,1.);
#6832=VECTOR('',#11231,1.);
#6833=VECTOR('',#11232,1.);
#6834=VECTOR('',#11233,1.);
#6835=VECTOR('',#11234,1.);
#6836=VECTOR('',#11235,1.);
#6837=VECTOR('',#11236,1.);
#6838=VECTOR('',#11237,1.);
#6839=VECTOR('',#11238,1.);
#6840=VECTOR('',#11239,1.);
#6841=VECTOR('',#11240,1.);
#6842=VECTOR('',#11241,1.);
#6843=VECTOR('',#11242,1.);
#6844=VECTOR('',#11243,1.);
#6845=VECTOR('',#11244,1.);
#6846=VECTOR('',#11245,1.);
#6847=VECTOR('',#11246,1.);
#6848=VECTOR('',#11247,1.);
#6849=VECTOR('',#11248,1.);
#6850=VECTOR('',#11249,1.);
#6851=VECTOR('',#11250,1.);
#6852=VECTOR('',#11251,1.);
#6853=VECTOR('',#11252,1.);
#6854=VECTOR('',#11253,1.);
#6855=VECTOR('',#11254,1.);
#6856=VECTOR('',#11255,1.);
#6857=VECTOR('',#11256,1.);
#6858=VECTOR('',#11257,1.);
#6859=VECTOR('',#11258,1.);
#6860=VECTOR('',#11259,1.);
#6861=VECTOR('',#11260,1.);
#6862=VECTOR('',#11261,1.);
#6863=VECTOR('',#11262,1.);
#6864=VECTOR('',#11263,1.);
#6865=VECTOR('',#11264,1.);
#6866=VECTOR('',#11265,1.);
#6867=VECTOR('',#11266,1.);
#6868=VECTOR('',#11267,1.);
#6869=VECTOR('',#11268,1.);
#6870=VECTOR('',#11269,1.);
#6871=VECTOR('',#11270,1.);
#6872=VECTOR('',#11271,1.);
#6873=VECTOR('',#11272,1.);
#6874=VECTOR('',#11273,1.);
#6875=VECTOR('',#11274,1.);
#6876=VECTOR('',#11275,1.);
#6877=VECTOR('',#11276,1.);
#6878=VECTOR('',#11277,1.);
#6879=VECTOR('',#11278,1.);
#6880=VECTOR('',#11279,1.);
#6881=VECTOR('',#11280,1.);
#6882=VECTOR('',#11281,1.);
#6883=VECTOR('',#11282,1.);
#6884=VECTOR('',#11283,1.);
#6885=VECTOR('',#11284,1.);
#6886=VECTOR('',#11285,1.);
#6887=VECTOR('',#11286,1.);
#6888=VECTOR('',#11295,1.);
#6889=VECTOR('',#11296,1.);
#6890=VECTOR('',#11297,1.);
#6891=VECTOR('',#11298,1.);
#6892=VECTOR('',#11299,1.);
#6893=VECTOR('',#11302,1.);
#6894=VECTOR('',#11303,1.);
#6895=VECTOR('',#11304,1.);
#6896=VECTOR('',#11305,1.);
#6897=VECTOR('',#11306,1.);
#6898=VECTOR('',#11309,1.);
#6899=VECTOR('',#11314,1.);
#6900=VECTOR('',#11315,1.);
#6901=VECTOR('',#11316,1.);
#6902=VECTOR('',#11317,1.);
#6903=VECTOR('',#11318,1.);
#6904=VECTOR('',#11319,1.);
#6905=VECTOR('',#11320,1.);
#6906=VECTOR('',#11321,1.);
#6907=VECTOR('',#11322,1.);
#6908=VECTOR('',#11323,1.);
#6909=VECTOR('',#11324,1.);
#6910=VECTOR('',#11325,1.);
#6911=VECTOR('',#11326,1.);
#6912=VECTOR('',#11327,1.);
#6913=VECTOR('',#11328,1.);
#6914=VECTOR('',#11329,1.);
#6915=VECTOR('',#11330,1.);
#6916=VECTOR('',#11331,1.);
#6917=VECTOR('',#11332,1.);
#6918=VECTOR('',#11333,1.);
#6919=VECTOR('',#11334,1.);
#6920=VECTOR('',#11335,1.);
#6921=VECTOR('',#11336,1.);
#6922=VECTOR('',#11337,1.);
#6923=VECTOR('',#11338,1.);
#6924=VECTOR('',#11339,1.);
#6925=VECTOR('',#11340,1.);
#6926=VECTOR('',#11341,1.);
#6927=VECTOR('',#11342,1.);
#6928=VECTOR('',#11343,1.);
#6929=VECTOR('',#11344,1.);
#6930=VECTOR('',#11345,1.);
#6931=VECTOR('',#11346,1.);
#6932=VECTOR('',#11347,1.);
#6933=VECTOR('',#11348,1.);
#6934=VECTOR('',#11349,1.);
#6935=VECTOR('',#11350,1.);
#6936=VECTOR('',#11351,1.);
#6937=VECTOR('',#11352,1.);
#6938=VECTOR('',#11353,1.);
#6939=VECTOR('',#11354,1.);
#6940=VECTOR('',#11355,1.);
#6941=VECTOR('',#11356,1.);
#6942=VECTOR('',#11357,1.);
#6943=VECTOR('',#11358,1.);
#6944=VECTOR('',#11359,1.);
#6945=VECTOR('',#11360,1.);
#6946=VECTOR('',#11361,1.);
#6947=VECTOR('',#11362,1.);
#6948=VECTOR('',#11363,1.);
#6949=VECTOR('',#11364,1.);
#6950=VECTOR('',#11365,1.);
#6951=VECTOR('',#11366,1.);
#6952=VECTOR('',#11367,1.);
#6953=VECTOR('',#11368,1.);
#6954=VECTOR('',#11369,1.);
#6955=VECTOR('',#11370,1.);
#6956=VECTOR('',#11371,1.);
#6957=VECTOR('',#11372,1.);
#6958=VECTOR('',#11373,1.);
#6959=VECTOR('',#11374,1.);
#6960=VECTOR('',#11375,1.);
#6961=VECTOR('',#11376,1.);
#6962=VECTOR('',#11377,1.);
#6963=VECTOR('',#11378,1.);
#6964=VECTOR('',#11379,1.);
#6965=VECTOR('',#11380,1.);
#6966=VECTOR('',#11381,1.);
#6967=VECTOR('',#11382,1.);
#6968=VECTOR('',#11383,1.);
#6969=VECTOR('',#11384,1.);
#6970=VECTOR('',#11385,1.);
#6971=VECTOR('',#11386,1.);
#6972=VECTOR('',#11387,1.);
#6973=VECTOR('',#11388,1.);
#6974=VECTOR('',#11389,1.);
#6975=VECTOR('',#11390,1.);
#6976=VECTOR('',#11391,1.);
#6977=VECTOR('',#11392,1.);
#6978=VECTOR('',#11393,1.);
#6979=VECTOR('',#11394,1.);
#6980=VECTOR('',#11395,1.);
#6981=VECTOR('',#11396,1.);
#6982=VECTOR('',#11397,1.);
#6983=VECTOR('',#11398,1.);
#6984=VECTOR('',#11399,1.);
#6985=VECTOR('',#11400,1.);
#6986=VECTOR('',#11401,1.);
#6987=VECTOR('',#11402,1.);
#6988=VECTOR('',#11403,1.);
#6989=VECTOR('',#11404,1.);
#6990=VECTOR('',#11405,1.);
#6991=VECTOR('',#11406,1.);
#6992=VECTOR('',#11407,1.);
#6993=VECTOR('',#11408,1.);
#6994=VECTOR('',#11409,1.);
#6995=VECTOR('',#11410,1.);
#6996=VECTOR('',#11411,1.);
#6997=VECTOR('',#11412,1.);
#6998=VECTOR('',#11413,1.);
#6999=VECTOR('',#11414,1.);
#7000=VECTOR('',#11415,1.);
#7001=VECTOR('',#11416,1.);
#7002=VECTOR('',#11417,1.);
#7003=VECTOR('',#11418,1.);
#7004=VECTOR('',#11419,1.);
#7005=VECTOR('',#11420,1.);
#7006=VECTOR('',#11421,1.);
#7007=VECTOR('',#11422,1.);
#7008=VECTOR('',#11423,1.);
#7009=VECTOR('',#11424,1.);
#7010=VECTOR('',#11425,1.);
#7011=VECTOR('',#11426,1.);
#7012=VECTOR('',#11427,1.);
#7013=VECTOR('',#11428,1.);
#7014=VECTOR('',#11429,1.);
#7015=VECTOR('',#11430,1.);
#7016=VECTOR('',#11431,1.);
#7017=VECTOR('',#11432,1.);
#7018=VECTOR('',#11433,1.);
#7019=VECTOR('',#11434,1.);
#7020=VECTOR('',#11435,1.);
#7021=VECTOR('',#11436,1.);
#7022=VECTOR('',#11437,1.);
#7023=VECTOR('',#11438,1.);
#7024=VECTOR('',#11439,1.);
#7025=VECTOR('',#11440,1.);
#7026=VECTOR('',#11441,1.);
#7027=VECTOR('',#11442,1.);
#7028=VECTOR('',#11443,1.);
#7029=VECTOR('',#11444,1.);
#7030=VECTOR('',#11445,1.);
#7031=VECTOR('',#11446,1.);
#7032=VECTOR('',#11447,1.);
#7033=VECTOR('',#11448,1.);
#7034=VECTOR('',#11449,1.);
#7035=VECTOR('',#11454,1.);
#7036=VECTOR('',#11455,1.);
#7037=VECTOR('',#11456,1.);
#7038=VECTOR('',#11457,1.);
#7039=VECTOR('',#11458,1.);
#7040=VECTOR('',#11459,1.);
#7041=VECTOR('',#11460,1.);
#7042=VECTOR('',#11461,1.);
#7043=VECTOR('',#11462,1.);
#7044=VECTOR('',#11463,1.);
#7045=VECTOR('',#11464,1.);
#7046=VECTOR('',#11465,1.);
#7047=VECTOR('',#11466,1.);
#7048=VECTOR('',#11467,1.);
#7049=VECTOR('',#11468,1.);
#7050=VECTOR('',#11469,1.);
#7051=VECTOR('',#11470,1.);
#7052=VECTOR('',#11471,1.);
#7053=VECTOR('',#11472,1.);
#7054=VECTOR('',#11473,1.);
#7055=VECTOR('',#11474,1.);
#7056=VECTOR('',#11475,1.);
#7057=VECTOR('',#11476,1.);
#7058=VECTOR('',#11477,1.);
#7059=VECTOR('',#11478,1.);
#7060=VECTOR('',#11479,1.);
#7061=VECTOR('',#11482,1.);
#7062=VECTOR('',#11485,1.);
#7063=VECTOR('',#11488,1.);
#7064=VECTOR('',#11491,1.);
#7065=VECTOR('',#11494,1.);
#7066=VECTOR('',#11495,1.);
#7067=VECTOR('',#11498,1.);
#7068=VECTOR('',#11499,1.);
#7069=VECTOR('',#11502,1.);
#7070=VECTOR('',#11503,1.);
#7071=VECTOR('',#11506,1.);
#7072=VECTOR('',#11507,1.);
#7073=VECTOR('',#11510,1.);
#7074=VECTOR('',#11511,1.);
#7075=VECTOR('',#11514,1.);
#7076=VECTOR('',#11515,1.);
#7077=VECTOR('',#11518,1.);
#7078=VECTOR('',#11519,1.);
#7079=VECTOR('',#11522,1.);
#7080=VECTOR('',#11523,1.);
#7081=VECTOR('',#11526,1.);
#7082=VECTOR('',#11527,1.);
#7083=VECTOR('',#11530,1.);
#7084=VECTOR('',#11531,1.);
#7085=VECTOR('',#11534,1.);
#7086=VECTOR('',#11535,1.);
#7087=VECTOR('',#11538,1.);
#7088=VECTOR('',#11539,1.);
#7089=VECTOR('',#11542,1.);
#7090=VECTOR('',#11543,1.);
#7091=VECTOR('',#11546,1.);
#7092=VECTOR('',#11547,1.);
#7093=VECTOR('',#11550,1.);
#7094=VECTOR('',#11551,1.);
#7095=VECTOR('',#11554,1.);
#7096=VECTOR('',#11557,1.);
#7097=VECTOR('',#11558,1.);
#7098=VECTOR('',#11565,1.);
#7099=VECTOR('',#11566,1.);
#7100=VECTOR('',#11569,1.);
#7101=VECTOR('',#11572,1.);
#7102=VECTOR('',#11577,1.);
#7103=VECTOR('',#11578,1.);
#7104=VECTOR('',#11581,1.);
#7105=VECTOR('',#11584,1.);
#7106=VECTOR('',#11589,1.);
#7107=VECTOR('',#11590,1.);
#7108=VECTOR('',#11593,1.);
#7109=VECTOR('',#11596,1.);
#7110=VECTOR('',#11601,1.);
#7111=VECTOR('',#11602,1.);
#7112=VECTOR('',#11605,1.);
#7113=VECTOR('',#11608,1.);
#7114=VECTOR('',#11613,1.);
#7115=VECTOR('',#11614,1.);
#7116=VECTOR('',#11617,1.);
#7117=VECTOR('',#11620,1.);
#7118=VECTOR('',#11625,1.);
#7119=VECTOR('',#11626,1.);
#7120=VECTOR('',#11629,1.);
#7121=VECTOR('',#11632,1.);
#7122=VECTOR('',#11637,1.);
#7123=VECTOR('',#11638,1.);
#7124=VECTOR('',#11641,1.);
#7125=VECTOR('',#11644,1.);
#7126=VECTOR('',#11649,1.);
#7127=VECTOR('',#11650,1.);
#7128=VECTOR('',#11653,1.);
#7129=VECTOR('',#11656,1.);
#7130=VECTOR('',#11661,1.);
#7131=VECTOR('',#11662,1.);
#7132=VECTOR('',#11665,1.);
#7133=VECTOR('',#11668,1.);
#7134=VECTOR('',#11673,1.);
#7135=VECTOR('',#11674,1.);
#7136=VECTOR('',#11677,1.);
#7137=VECTOR('',#11680,1.);
#7138=VECTOR('',#11685,1.);
#7139=VECTOR('',#11686,1.);
#7140=VECTOR('',#11689,1.);
#7141=VECTOR('',#11692,1.);
#7142=VECTOR('',#11697,1.);
#7143=VECTOR('',#11698,1.);
#7144=VECTOR('',#11701,1.);
#7145=VECTOR('',#11704,1.);
#7146=VECTOR('',#11709,1.);
#7147=VECTOR('',#11710,1.);
#7148=VECTOR('',#11713,1.);
#7149=VECTOR('',#11716,1.);
#7150=VECTOR('',#11721,1.);
#7151=VECTOR('',#11722,1.);
#7152=VECTOR('',#11725,1.);
#7153=VECTOR('',#11728,1.);
#7154=VECTOR('',#11733,1.);
#7155=VECTOR('',#11734,1.);
#7156=VECTOR('',#11737,1.);
#7157=VECTOR('',#11740,1.);
#7158=VECTOR('',#11745,1.);
#7159=VECTOR('',#11746,1.);
#7160=VECTOR('',#11749,1.);
#7161=VECTOR('',#11752,1.);
#7162=VECTOR('',#11757,1.);
#7163=VECTOR('',#11758,1.);
#7164=VECTOR('',#11761,1.);
#7165=VECTOR('',#11764,1.);
#7166=VECTOR('',#11769,1.);
#7167=VECTOR('',#11770,1.);
#7168=VECTOR('',#11773,1.);
#7169=VECTOR('',#11776,1.);
#7170=VECTOR('',#11781,1.);
#7171=VECTOR('',#11782,1.);
#7172=VECTOR('',#11785,1.);
#7173=VECTOR('',#11788,1.);
#7174=VECTOR('',#11793,1.);
#7175=VECTOR('',#11794,1.);
#7176=VECTOR('',#11797,1.);
#7177=VECTOR('',#11800,1.);
#7178=VECTOR('',#11805,1.);
#7179=VECTOR('',#11806,1.);
#7180=VECTOR('',#11809,1.);
#7181=VECTOR('',#11812,1.);
#7182=VECTOR('',#11817,1.);
#7183=VECTOR('',#11818,1.);
#7184=VECTOR('',#11821,1.);
#7185=VECTOR('',#11824,1.);
#7186=VECTOR('',#11829,1.);
#7187=VECTOR('',#11830,1.);
#7188=VECTOR('',#11833,1.);
#7189=VECTOR('',#11836,1.);
#7190=VECTOR('',#11841,1.);
#7191=VECTOR('',#11842,1.);
#7192=VECTOR('',#11845,1.);
#7193=VECTOR('',#11848,1.);
#7194=VECTOR('',#11853,1.);
#7195=VECTOR('',#11854,1.);
#7196=VECTOR('',#11857,1.);
#7197=VECTOR('',#11860,1.);
#7198=VECTOR('',#11871,1.);
#7199=VECTOR('',#11872,1.);
#7200=VECTOR('',#11875,1.);
#7201=VECTOR('',#11878,1.);
#7202=VECTOR('',#11883,1.);
#7203=VECTOR('',#11884,1.);
#7204=VECTOR('',#11887,1.);
#7205=VECTOR('',#11890,1.);
#7206=VECTOR('',#11895,1.);
#7207=VECTOR('',#11896,1.);
#7208=VECTOR('',#11899,1.);
#7209=VECTOR('',#11902,1.);
#7210=VECTOR('',#11907,1.);
#7211=VECTOR('',#11908,1.);
#7212=VECTOR('',#11911,1.);
#7213=VECTOR('',#11914,1.);
#7214=VECTOR('',#11919,1.);
#7215=VECTOR('',#11920,1.);
#7216=VECTOR('',#11923,1.);
#7217=VECTOR('',#11926,1.);
#7218=VECTOR('',#11931,1.);
#7219=VECTOR('',#11932,1.);
#7220=VECTOR('',#11935,1.);
#7221=VECTOR('',#11938,1.);
#7222=VECTOR('',#11943,1.);
#7223=VECTOR('',#11944,1.);
#7224=VECTOR('',#11947,1.);
#7225=VECTOR('',#11950,1.);
#7226=VECTOR('',#11955,1.);
#7227=VECTOR('',#11956,1.);
#7228=VECTOR('',#11959,1.);
#7229=VECTOR('',#11962,1.);
#7230=VECTOR('',#11967,1.);
#7231=VECTOR('',#11968,1.);
#7232=VECTOR('',#11971,1.);
#7233=VECTOR('',#11974,1.);
#7234=VECTOR('',#11993,1.);
#7235=VECTOR('',#11994,1.);
#7236=VECTOR('',#11997,1.);
#7237=VECTOR('',#11998,1.);
#7238=VECTOR('',#12001,1.);
#7239=VECTOR('',#12006,1.);
#7240=VECTOR('',#12007,1.);
#7241=VECTOR('',#12008,1.);
#7242=VECTOR('',#12011,1.);
#7243=VECTOR('',#12012,1.);
#7244=VECTOR('',#12013,1.);
#7245=VECTOR('',#12014,1.);
#7246=VECTOR('',#12017,1.);
#7247=VECTOR('',#12018,1.);
#7248=VECTOR('',#12019,1.);
#7249=VECTOR('',#12022,1.);
#7250=VECTOR('',#12023,1.);
#7251=VECTOR('',#12024,1.);
#7252=VECTOR('',#12095,1.);
#7253=VECTOR('',#12096,1.);
#7254=VECTOR('',#12097,1.);
#7255=VECTOR('',#12100,1.);
#7256=VECTOR('',#12101,1.);
#7257=VECTOR('',#12102,1.);
#7258=VECTOR('',#12103,1.);
#7259=VECTOR('',#12106,1.);
#7260=VECTOR('',#12109,1.);
#7261=VECTOR('',#12112,1.);
#7262=VECTOR('',#12113,1.);
#7263=VECTOR('',#12114,1.);
#7264=VECTOR('',#12117,1.);
#7265=VECTOR('',#12120,1.);
#7266=VECTOR('',#12123,1.);
#7267=VECTOR('',#12124,1.);
#7268=VECTOR('',#12127,1.);
#7269=VECTOR('',#12128,1.);
#7270=VECTOR('',#12131,1.);
#7271=VECTOR('',#12134,1.);
#7272=VECTOR('',#12135,1.);
#7273=VECTOR('',#12136,1.);
#7274=VECTOR('',#12139,1.);
#7275=VECTOR('',#12140,1.);
#7276=VECTOR('',#12143,1.);
#7277=VECTOR('',#12144,1.);
#7278=VECTOR('',#12147,1.);
#7279=VECTOR('',#12150,1.);
#7280=VECTOR('',#12151,1.);
#7281=VECTOR('',#12154,1.);
#7282=VECTOR('',#12155,1.);
#7283=VECTOR('',#12166,1.);
#7284=VECTOR('',#12167,1.);
#7285=VECTOR('',#12168,1.);
#7286=VECTOR('',#12169,1.);
#7287=VECTOR('',#12170,1.);
#7288=VECTOR('',#12171,1.);
#7289=VECTOR('',#12172,1.);
#7290=VECTOR('',#12173,1.);
#7291=VECTOR('',#12186,1.);
#7292=VECTOR('',#12189,1.);
#7293=VECTOR('',#12192,1.);
#7294=VECTOR('',#12193,1.);
#7295=VECTOR('',#12194,1.);
#7296=VECTOR('',#12201,1.);
#7297=VECTOR('',#12212,1.);
#7298=VECTOR('',#12213,1.);
#7299=VECTOR('',#12214,1.);
#7300=VECTOR('',#12215,1.);
#7301=VECTOR('',#12218,1.);
#7302=VECTOR('',#12219,1.);
#7303=VECTOR('',#12220,1.);
#7304=VECTOR('',#12223,1.);
#7305=VECTOR('',#12224,1.);
#7306=VECTOR('',#12225,1.);
#7307=VECTOR('',#12228,1.);
#7308=VECTOR('',#12231,1.);
#7309=VECTOR('',#12236,1.);
#7310=VECTOR('',#12237,1.);
#7311=VECTOR('',#12238,1.);
#7312=VECTOR('',#12241,1.);
#7313=VECTOR('',#12260,1.);
#7314=VECTOR('',#12261,1.);
#7315=VECTOR('',#12264,1.);
#7316=VECTOR('',#12267,1.);
#7317=VECTOR('',#12268,1.);
#7318=VECTOR('',#12271,1.);
#7319=VECTOR('',#12272,1.);
#7320=VECTOR('',#12275,1.);
#7321=VECTOR('',#12278,1.);
#7322=VECTOR('',#12279,1.);
#7323=VECTOR('',#12288,1.);
#7324=VECTOR('',#12289,1.);
#7325=VECTOR('',#12290,1.);
#7326=VECTOR('',#12291,1.);
#7327=VECTOR('',#12294,1.);
#7328=VECTOR('',#12295,1.);
#7329=VECTOR('',#12296,1.);
#7330=VECTOR('',#12299,1.);
#7331=VECTOR('',#12300,1.);
#7332=VECTOR('',#12301,1.);
#7333=VECTOR('',#12304,1.);
#7334=VECTOR('',#12305,1.);
#7335=VECTOR('',#12308,1.);
#7336=VECTOR('',#12309,1.);
#7337=VECTOR('',#12310,1.);
#7338=VECTOR('',#12311,1.);
#7339=VECTOR('',#12314,1.);
#7340=VECTOR('',#12315,1.);
#7341=VECTOR('',#12316,1.);
#7342=VECTOR('',#12319,1.);
#7343=VECTOR('',#12320,1.);
#7344=VECTOR('',#12321,1.);
#7345=VECTOR('',#12324,1.);
#7346=VECTOR('',#12325,1.);
#7347=VECTOR('',#12328,1.);
#7348=VECTOR('',#12329,1.);
#7349=VECTOR('',#12330,1.);
#7350=VECTOR('',#12331,1.);
#7351=VECTOR('',#12334,1.);
#7352=VECTOR('',#12335,1.);
#7353=VECTOR('',#12336,1.);
#7354=VECTOR('',#12339,1.);
#7355=VECTOR('',#12340,1.);
#7356=VECTOR('',#12341,1.);
#7357=VECTOR('',#12344,1.);
#7358=VECTOR('',#12345,1.);
#7359=VECTOR('',#12348,1.);
#7360=VECTOR('',#12349,1.);
#7361=VECTOR('',#12350,1.);
#7362=VECTOR('',#12351,1.);
#7363=VECTOR('',#12354,1.);
#7364=VECTOR('',#12355,1.);
#7365=VECTOR('',#12356,1.);
#7366=VECTOR('',#12359,1.);
#7367=VECTOR('',#12360,1.);
#7368=VECTOR('',#12361,1.);
#7369=VECTOR('',#12364,1.);
#7370=VECTOR('',#12365,1.);
#7371=VECTOR('',#12368,1.);
#7372=VECTOR('',#12369,1.);
#7373=VECTOR('',#12370,1.);
#7374=VECTOR('',#12371,1.);
#7375=VECTOR('',#12374,1.);
#7376=VECTOR('',#12375,1.);
#7377=VECTOR('',#12376,1.);
#7378=VECTOR('',#12379,1.);
#7379=VECTOR('',#12380,1.);
#7380=VECTOR('',#12381,1.);
#7381=VECTOR('',#12384,1.);
#7382=VECTOR('',#12385,1.);
#7383=VECTOR('',#12388,1.);
#7384=VECTOR('',#12389,1.);
#7385=VECTOR('',#12390,1.);
#7386=VECTOR('',#12391,1.);
#7387=VECTOR('',#12394,1.);
#7388=VECTOR('',#12395,1.);
#7389=VECTOR('',#12396,1.);
#7390=VECTOR('',#12399,1.);
#7391=VECTOR('',#12400,1.);
#7392=VECTOR('',#12401,1.);
#7393=VECTOR('',#12404,1.);
#7394=VECTOR('',#12405,1.);
#7395=VECTOR('',#12408,1.);
#7396=VECTOR('',#12409,1.);
#7397=VECTOR('',#12410,1.);
#7398=VECTOR('',#12411,1.);
#7399=VECTOR('',#12414,1.);
#7400=VECTOR('',#12415,1.);
#7401=VECTOR('',#12416,1.);
#7402=VECTOR('',#12419,1.);
#7403=VECTOR('',#12420,1.);
#7404=VECTOR('',#12421,1.);
#7405=VECTOR('',#12424,1.);
#7406=VECTOR('',#12425,1.);
#7407=VECTOR('',#12428,1.);
#7408=VECTOR('',#12429,1.);
#7409=VECTOR('',#12430,1.);
#7410=VECTOR('',#12431,1.);
#7411=VECTOR('',#12434,1.);
#7412=VECTOR('',#12435,1.);
#7413=VECTOR('',#12436,1.);
#7414=VECTOR('',#12439,1.);
#7415=VECTOR('',#12440,1.);
#7416=VECTOR('',#12441,1.);
#7417=VECTOR('',#12444,1.);
#7418=VECTOR('',#12445,1.);
#7419=VECTOR('',#12448,1.);
#7420=VECTOR('',#12449,1.);
#7421=VECTOR('',#12450,1.);
#7422=VECTOR('',#12451,1.);
#7423=VECTOR('',#12454,1.);
#7424=VECTOR('',#12455,1.);
#7425=VECTOR('',#12456,1.);
#7426=VECTOR('',#12459,1.);
#7427=VECTOR('',#12460,1.);
#7428=VECTOR('',#12461,1.);
#7429=VECTOR('',#12464,1.);
#7430=VECTOR('',#12465,1.);
#7431=VECTOR('',#12468,1.);
#7432=VECTOR('',#12469,1.);
#7433=VECTOR('',#12470,1.);
#7434=VECTOR('',#12471,1.);
#7435=VECTOR('',#12474,1.);
#7436=VECTOR('',#12475,1.);
#7437=VECTOR('',#12476,1.);
#7438=VECTOR('',#12479,1.);
#7439=VECTOR('',#12480,1.);
#7440=VECTOR('',#12481,1.);
#7441=VECTOR('',#12484,1.);
#7442=VECTOR('',#12485,1.);
#7443=VECTOR('',#12488,1.);
#7444=VECTOR('',#12489,1.);
#7445=VECTOR('',#12490,1.);
#7446=VECTOR('',#12491,1.);
#7447=VECTOR('',#12494,1.);
#7448=VECTOR('',#12495,1.);
#7449=VECTOR('',#12496,1.);
#7450=VECTOR('',#12499,1.);
#7451=VECTOR('',#12500,1.);
#7452=VECTOR('',#12501,1.);
#7453=VECTOR('',#12504,1.);
#7454=VECTOR('',#12505,1.);
#7455=VECTOR('',#12508,1.);
#7456=VECTOR('',#12509,1.);
#7457=VECTOR('',#12510,1.);
#7458=VECTOR('',#12511,1.);
#7459=VECTOR('',#12514,1.);
#7460=VECTOR('',#12515,1.);
#7461=VECTOR('',#12516,1.);
#7462=VECTOR('',#12519,1.);
#7463=VECTOR('',#12520,1.);
#7464=VECTOR('',#12521,1.);
#7465=VECTOR('',#12524,1.);
#7466=VECTOR('',#12525,1.);
#7467=VECTOR('',#12528,1.);
#7468=VECTOR('',#12529,1.);
#7469=VECTOR('',#12530,1.);
#7470=VECTOR('',#12531,1.);
#7471=VECTOR('',#12534,1.);
#7472=VECTOR('',#12535,1.);
#7473=VECTOR('',#12536,1.);
#7474=VECTOR('',#12539,1.);
#7475=VECTOR('',#12540,1.);
#7476=VECTOR('',#12541,1.);
#7477=VECTOR('',#12544,1.);
#7478=VECTOR('',#12545,1.);
#7479=VECTOR('',#12548,1.);
#7480=VECTOR('',#12549,1.);
#7481=VECTOR('',#12550,1.);
#7482=VECTOR('',#12551,1.);
#7483=VECTOR('',#12554,1.);
#7484=VECTOR('',#12555,1.);
#7485=VECTOR('',#12556,1.);
#7486=VECTOR('',#12559,1.);
#7487=VECTOR('',#12560,1.);
#7488=VECTOR('',#12561,1.);
#7489=VECTOR('',#12564,1.);
#7490=VECTOR('',#12565,1.);
#7491=VECTOR('',#12568,1.);
#7492=VECTOR('',#12569,1.);
#7493=VECTOR('',#12570,1.);
#7494=VECTOR('',#12571,1.);
#7495=VECTOR('',#12574,1.);
#7496=VECTOR('',#12575,1.);
#7497=VECTOR('',#12576,1.);
#7498=VECTOR('',#12579,1.);
#7499=VECTOR('',#12580,1.);
#7500=VECTOR('',#12581,1.);
#7501=VECTOR('',#12584,1.);
#7502=VECTOR('',#12585,1.);
#7503=VECTOR('',#12588,1.);
#7504=VECTOR('',#12589,1.);
#7505=VECTOR('',#12590,1.);
#7506=VECTOR('',#12591,1.);
#7507=VECTOR('',#12594,1.);
#7508=VECTOR('',#12595,1.);
#7509=VECTOR('',#12596,1.);
#7510=VECTOR('',#12599,1.);
#7511=VECTOR('',#12600,1.);
#7512=VECTOR('',#12601,1.);
#7513=VECTOR('',#12604,1.);
#7514=VECTOR('',#12605,1.);
#7515=VECTOR('',#12608,1.);
#7516=VECTOR('',#12609,1.);
#7517=VECTOR('',#12610,1.);
#7518=VECTOR('',#12611,1.);
#7519=VECTOR('',#12614,1.);
#7520=VECTOR('',#12615,1.);
#7521=VECTOR('',#12616,1.);
#7522=VECTOR('',#12619,1.);
#7523=VECTOR('',#12620,1.);
#7524=VECTOR('',#12621,1.);
#7525=VECTOR('',#12624,1.);
#7526=VECTOR('',#12625,1.);
#7527=VECTOR('',#12628,1.);
#7528=VECTOR('',#12629,1.);
#7529=VECTOR('',#12630,1.);
#7530=VECTOR('',#12631,1.);
#7531=VECTOR('',#12634,1.);
#7532=VECTOR('',#12635,1.);
#7533=VECTOR('',#12636,1.);
#7534=VECTOR('',#12639,1.);
#7535=VECTOR('',#12640,1.);
#7536=VECTOR('',#12641,1.);
#7537=VECTOR('',#12644,1.);
#7538=VECTOR('',#12645,1.);
#7539=VECTOR('',#12648,1.);
#7540=VECTOR('',#12649,1.);
#7541=VECTOR('',#12650,1.);
#7542=VECTOR('',#12651,1.);
#7543=VECTOR('',#12654,1.);
#7544=VECTOR('',#12655,1.);
#7545=VECTOR('',#12656,1.);
#7546=VECTOR('',#12659,1.);
#7547=VECTOR('',#12660,1.);
#7548=VECTOR('',#12661,1.);
#7549=VECTOR('',#12664,1.);
#7550=VECTOR('',#12665,1.);
#7551=VECTOR('',#12668,1.);
#7552=VECTOR('',#12669,1.);
#7553=VECTOR('',#12670,1.);
#7554=VECTOR('',#12671,1.);
#7555=VECTOR('',#12674,1.);
#7556=VECTOR('',#12675,1.);
#7557=VECTOR('',#12676,1.);
#7558=VECTOR('',#12679,1.);
#7559=VECTOR('',#12680,1.);
#7560=VECTOR('',#12681,1.);
#7561=VECTOR('',#12684,1.);
#7562=VECTOR('',#12685,1.);
#7563=VECTOR('',#12688,1.);
#7564=VECTOR('',#12689,1.);
#7565=VECTOR('',#12690,1.);
#7566=VECTOR('',#12691,1.);
#7567=VECTOR('',#12694,1.);
#7568=VECTOR('',#12695,1.);
#7569=VECTOR('',#12696,1.);
#7570=VECTOR('',#12699,1.);
#7571=VECTOR('',#12700,1.);
#7572=VECTOR('',#12701,1.);
#7573=VECTOR('',#12704,1.);
#7574=VECTOR('',#12705,1.);
#7575=VECTOR('',#12708,1.);
#7576=VECTOR('',#12709,1.);
#7577=VECTOR('',#12710,1.);
#7578=VECTOR('',#12711,1.);
#7579=VECTOR('',#12714,1.);
#7580=VECTOR('',#12715,1.);
#7581=VECTOR('',#12716,1.);
#7582=VECTOR('',#12719,1.);
#7583=VECTOR('',#12720,1.);
#7584=VECTOR('',#12721,1.);
#7585=VECTOR('',#12724,1.);
#7586=VECTOR('',#12725,1.);
#7587=VECTOR('',#12728,1.);
#7588=VECTOR('',#12729,1.);
#7589=VECTOR('',#12730,1.);
#7590=VECTOR('',#12731,1.);
#7591=VECTOR('',#12734,1.);
#7592=VECTOR('',#12735,1.);
#7593=VECTOR('',#12736,1.);
#7594=VECTOR('',#12739,1.);
#7595=VECTOR('',#12740,1.);
#7596=VECTOR('',#12741,1.);
#7597=VECTOR('',#12744,1.);
#7598=VECTOR('',#12745,1.);
#7599=VECTOR('',#12748,1.);
#7600=VECTOR('',#12749,1.);
#7601=VECTOR('',#12750,1.);
#7602=VECTOR('',#12751,1.);
#7603=VECTOR('',#12754,1.);
#7604=VECTOR('',#12755,1.);
#7605=VECTOR('',#12756,1.);
#7606=VECTOR('',#12759,1.);
#7607=VECTOR('',#12760,1.);
#7608=VECTOR('',#12761,1.);
#7609=VECTOR('',#12764,1.);
#7610=VECTOR('',#12765,1.);
#7611=VECTOR('',#12768,1.);
#7612=VECTOR('',#12769,1.);
#7613=VECTOR('',#12770,1.);
#7614=VECTOR('',#12771,1.);
#7615=VECTOR('',#12774,1.);
#7616=VECTOR('',#12775,1.);
#7617=VECTOR('',#12776,1.);
#7618=VECTOR('',#12779,1.);
#7619=VECTOR('',#12780,1.);
#7620=VECTOR('',#12781,1.);
#7621=VECTOR('',#12784,1.);
#7622=VECTOR('',#12785,1.);
#7623=VECTOR('',#12788,1.);
#7624=VECTOR('',#12789,1.);
#7625=VECTOR('',#12790,1.);
#7626=VECTOR('',#12791,1.);
#7627=VECTOR('',#12794,1.);
#7628=VECTOR('',#12795,1.);
#7629=VECTOR('',#12796,1.);
#7630=VECTOR('',#12799,1.);
#7631=VECTOR('',#12800,1.);
#7632=VECTOR('',#12801,1.);
#7633=VECTOR('',#12804,1.);
#7634=VECTOR('',#12805,1.);
#7635=VECTOR('',#12808,1.);
#7636=VECTOR('',#12809,1.);
#7637=VECTOR('',#12810,1.);
#7638=VECTOR('',#12811,1.);
#7639=VECTOR('',#12814,1.);
#7640=VECTOR('',#12815,1.);
#7641=VECTOR('',#12816,1.);
#7642=VECTOR('',#12819,1.);
#7643=VECTOR('',#12820,1.);
#7644=VECTOR('',#12821,1.);
#7645=VECTOR('',#12824,1.);
#7646=VECTOR('',#12825,1.);
#7647=VECTOR('',#12828,1.);
#7648=VECTOR('',#12829,1.);
#7649=VECTOR('',#12830,1.);
#7650=VECTOR('',#12831,1.);
#7651=VECTOR('',#12834,1.);
#7652=VECTOR('',#12835,1.);
#7653=VECTOR('',#12836,1.);
#7654=VECTOR('',#12839,1.);
#7655=VECTOR('',#12840,1.);
#7656=VECTOR('',#12841,1.);
#7657=VECTOR('',#12844,1.);
#7658=VECTOR('',#12845,1.);
#7659=VECTOR('',#12848,1.);
#7660=VECTOR('',#12849,1.);
#7661=VECTOR('',#12850,1.);
#7662=VECTOR('',#12851,1.);
#7663=VECTOR('',#12854,1.);
#7664=VECTOR('',#12855,1.);
#7665=VECTOR('',#12856,1.);
#7666=VECTOR('',#12859,1.);
#7667=VECTOR('',#12860,1.);
#7668=VECTOR('',#12861,1.);
#7669=VECTOR('',#12864,1.);
#7670=VECTOR('',#12865,1.);
#7671=VECTOR('',#12868,1.);
#7672=VECTOR('',#12869,1.);
#7673=VECTOR('',#12870,1.);
#7674=VECTOR('',#12871,1.);
#7675=VECTOR('',#12874,1.);
#7676=VECTOR('',#12875,1.);
#7677=VECTOR('',#12876,1.);
#7678=VECTOR('',#12879,1.);
#7679=VECTOR('',#12880,1.);
#7680=VECTOR('',#12881,1.);
#7681=VECTOR('',#12884,1.);
#7682=VECTOR('',#12885,1.);
#7683=VECTOR('',#12888,1.);
#7684=VECTOR('',#12889,1.);
#7685=VECTOR('',#12890,1.);
#7686=VECTOR('',#12891,1.);
#7687=VECTOR('',#12894,1.);
#7688=VECTOR('',#12895,1.);
#7689=VECTOR('',#12896,1.);
#7690=VECTOR('',#12899,1.);
#7691=VECTOR('',#12900,1.);
#7692=VECTOR('',#12901,1.);
#7693=VECTOR('',#12904,1.);
#7694=VECTOR('',#12905,1.);
#7695=VECTOR('',#12908,1.);
#7696=VECTOR('',#12909,1.);
#7697=VECTOR('',#12910,1.);
#7698=VECTOR('',#12911,1.);
#7699=VECTOR('',#12914,1.);
#7700=VECTOR('',#12915,1.);
#7701=VECTOR('',#12916,1.);
#7702=VECTOR('',#12919,1.);
#7703=VECTOR('',#12920,1.);
#7704=VECTOR('',#12921,1.);
#7705=VECTOR('',#12924,1.);
#7706=VECTOR('',#12925,1.);
#7707=VECTOR('',#12928,1.);
#7708=VECTOR('',#12929,1.);
#7709=VECTOR('',#12930,1.);
#7710=VECTOR('',#12931,1.);
#7711=VECTOR('',#12934,1.);
#7712=VECTOR('',#12935,1.);
#7713=VECTOR('',#12936,1.);
#7714=VECTOR('',#12939,1.);
#7715=VECTOR('',#12940,1.);
#7716=VECTOR('',#12941,1.);
#7717=VECTOR('',#12944,1.);
#7718=VECTOR('',#12945,1.);
#7719=VECTOR('',#12948,1.);
#7720=VECTOR('',#12949,1.);
#7721=VECTOR('',#12950,1.);
#7722=VECTOR('',#12951,1.);
#7723=VECTOR('',#12954,1.);
#7724=VECTOR('',#12955,1.);
#7725=VECTOR('',#12956,1.);
#7726=VECTOR('',#12959,1.);
#7727=VECTOR('',#12960,1.);
#7728=VECTOR('',#12961,1.);
#7729=VECTOR('',#12964,1.);
#7730=VECTOR('',#12965,1.);
#7731=VECTOR('',#12968,1.);
#7732=VECTOR('',#12969,1.);
#7733=VECTOR('',#12970,1.);
#7734=VECTOR('',#12971,1.);
#7735=VECTOR('',#12974,1.);
#7736=VECTOR('',#12975,1.);
#7737=VECTOR('',#12976,1.);
#7738=VECTOR('',#12979,1.);
#7739=VECTOR('',#12980,1.);
#7740=VECTOR('',#12981,1.);
#7741=VECTOR('',#12984,1.);
#7742=VECTOR('',#12985,1.);
#7743=VECTOR('',#12988,1.);
#7744=VECTOR('',#12989,1.);
#7745=VECTOR('',#12990,1.);
#7746=VECTOR('',#12991,1.);
#7747=VECTOR('',#12994,1.);
#7748=VECTOR('',#12995,1.);
#7749=VECTOR('',#12996,1.);
#7750=VECTOR('',#12999,1.);
#7751=VECTOR('',#13000,1.);
#7752=VECTOR('',#13001,1.);
#7753=VECTOR('',#13004,1.);
#7754=VECTOR('',#13005,1.);
#7755=VECTOR('',#13008,1.);
#7756=VECTOR('',#13009,1.);
#7757=VECTOR('',#13010,1.);
#7758=VECTOR('',#13011,1.);
#7759=VECTOR('',#13014,1.);
#7760=VECTOR('',#13015,1.);
#7761=VECTOR('',#13016,1.);
#7762=VECTOR('',#13019,1.);
#7763=VECTOR('',#13020,1.);
#7764=VECTOR('',#13021,1.);
#7765=VECTOR('',#13024,1.);
#7766=VECTOR('',#13025,1.);
#7767=VECTOR('',#13028,1.);
#7768=VECTOR('',#13029,1.);
#7769=VECTOR('',#13030,1.);
#7770=VECTOR('',#13031,1.);
#7771=VECTOR('',#13034,1.);
#7772=VECTOR('',#13035,1.);
#7773=VECTOR('',#13036,1.);
#7774=VECTOR('',#13039,1.);
#7775=VECTOR('',#13040,1.);
#7776=VECTOR('',#13041,1.);
#7777=VECTOR('',#13044,1.);
#7778=VECTOR('',#13045,1.);
#7779=VECTOR('',#13048,1.);
#7780=VECTOR('',#13049,1.);
#7781=VECTOR('',#13050,1.);
#7782=VECTOR('',#13051,1.);
#7783=VECTOR('',#13054,1.);
#7784=VECTOR('',#13055,1.);
#7785=VECTOR('',#13056,1.);
#7786=VECTOR('',#13059,1.);
#7787=VECTOR('',#13060,1.);
#7788=VECTOR('',#13061,1.);
#7789=VECTOR('',#13064,1.);
#7790=VECTOR('',#13065,1.);
#7791=VECTOR('',#13068,1.);
#7792=VECTOR('',#13069,1.);
#7793=VECTOR('',#13070,1.);
#7794=VECTOR('',#13071,1.);
#7795=VECTOR('',#13074,1.);
#7796=VECTOR('',#13075,1.);
#7797=VECTOR('',#13076,1.);
#7798=VECTOR('',#13079,1.);
#7799=VECTOR('',#13080,1.);
#7800=VECTOR('',#13081,1.);
#7801=VECTOR('',#13084,1.);
#7802=VECTOR('',#13085,1.);
#7803=VECTOR('',#13088,1.);
#7804=VECTOR('',#13089,1.);
#7805=VECTOR('',#13090,1.);
#7806=VECTOR('',#13091,1.);
#7807=VECTOR('',#13094,1.);
#7808=VECTOR('',#13095,1.);
#7809=VECTOR('',#13096,1.);
#7810=VECTOR('',#13099,1.);
#7811=VECTOR('',#13100,1.);
#7812=VECTOR('',#13101,1.);
#7813=VECTOR('',#13104,1.);
#7814=VECTOR('',#13105,1.);
#7815=VECTOR('',#13108,1.);
#7816=VECTOR('',#13109,1.);
#7817=VECTOR('',#13110,1.);
#7818=VECTOR('',#13111,1.);
#7819=VECTOR('',#13114,1.);
#7820=VECTOR('',#13115,1.);
#7821=VECTOR('',#13116,1.);
#7822=VECTOR('',#13119,1.);
#7823=VECTOR('',#13120,1.);
#7824=VECTOR('',#13121,1.);
#7825=VECTOR('',#13124,1.);
#7826=VECTOR('',#13125,1.);
#7827=VECTOR('',#13128,1.);
#7828=VECTOR('',#13129,1.);
#7829=VECTOR('',#13130,1.);
#7830=VECTOR('',#13131,1.);
#7831=VECTOR('',#13134,1.);
#7832=VECTOR('',#13135,1.);
#7833=VECTOR('',#13136,1.);
#7834=VECTOR('',#13139,1.);
#7835=VECTOR('',#13140,1.);
#7836=VECTOR('',#13141,1.);
#7837=VECTOR('',#13144,1.);
#7838=VECTOR('',#13145,1.);
#7839=VECTOR('',#13148,1.);
#7840=VECTOR('',#13149,1.);
#7841=VECTOR('',#13150,1.);
#7842=VECTOR('',#13151,1.);
#7843=VECTOR('',#13154,1.);
#7844=VECTOR('',#13155,1.);
#7845=VECTOR('',#13156,1.);
#7846=VECTOR('',#13157,1.);
#7847=VECTOR('',#13160,1.);
#7848=VECTOR('',#13161,1.);
#7849=VECTOR('',#13162,1.);
#7850=VECTOR('',#13165,1.);
#7851=VECTOR('',#13166,1.);
#7852=VECTOR('',#13167,1.);
#7853=VECTOR('',#13170,1.);
#7854=VECTOR('',#13171,1.);
#7855=VECTOR('',#13174,1.);
#7856=VECTOR('',#13175,1.);
#7857=VECTOR('',#13176,1.);
#7858=VECTOR('',#13177,1.);
#7859=VECTOR('',#13180,1.);
#7860=VECTOR('',#13181,1.);
#7861=VECTOR('',#13182,1.);
#7862=VECTOR('',#13185,1.);
#7863=VECTOR('',#13186,1.);
#7864=VECTOR('',#13187,1.);
#7865=VECTOR('',#13190,1.);
#7866=VECTOR('',#13191,1.);
#7867=VECTOR('',#13194,1.);
#7868=VECTOR('',#13195,1.);
#7869=VECTOR('',#13196,1.);
#7870=VECTOR('',#13197,1.);
#7871=VECTOR('',#13200,1.);
#7872=VECTOR('',#13201,1.);
#7873=VECTOR('',#13202,1.);
#7874=VECTOR('',#13205,1.);
#7875=VECTOR('',#13206,1.);
#7876=VECTOR('',#13207,1.);
#7877=VECTOR('',#13210,1.);
#7878=VECTOR('',#13211,1.);
#7879=VECTOR('',#13214,1.);
#7880=VECTOR('',#13215,1.);
#7881=VECTOR('',#13216,1.);
#7882=VECTOR('',#13217,1.);
#7883=VECTOR('',#13220,1.);
#7884=VECTOR('',#13221,1.);
#7885=VECTOR('',#13222,1.);
#7886=VECTOR('',#13225,1.);
#7887=VECTOR('',#13226,1.);
#7888=VECTOR('',#13227,1.);
#7889=VECTOR('',#13230,1.);
#7890=VECTOR('',#13231,1.);
#7891=VECTOR('',#13234,1.);
#7892=VECTOR('',#13235,1.);
#7893=VECTOR('',#13236,1.);
#7894=VECTOR('',#13237,1.);
#7895=VECTOR('',#13240,1.);
#7896=VECTOR('',#13241,1.);
#7897=VECTOR('',#13242,1.);
#7898=VECTOR('',#13245,1.);
#7899=VECTOR('',#13246,1.);
#7900=VECTOR('',#13247,1.);
#7901=VECTOR('',#13250,1.);
#7902=VECTOR('',#13251,1.);
#7903=VECTOR('',#13254,1.);
#7904=VECTOR('',#13255,1.);
#7905=VECTOR('',#13256,1.);
#7906=VECTOR('',#13257,1.);
#7907=VECTOR('',#13260,1.);
#7908=VECTOR('',#13261,1.);
#7909=VECTOR('',#13262,1.);
#7910=VECTOR('',#13265,1.);
#7911=VECTOR('',#13266,1.);
#7912=VECTOR('',#13267,1.);
#7913=VECTOR('',#13270,1.);
#7914=VECTOR('',#13271,1.);
#7915=VECTOR('',#13290,1.);
#7916=VECTOR('',#13295,1.);
#7917=VECTOR('',#13300,1.);
#7918=VECTOR('',#13301,1.);
#7919=VECTOR('',#13302,1.);
#7920=VECTOR('',#13303,1.);
#7921=VECTOR('',#13306,1.);
#7922=VECTOR('',#13307,1.);
#7923=VECTOR('',#13308,1.);
#7924=VECTOR('',#13309,1.);
#7925=VECTOR('',#13312,1.);
#7926=VECTOR('',#13313,1.);
#7927=VECTOR('',#13314,1.);
#7928=VECTOR('',#13315,1.);
#7929=VECTOR('',#13318,1.);
#7930=VECTOR('',#13319,1.);
#7931=VECTOR('',#13320,1.);
#7932=VECTOR('',#13321,1.);
#7933=VECTOR('',#13324,1.);
#7934=VECTOR('',#13325,1.);
#7935=VECTOR('',#13326,1.);
#7936=VECTOR('',#13327,1.);
#7937=VECTOR('',#13330,1.);
#7938=VECTOR('',#13331,1.);
#7939=VECTOR('',#13332,1.);
#7940=VECTOR('',#13333,1.);
#7941=VECTOR('',#13336,1.);
#7942=VECTOR('',#13337,1.);
#7943=VECTOR('',#13338,1.);
#7944=VECTOR('',#13341,1.);
#7945=VECTOR('',#13342,1.);
#7946=VECTOR('',#13343,1.);
#7947=VECTOR('',#13346,1.);
#7948=VECTOR('',#13347,1.);
#7949=VECTOR('',#13348,1.);
#7950=VECTOR('',#13351,1.);
#7951=VECTOR('',#13352,1.);
#7952=VECTOR('',#13353,1.);
#7953=VECTOR('',#13356,1.);
#7954=VECTOR('',#13357,1.);
#7955=VECTOR('',#13358,1.);
#7956=VECTOR('',#13361,1.);
#7957=VECTOR('',#13362,1.);
#7958=VECTOR('',#13363,1.);
#7959=VECTOR('',#13366,1.);
#7960=VECTOR('',#13367,1.);
#7961=VECTOR('',#13368,1.);
#7962=VECTOR('',#13371,1.);
#7963=VECTOR('',#13372,1.);
#7964=VECTOR('',#13373,1.);
#7965=VECTOR('',#13376,1.);
#7966=VECTOR('',#13377,1.);
#7967=VECTOR('',#13378,1.);
#7968=VECTOR('',#13381,1.);
#7969=VECTOR('',#13382,1.);
#7970=VECTOR('',#13383,1.);
#7971=VECTOR('',#13386,1.);
#7972=VECTOR('',#13387,1.);
#7973=VECTOR('',#13388,1.);
#7974=VECTOR('',#13391,1.);
#7975=VECTOR('',#13392,1.);
#7976=VECTOR('',#13393,1.);
#7977=VECTOR('',#13396,1.);
#7978=VECTOR('',#13397,1.);
#7979=VECTOR('',#13398,1.);
#7980=VECTOR('',#13401,1.);
#7981=VECTOR('',#13402,1.);
#7982=VECTOR('',#13403,1.);
#7983=VECTOR('',#13406,1.);
#7984=VECTOR('',#13407,1.);
#7985=VECTOR('',#13408,1.);
#7986=VECTOR('',#13409,1.);
#7987=VECTOR('',#13410,1.);
#7988=VECTOR('',#13411,1.);
#7989=VECTOR('',#13412,1.);
#7990=VECTOR('',#13415,1.);
#7991=VECTOR('',#13416,1.);
#7992=VECTOR('',#13417,1.);
#7993=VECTOR('',#13418,1.);
#7994=VECTOR('',#13419,1.);
#7995=VECTOR('',#13420,1.);
#7996=VECTOR('',#13421,1.);
#7997=EDGE_LOOP('',(#131,#132,#133,#134));
#7998=EDGE_LOOP('',(#135,#136,#137,#138));
#7999=EDGE_LOOP('',(#139,#140,#141,#142));
#8000=EDGE_LOOP('',(#143,#144,#145,#146,#147,#148));
#8001=EDGE_LOOP('',(#149));
#8002=EDGE_LOOP('',(#150));
#8003=EDGE_LOOP('',(#151));
#8004=EDGE_LOOP('',(#152,#153,#154,#155,#156,#157,#158,#159,#160,#161,#162,
#163));
#8005=EDGE_LOOP('',(#164));
#8006=EDGE_LOOP('',(#165));
#8007=EDGE_LOOP('',(#166));
#8008=EDGE_LOOP('',(#167,#168,#169,#170));
#8009=EDGE_LOOP('',(#171,#172,#173,#174));
#8010=EDGE_LOOP('',(#175,#176,#177,#178));
#8011=EDGE_LOOP('',(#179,#180,#181,#182));
#8012=EDGE_LOOP('',(#183,#184,#185,#186));
#8013=EDGE_LOOP('',(#187));
#8014=EDGE_LOOP('',(#188));
#8015=EDGE_LOOP('',(#189));
#8016=EDGE_LOOP('',(#190));
#8017=EDGE_LOOP('',(#191));
#8018=EDGE_LOOP('',(#192));
#8019=EDGE_LOOP('',(#193,#194,#195,#196,#197,#198));
#8020=EDGE_LOOP('',(#199));
#8021=EDGE_LOOP('',(#200));
#8022=EDGE_LOOP('',(#201));
#8023=EDGE_LOOP('',(#202));
#8024=EDGE_LOOP('',(#203,#204,#205,#206));
#8025=EDGE_LOOP('',(#207,#208,#209,#210));
#8026=EDGE_LOOP('',(#211,#212,#213,#214,#215,#216,#217,#218));
#8027=EDGE_LOOP('',(#219,#220,#221,#222));
#8028=EDGE_LOOP('',(#223,#224,#225,#226));
#8029=EDGE_LOOP('',(#227,#228,#229,#230));
#8030=EDGE_LOOP('',(#231,#232,#233,#234,#235,#236,#237,#238));
#8031=EDGE_LOOP('',(#239,#240,#241,#242,#243,#244,#245,#246,#247,#248,#249,
#250,#251,#252,#253,#254));
#8032=EDGE_LOOP('',(#255,#256,#257,#258,#259,#260,#261,#262,#263,#264,#265,
#266,#267,#268,#269,#270,#271,#272,#273,#274,#275,#276,#277,#278,#279,#280,
#281,#282,#283,#284,#285,#286,#287,#288,#289,#290,#291,#292,#293,#294,#295,
#296,#297,#298,#299,#300,#301,#302));
#8033=EDGE_LOOP('',(#303,#304,#305,#306));
#8034=EDGE_LOOP('',(#307,#308,#309,#310));
#8035=EDGE_LOOP('',(#311,#312,#313,#314));
#8036=EDGE_LOOP('',(#315,#316,#317,#318));
#8037=EDGE_LOOP('',(#319,#320,#321,#322));
#8038=EDGE_LOOP('',(#323,#324,#325,#326));
#8039=EDGE_LOOP('',(#327,#328,#329,#330));
#8040=EDGE_LOOP('',(#331,#332,#333,#334));
#8041=EDGE_LOOP('',(#335,#336,#337,#338));
#8042=EDGE_LOOP('',(#339,#340,#341,#342));
#8043=EDGE_LOOP('',(#343,#344,#345,#346));
#8044=EDGE_LOOP('',(#347,#348,#349,#350));
#8045=EDGE_LOOP('',(#351,#352,#353,#354));
#8046=EDGE_LOOP('',(#355,#356,#357,#358));
#8047=EDGE_LOOP('',(#359,#360,#361,#362));
#8048=EDGE_LOOP('',(#363,#364,#365,#366));
#8049=EDGE_LOOP('',(#367,#368,#369,#370));
#8050=EDGE_LOOP('',(#371,#372,#373,#374));
#8051=EDGE_LOOP('',(#375,#376,#377,#378));
#8052=EDGE_LOOP('',(#379,#380,#381,#382));
#8053=EDGE_LOOP('',(#383,#384,#385,#386));
#8054=EDGE_LOOP('',(#387,#388,#389,#390));
#8055=EDGE_LOOP('',(#391,#392,#393,#394));
#8056=EDGE_LOOP('',(#395,#396,#397,#398));
#8057=EDGE_LOOP('',(#399,#400,#401,#402));
#8058=EDGE_LOOP('',(#403,#404,#405,#406));
#8059=EDGE_LOOP('',(#407,#408,#409,#410));
#8060=EDGE_LOOP('',(#411,#412,#413,#414));
#8061=EDGE_LOOP('',(#415,#416,#417,#418));
#8062=EDGE_LOOP('',(#419,#420,#421,#422));
#8063=EDGE_LOOP('',(#423,#424,#425,#426));
#8064=EDGE_LOOP('',(#427,#428,#429,#430));
#8065=EDGE_LOOP('',(#431,#432,#433,#434));
#8066=EDGE_LOOP('',(#435,#436,#437,#438));
#8067=EDGE_LOOP('',(#439));
#8068=EDGE_LOOP('',(#440));
#8069=EDGE_LOOP('',(#441));
#8070=EDGE_LOOP('',(#442,#443,#444,#445,#446,#447,#448,#449));
#8071=EDGE_LOOP('',(#450,#451,#452,#453,#454,#455,#456,#457));
#8072=EDGE_LOOP('',(#458,#459,#460,#461));
#8073=EDGE_LOOP('',(#462));
#8074=EDGE_LOOP('',(#463,#464,#465,#466));
#8075=EDGE_LOOP('',(#467,#468,#469,#470));
#8076=EDGE_LOOP('',(#471,#472,#473,#474));
#8077=EDGE_LOOP('',(#475,#476,#477,#478));
#8078=EDGE_LOOP('',(#479,#480,#481,#482));
#8079=EDGE_LOOP('',(#483,#484,#485,#486));
#8080=EDGE_LOOP('',(#487,#488,#489,#490));
#8081=EDGE_LOOP('',(#491,#492,#493,#494));
#8082=EDGE_LOOP('',(#495,#496,#497,#498));
#8083=EDGE_LOOP('',(#499,#500,#501,#502));
#8084=EDGE_LOOP('',(#503,#504,#505,#506));
#8085=EDGE_LOOP('',(#507,#508,#509,#510));
#8086=EDGE_LOOP('',(#511,#512,#513,#514));
#8087=EDGE_LOOP('',(#515,#516,#517,#518));
#8088=EDGE_LOOP('',(#519,#520,#521,#522));
#8089=EDGE_LOOP('',(#523,#524,#525,#526));
#8090=EDGE_LOOP('',(#527,#528,#529,#530));
#8091=EDGE_LOOP('',(#531,#532,#533,#534));
#8092=EDGE_LOOP('',(#535,#536,#537,#538));
#8093=EDGE_LOOP('',(#539,#540,#541,#542));
#8094=EDGE_LOOP('',(#543,#544,#545,#546));
#8095=EDGE_LOOP('',(#547,#548,#549,#550));
#8096=EDGE_LOOP('',(#551,#552,#553,#554));
#8097=EDGE_LOOP('',(#555,#556,#557,#558));
#8098=EDGE_LOOP('',(#559,#560,#561,#562));
#8099=EDGE_LOOP('',(#563,#564,#565,#566));
#8100=EDGE_LOOP('',(#567,#568,#569,#570));
#8101=EDGE_LOOP('',(#571,#572,#573,#574));
#8102=EDGE_LOOP('',(#575,#576,#577,#578));
#8103=EDGE_LOOP('',(#579,#580,#581,#582));
#8104=EDGE_LOOP('',(#583,#584,#585,#586));
#8105=EDGE_LOOP('',(#587,#588,#589,#590));
#8106=EDGE_LOOP('',(#591,#592,#593,#594));
#8107=EDGE_LOOP('',(#595,#596,#597,#598));
#8108=EDGE_LOOP('',(#599));
#8109=EDGE_LOOP('',(#600));
#8110=EDGE_LOOP('',(#601,#602,#603,#604,#605,#606,#607,#608,#609,#610,#611,
#612,#613,#614,#615,#616,#617,#618,#619,#620,#621,#622,#623,#624,#625,#626,
#627,#628,#629,#630,#631,#632,#633,#634,#635,#636));
#8111=EDGE_LOOP('',(#637,#638,#639,#640));
#8112=EDGE_LOOP('',(#641,#642,#643,#644));
#8113=EDGE_LOOP('',(#645,#646,#647,#648));
#8114=EDGE_LOOP('',(#649,#650,#651,#652));
#8115=EDGE_LOOP('',(#653,#654,#655,#656));
#8116=EDGE_LOOP('',(#657,#658,#659,#660));
#8117=EDGE_LOOP('',(#661,#662,#663,#664));
#8118=EDGE_LOOP('',(#665,#666,#667,#668));
#8119=EDGE_LOOP('',(#669,#670,#671,#672));
#8120=EDGE_LOOP('',(#673,#674,#675,#676));
#8121=EDGE_LOOP('',(#677,#678,#679,#680));
#8122=EDGE_LOOP('',(#681,#682,#683,#684));
#8123=EDGE_LOOP('',(#685,#686,#687,#688));
#8124=EDGE_LOOP('',(#689,#690,#691,#692));
#8125=EDGE_LOOP('',(#693,#694,#695,#696));
#8126=EDGE_LOOP('',(#697,#698,#699,#700));
#8127=EDGE_LOOP('',(#701,#702,#703,#704));
#8128=EDGE_LOOP('',(#705,#706,#707,#708));
#8129=EDGE_LOOP('',(#709,#710,#711,#712));
#8130=EDGE_LOOP('',(#713,#714,#715,#716));
#8131=EDGE_LOOP('',(#717,#718,#719,#720));
#8132=EDGE_LOOP('',(#721,#722,#723,#724));
#8133=EDGE_LOOP('',(#725,#726,#727,#728));
#8134=EDGE_LOOP('',(#729,#730,#731,#732));
#8135=EDGE_LOOP('',(#733,#734,#735,#736));
#8136=EDGE_LOOP('',(#737,#738,#739,#740));
#8137=EDGE_LOOP('',(#741,#742,#743,#744));
#8138=EDGE_LOOP('',(#745,#746,#747,#748));
#8139=EDGE_LOOP('',(#749,#750,#751,#752));
#8140=EDGE_LOOP('',(#753,#754,#755,#756));
#8141=EDGE_LOOP('',(#757,#758,#759,#760));
#8142=EDGE_LOOP('',(#761,#762,#763,#764));
#8143=EDGE_LOOP('',(#765,#766,#767,#768));
#8144=EDGE_LOOP('',(#769,#770,#771,#772));
#8145=EDGE_LOOP('',(#773,#774,#775,#776));
#8146=EDGE_LOOP('',(#777,#778,#779,#780));
#8147=EDGE_LOOP('',(#781,#782,#783,#784));
#8148=EDGE_LOOP('',(#785,#786,#787,#788));
#8149=EDGE_LOOP('',(#789,#790,#791,#792));
#8150=EDGE_LOOP('',(#793,#794,#795,#796));
#8151=EDGE_LOOP('',(#797,#798,#799,#800));
#8152=EDGE_LOOP('',(#801,#802,#803,#804));
#8153=EDGE_LOOP('',(#805,#806,#807,#808));
#8154=EDGE_LOOP('',(#809,#810,#811,#812));
#8155=EDGE_LOOP('',(#813,#814,#815,#816));
#8156=EDGE_LOOP('',(#817,#818,#819,#820));
#8157=EDGE_LOOP('',(#821,#822,#823,#824));
#8158=EDGE_LOOP('',(#825,#826,#827,#828));
#8159=EDGE_LOOP('',(#829,#830,#831,#832));
#8160=EDGE_LOOP('',(#833,#834,#835,#836));
#8161=EDGE_LOOP('',(#837,#838,#839,#840));
#8162=EDGE_LOOP('',(#841,#842,#843,#844));
#8163=EDGE_LOOP('',(#845,#846,#847,#848));
#8164=EDGE_LOOP('',(#849,#850,#851,#852));
#8165=EDGE_LOOP('',(#853,#854,#855,#856));
#8166=EDGE_LOOP('',(#857,#858,#859,#860));
#8167=EDGE_LOOP('',(#861,#862,#863,#864));
#8168=EDGE_LOOP('',(#865,#866,#867,#868));
#8169=EDGE_LOOP('',(#869,#870,#871,#872));
#8170=EDGE_LOOP('',(#873,#874,#875,#876));
#8171=EDGE_LOOP('',(#877,#878,#879,#880));
#8172=EDGE_LOOP('',(#881,#882,#883,#884));
#8173=EDGE_LOOP('',(#885,#886,#887,#888));
#8174=EDGE_LOOP('',(#889,#890,#891,#892));
#8175=EDGE_LOOP('',(#893,#894,#895,#896));
#8176=EDGE_LOOP('',(#897,#898,#899,#900));
#8177=EDGE_LOOP('',(#901,#902,#903,#904));
#8178=EDGE_LOOP('',(#905,#906,#907,#908));
#8179=EDGE_LOOP('',(#909,#910,#911,#912));
#8180=EDGE_LOOP('',(#913,#914,#915,#916));
#8181=EDGE_LOOP('',(#917,#918,#919,#920));
#8182=EDGE_LOOP('',(#921,#922,#923,#924));
#8183=EDGE_LOOP('',(#925,#926,#927,#928));
#8184=EDGE_LOOP('',(#929,#930,#931,#932));
#8185=EDGE_LOOP('',(#933,#934,#935,#936));
#8186=EDGE_LOOP('',(#937,#938,#939,#940));
#8187=EDGE_LOOP('',(#941,#942,#943,#944));
#8188=EDGE_LOOP('',(#945,#946,#947,#948));
#8189=EDGE_LOOP('',(#949,#950,#951,#952));
#8190=EDGE_LOOP('',(#953,#954,#955,#956));
#8191=EDGE_LOOP('',(#957,#958,#959,#960));
#8192=EDGE_LOOP('',(#961,#962,#963,#964));
#8193=EDGE_LOOP('',(#965,#966,#967,#968));
#8194=EDGE_LOOP('',(#969,#970,#971,#972));
#8195=EDGE_LOOP('',(#973,#974,#975,#976));
#8196=EDGE_LOOP('',(#977,#978,#979,#980));
#8197=EDGE_LOOP('',(#981,#982,#983,#984));
#8198=EDGE_LOOP('',(#985,#986,#987,#988));
#8199=EDGE_LOOP('',(#989,#990,#991,#992));
#8200=EDGE_LOOP('',(#993,#994,#995,#996));
#8201=EDGE_LOOP('',(#997,#998,#999,#1000));
#8202=EDGE_LOOP('',(#1001,#1002,#1003,#1004));
#8203=EDGE_LOOP('',(#1005,#1006,#1007,#1008));
#8204=EDGE_LOOP('',(#1009,#1010,#1011,#1012));
#8205=EDGE_LOOP('',(#1013,#1014,#1015,#1016));
#8206=EDGE_LOOP('',(#1017,#1018,#1019,#1020));
#8207=EDGE_LOOP('',(#1021,#1022,#1023,#1024));
#8208=EDGE_LOOP('',(#1025,#1026,#1027,#1028));
#8209=EDGE_LOOP('',(#1029,#1030,#1031,#1032));
#8210=EDGE_LOOP('',(#1033,#1034,#1035,#1036));
#8211=EDGE_LOOP('',(#1037,#1038,#1039,#1040));
#8212=EDGE_LOOP('',(#1041,#1042,#1043,#1044));
#8213=EDGE_LOOP('',(#1045,#1046,#1047,#1048));
#8214=EDGE_LOOP('',(#1049,#1050,#1051,#1052));
#8215=EDGE_LOOP('',(#1053,#1054,#1055,#1056));
#8216=EDGE_LOOP('',(#1057,#1058,#1059,#1060));
#8217=EDGE_LOOP('',(#1061,#1062,#1063,#1064));
#8218=EDGE_LOOP('',(#1065,#1066,#1067,#1068));
#8219=EDGE_LOOP('',(#1069,#1070,#1071,#1072));
#8220=EDGE_LOOP('',(#1073,#1074,#1075,#1076));
#8221=EDGE_LOOP('',(#1077,#1078,#1079,#1080));
#8222=EDGE_LOOP('',(#1081,#1082,#1083,#1084));
#8223=EDGE_LOOP('',(#1085,#1086,#1087,#1088));
#8224=EDGE_LOOP('',(#1089,#1090,#1091,#1092));
#8225=EDGE_LOOP('',(#1093,#1094,#1095,#1096));
#8226=EDGE_LOOP('',(#1097,#1098,#1099,#1100));
#8227=EDGE_LOOP('',(#1101,#1102,#1103,#1104));
#8228=EDGE_LOOP('',(#1105,#1106,#1107,#1108));
#8229=EDGE_LOOP('',(#1109,#1110,#1111,#1112));
#8230=EDGE_LOOP('',(#1113,#1114,#1115,#1116));
#8231=EDGE_LOOP('',(#1117,#1118,#1119,#1120));
#8232=EDGE_LOOP('',(#1121,#1122,#1123,#1124));
#8233=EDGE_LOOP('',(#1125,#1126,#1127,#1128));
#8234=EDGE_LOOP('',(#1129,#1130,#1131,#1132));
#8235=EDGE_LOOP('',(#1133,#1134,#1135,#1136));
#8236=EDGE_LOOP('',(#1137,#1138,#1139,#1140));
#8237=EDGE_LOOP('',(#1141,#1142,#1143,#1144));
#8238=EDGE_LOOP('',(#1145,#1146,#1147,#1148));
#8239=EDGE_LOOP('',(#1149,#1150,#1151,#1152));
#8240=EDGE_LOOP('',(#1153,#1154,#1155,#1156));
#8241=EDGE_LOOP('',(#1157,#1158,#1159,#1160));
#8242=EDGE_LOOP('',(#1161,#1162,#1163,#1164));
#8243=EDGE_LOOP('',(#1165,#1166,#1167,#1168));
#8244=EDGE_LOOP('',(#1169,#1170,#1171,#1172));
#8245=EDGE_LOOP('',(#1173,#1174,#1175,#1176));
#8246=EDGE_LOOP('',(#1177,#1178,#1179,#1180));
#8247=EDGE_LOOP('',(#1181,#1182,#1183,#1184));
#8248=EDGE_LOOP('',(#1185,#1186,#1187,#1188));
#8249=EDGE_LOOP('',(#1189,#1190,#1191,#1192));
#8250=EDGE_LOOP('',(#1193,#1194,#1195,#1196));
#8251=EDGE_LOOP('',(#1197,#1198,#1199,#1200));
#8252=EDGE_LOOP('',(#1201,#1202,#1203,#1204));
#8253=EDGE_LOOP('',(#1205,#1206,#1207,#1208));
#8254=EDGE_LOOP('',(#1209,#1210,#1211,#1212));
#8255=EDGE_LOOP('',(#1213,#1214,#1215,#1216));
#8256=EDGE_LOOP('',(#1217,#1218,#1219,#1220));
#8257=EDGE_LOOP('',(#1221,#1222,#1223,#1224));
#8258=EDGE_LOOP('',(#1225,#1226,#1227,#1228));
#8259=EDGE_LOOP('',(#1229,#1230,#1231,#1232));
#8260=EDGE_LOOP('',(#1233,#1234,#1235,#1236));
#8261=EDGE_LOOP('',(#1237,#1238,#1239,#1240));
#8262=EDGE_LOOP('',(#1241,#1242,#1243,#1244));
#8263=EDGE_LOOP('',(#1245,#1246,#1247,#1248));
#8264=EDGE_LOOP('',(#1249,#1250,#1251,#1252));
#8265=EDGE_LOOP('',(#1253,#1254,#1255,#1256));
#8266=EDGE_LOOP('',(#1257,#1258,#1259,#1260));
#8267=EDGE_LOOP('',(#1261,#1262,#1263,#1264));
#8268=EDGE_LOOP('',(#1265,#1266,#1267,#1268));
#8269=EDGE_LOOP('',(#1269,#1270,#1271,#1272));
#8270=EDGE_LOOP('',(#1273,#1274,#1275,#1276));
#8271=EDGE_LOOP('',(#1277,#1278,#1279,#1280));
#8272=EDGE_LOOP('',(#1281));
#8273=EDGE_LOOP('',(#1282));
#8274=EDGE_LOOP('',(#1283));
#8275=EDGE_LOOP('',(#1284));
#8276=EDGE_LOOP('',(#1285,#1286,#1287,#1288));
#8277=EDGE_LOOP('',(#1289,#1290,#1291,#1292));
#8278=EDGE_LOOP('',(#1293,#1294,#1295,#1296));
#8279=EDGE_LOOP('',(#1297,#1298,#1299,#1300));
#8280=EDGE_LOOP('',(#1301,#1302,#1303,#1304));
#8281=EDGE_LOOP('',(#1305,#1306,#1307,#1308));
#8282=EDGE_LOOP('',(#1309,#1310,#1311,#1312));
#8283=EDGE_LOOP('',(#1313,#1314,#1315,#1316));
#8284=EDGE_LOOP('',(#1317,#1318,#1319,#1320));
#8285=EDGE_LOOP('',(#1321,#1322,#1323,#1324));
#8286=EDGE_LOOP('',(#1325,#1326,#1327,#1328));
#8287=EDGE_LOOP('',(#1329,#1330,#1331,#1332));
#8288=EDGE_LOOP('',(#1333,#1334,#1335,#1336));
#8289=EDGE_LOOP('',(#1337,#1338,#1339,#1340));
#8290=EDGE_LOOP('',(#1341,#1342,#1343,#1344));
#8291=EDGE_LOOP('',(#1345,#1346,#1347));
#8292=EDGE_LOOP('',(#1348,#1349,#1350,#1351));
#8293=EDGE_LOOP('',(#1352,#1353,#1354));
#8294=EDGE_LOOP('',(#1355,#1356,#1357,#1358));
#8295=EDGE_LOOP('',(#1359,#1360,#1361,#1362));
#8296=EDGE_LOOP('',(#1363,#1364,#1365,#1366));
#8297=EDGE_LOOP('',(#1367,#1368,#1369,#1370));
#8298=EDGE_LOOP('',(#1371));
#8299=EDGE_LOOP('',(#1372));
#8300=EDGE_LOOP('',(#1373));
#8301=EDGE_LOOP('',(#1374));
#8302=EDGE_LOOP('',(#1375,#1376,#1377,#1378));
#8303=EDGE_LOOP('',(#1379,#1380,#1381,#1382));
#8304=EDGE_LOOP('',(#1383,#1384,#1385,#1386));
#8305=EDGE_LOOP('',(#1387,#1388,#1389,#1390));
#8306=EDGE_LOOP('',(#1391,#1392,#1393,#1394));
#8307=EDGE_LOOP('',(#1395,#1396,#1397,#1398));
#8308=EDGE_LOOP('',(#1399,#1400,#1401,#1402));
#8309=EDGE_LOOP('',(#1403,#1404,#1405,#1406));
#8310=EDGE_LOOP('',(#1407,#1408,#1409,#1410));
#8311=EDGE_LOOP('',(#1411,#1412,#1413,#1414));
#8312=EDGE_LOOP('',(#1415,#1416,#1417,#1418));
#8313=EDGE_LOOP('',(#1419,#1420,#1421,#1422));
#8314=EDGE_LOOP('',(#1423,#1424,#1425,#1426,#1427,#1428));
#8315=EDGE_LOOP('',(#1429,#1430,#1431,#1432));
#8316=EDGE_LOOP('',(#1433,#1434,#1435,#1436,#1437,#1438));
#8317=EDGE_LOOP('',(#1439,#1440,#1441,#1442));
#8318=EDGE_LOOP('',(#1443,#1444,#1445,#1446));
#8319=EDGE_LOOP('',(#1447,#1448,#1449,#1450));
#8320=EDGE_LOOP('',(#1451,#1452,#1453,#1454));
#8321=EDGE_LOOP('',(#1455,#1456,#1457,#1458));
#8322=EDGE_LOOP('',(#1459,#1460,#1461,#1462));
#8323=EDGE_LOOP('',(#1463,#1464,#1465,#1466));
#8324=EDGE_LOOP('',(#1467,#1468,#1469,#1470));
#8325=EDGE_LOOP('',(#1471,#1472,#1473,#1474,#1475,#1476));
#8326=EDGE_LOOP('',(#1477,#1478,#1479,#1480));
#8327=EDGE_LOOP('',(#1481,#1482,#1483,#1484,#1485,#1486,#1487,#1488));
#8328=EDGE_LOOP('',(#1489));
#8329=EDGE_LOOP('',(#1490));
#8330=EDGE_LOOP('',(#1491,#1492,#1493,#1494));
#8331=EDGE_LOOP('',(#1495,#1496,#1497,#1498));
#8332=EDGE_LOOP('',(#1499,#1500,#1501,#1502));
#8333=EDGE_LOOP('',(#1503));
#8334=EDGE_LOOP('',(#1504));
#8335=EDGE_LOOP('',(#1505));
#8336=EDGE_LOOP('',(#1506));
#8337=EDGE_LOOP('',(#1507,#1508,#1509,#1510));
#8338=EDGE_LOOP('',(#1511,#1512,#1513,#1514));
#8339=EDGE_LOOP('',(#1515,#1516,#1517,#1518));
#8340=EDGE_LOOP('',(#1519,#1520,#1521,#1522));
#8341=EDGE_LOOP('',(#1523,#1524,#1525,#1526));
#8342=EDGE_LOOP('',(#1527,#1528,#1529,#1530));
#8343=EDGE_LOOP('',(#1531));
#8344=EDGE_LOOP('',(#1532));
#8345=EDGE_LOOP('',(#1533));
#8346=EDGE_LOOP('',(#1534));
#8347=EDGE_LOOP('',(#1535));
#8348=EDGE_LOOP('',(#1536));
#8349=EDGE_LOOP('',(#1537,#1538,#1539,#1540,#1541,#1542));
#8350=EDGE_LOOP('',(#1543,#1544,#1545,#1546));
#8351=EDGE_LOOP('',(#1547,#1548,#1549,#1550,#1551,#1552,#1553,#1554));
#8352=EDGE_LOOP('',(#1555));
#8353=EDGE_LOOP('',(#1556));
#8354=EDGE_LOOP('',(#1557,#1558,#1559,#1560,#1561,#1562,#1563,#1564,#1565,
#1566,#1567,#1568));
#8355=EDGE_LOOP('',(#1569,#1570,#1571,#1572));
#8356=EDGE_LOOP('',(#1573));
#8357=EDGE_LOOP('',(#1574));
#8358=EDGE_LOOP('',(#1575,#1576,#1577,#1578,#1579,#1580));
#8359=EDGE_LOOP('',(#1581,#1582,#1583,#1584));
#8360=EDGE_LOOP('',(#1585,#1586,#1587,#1588,#1589,#1590,#1591,#1592));
#8361=EDGE_LOOP('',(#1593,#1594,#1595,#1596));
#8362=EDGE_LOOP('',(#1597,#1598,#1599,#1600));
#8363=EDGE_LOOP('',(#1601,#1602,#1603,#1604));
#8364=EDGE_LOOP('',(#1605,#1606,#1607,#1608));
#8365=EDGE_LOOP('',(#1609,#1610,#1611,#1612));
#8366=EDGE_LOOP('',(#1613,#1614,#1615,#1616));
#8367=EDGE_LOOP('',(#1617,#1618,#1619,#1620));
#8368=EDGE_LOOP('',(#1621,#1622,#1623,#1624));
#8369=EDGE_LOOP('',(#1625,#1626,#1627,#1628));
#8370=EDGE_LOOP('',(#1629,#1630,#1631,#1632));
#8371=EDGE_LOOP('',(#1633,#1634,#1635,#1636));
#8372=EDGE_LOOP('',(#1637,#1638,#1639,#1640));
#8373=EDGE_LOOP('',(#1641,#1642,#1643,#1644));
#8374=EDGE_LOOP('',(#1645,#1646,#1647,#1648));
#8375=EDGE_LOOP('',(#1649,#1650,#1651,#1652));
#8376=EDGE_LOOP('',(#1653,#1654,#1655,#1656));
#8377=EDGE_LOOP('',(#1657,#1658,#1659,#1660));
#8378=EDGE_LOOP('',(#1661,#1662,#1663,#1664));
#8379=EDGE_LOOP('',(#1665,#1666,#1667,#1668));
#8380=EDGE_LOOP('',(#1669,#1670,#1671,#1672));
#8381=EDGE_LOOP('',(#1673,#1674,#1675,#1676));
#8382=EDGE_LOOP('',(#1677,#1678,#1679,#1680));
#8383=EDGE_LOOP('',(#1681,#1682,#1683,#1684));
#8384=EDGE_LOOP('',(#1685,#1686,#1687,#1688));
#8385=EDGE_LOOP('',(#1689,#1690,#1691,#1692));
#8386=EDGE_LOOP('',(#1693,#1694,#1695,#1696));
#8387=EDGE_LOOP('',(#1697,#1698,#1699,#1700));
#8388=EDGE_LOOP('',(#1701,#1702,#1703,#1704));
#8389=EDGE_LOOP('',(#1705,#1706,#1707,#1708));
#8390=EDGE_LOOP('',(#1709,#1710,#1711,#1712));
#8391=EDGE_LOOP('',(#1713,#1714,#1715,#1716));
#8392=EDGE_LOOP('',(#1717,#1718,#1719,#1720));
#8393=EDGE_LOOP('',(#1721,#1722,#1723,#1724));
#8394=EDGE_LOOP('',(#1725,#1726,#1727,#1728));
#8395=EDGE_LOOP('',(#1729,#1730,#1731,#1732));
#8396=EDGE_LOOP('',(#1733,#1734,#1735,#1736));
#8397=EDGE_LOOP('',(#1737,#1738,#1739,#1740));
#8398=EDGE_LOOP('',(#1741,#1742,#1743,#1744));
#8399=EDGE_LOOP('',(#1745,#1746,#1747,#1748));
#8400=EDGE_LOOP('',(#1749,#1750,#1751,#1752));
#8401=EDGE_LOOP('',(#1753,#1754,#1755,#1756));
#8402=EDGE_LOOP('',(#1757,#1758,#1759,#1760));
#8403=EDGE_LOOP('',(#1761,#1762,#1763,#1764));
#8404=EDGE_LOOP('',(#1765,#1766,#1767,#1768));
#8405=EDGE_LOOP('',(#1769,#1770,#1771,#1772));
#8406=EDGE_LOOP('',(#1773,#1774,#1775,#1776));
#8407=EDGE_LOOP('',(#1777,#1778,#1779,#1780));
#8408=EDGE_LOOP('',(#1781,#1782,#1783,#1784));
#8409=EDGE_LOOP('',(#1785,#1786,#1787,#1788));
#8410=EDGE_LOOP('',(#1789,#1790,#1791,#1792));
#8411=EDGE_LOOP('',(#1793,#1794,#1795,#1796));
#8412=EDGE_LOOP('',(#1797,#1798,#1799,#1800));
#8413=EDGE_LOOP('',(#1801,#1802,#1803,#1804));
#8414=EDGE_LOOP('',(#1805,#1806,#1807,#1808));
#8415=EDGE_LOOP('',(#1809,#1810,#1811,#1812));
#8416=EDGE_LOOP('',(#1813,#1814,#1815,#1816));
#8417=EDGE_LOOP('',(#1817,#1818,#1819,#1820));
#8418=EDGE_LOOP('',(#1821,#1822,#1823,#1824));
#8419=EDGE_LOOP('',(#1825,#1826,#1827,#1828));
#8420=EDGE_LOOP('',(#1829,#1830,#1831,#1832));
#8421=EDGE_LOOP('',(#1833,#1834,#1835,#1836));
#8422=EDGE_LOOP('',(#1837,#1838,#1839,#1840));
#8423=EDGE_LOOP('',(#1841,#1842,#1843,#1844));
#8424=EDGE_LOOP('',(#1845,#1846,#1847,#1848));
#8425=EDGE_LOOP('',(#1849,#1850,#1851,#1852));
#8426=EDGE_LOOP('',(#1853,#1854,#1855,#1856));
#8427=EDGE_LOOP('',(#1857,#1858,#1859,#1860));
#8428=EDGE_LOOP('',(#1861,#1862,#1863,#1864));
#8429=EDGE_LOOP('',(#1865,#1866,#1867,#1868));
#8430=EDGE_LOOP('',(#1869,#1870,#1871,#1872));
#8431=EDGE_LOOP('',(#1873,#1874,#1875,#1876));
#8432=EDGE_LOOP('',(#1877,#1878,#1879,#1880));
#8433=EDGE_LOOP('',(#1881,#1882,#1883,#1884));
#8434=EDGE_LOOP('',(#1885,#1886,#1887,#1888));
#8435=EDGE_LOOP('',(#1889,#1890,#1891,#1892));
#8436=EDGE_LOOP('',(#1893,#1894,#1895,#1896));
#8437=EDGE_LOOP('',(#1897,#1898,#1899,#1900));
#8438=EDGE_LOOP('',(#1901,#1902,#1903,#1904));
#8439=EDGE_LOOP('',(#1905,#1906,#1907,#1908));
#8440=EDGE_LOOP('',(#1909,#1910,#1911,#1912));
#8441=EDGE_LOOP('',(#1913,#1914,#1915,#1916));
#8442=EDGE_LOOP('',(#1917,#1918,#1919,#1920));
#8443=EDGE_LOOP('',(#1921,#1922,#1923,#1924));
#8444=EDGE_LOOP('',(#1925,#1926,#1927,#1928));
#8445=EDGE_LOOP('',(#1929,#1930,#1931,#1932));
#8446=EDGE_LOOP('',(#1933,#1934,#1935,#1936));
#8447=EDGE_LOOP('',(#1937,#1938,#1939,#1940));
#8448=EDGE_LOOP('',(#1941,#1942,#1943,#1944));
#8449=EDGE_LOOP('',(#1945,#1946,#1947,#1948));
#8450=EDGE_LOOP('',(#1949,#1950,#1951,#1952));
#8451=EDGE_LOOP('',(#1953,#1954,#1955,#1956));
#8452=EDGE_LOOP('',(#1957,#1958,#1959,#1960));
#8453=EDGE_LOOP('',(#1961,#1962,#1963,#1964));
#8454=EDGE_LOOP('',(#1965,#1966,#1967,#1968));
#8455=EDGE_LOOP('',(#1969,#1970,#1971,#1972));
#8456=EDGE_LOOP('',(#1973,#1974,#1975,#1976));
#8457=EDGE_LOOP('',(#1977,#1978,#1979,#1980));
#8458=EDGE_LOOP('',(#1981,#1982,#1983,#1984));
#8459=EDGE_LOOP('',(#1985,#1986,#1987,#1988));
#8460=EDGE_LOOP('',(#1989,#1990,#1991,#1992));
#8461=EDGE_LOOP('',(#1993,#1994,#1995,#1996));
#8462=EDGE_LOOP('',(#1997,#1998,#1999,#2000));
#8463=EDGE_LOOP('',(#2001,#2002,#2003,#2004));
#8464=EDGE_LOOP('',(#2005,#2006,#2007,#2008));
#8465=EDGE_LOOP('',(#2009,#2010,#2011,#2012));
#8466=EDGE_LOOP('',(#2013,#2014,#2015,#2016));
#8467=EDGE_LOOP('',(#2017,#2018,#2019,#2020));
#8468=EDGE_LOOP('',(#2021,#2022,#2023,#2024));
#8469=EDGE_LOOP('',(#2025,#2026,#2027,#2028));
#8470=EDGE_LOOP('',(#2029,#2030,#2031,#2032));
#8471=EDGE_LOOP('',(#2033,#2034,#2035,#2036));
#8472=EDGE_LOOP('',(#2037,#2038,#2039,#2040));
#8473=EDGE_LOOP('',(#2041,#2042,#2043,#2044));
#8474=EDGE_LOOP('',(#2045,#2046,#2047,#2048));
#8475=EDGE_LOOP('',(#2049,#2050,#2051,#2052));
#8476=EDGE_LOOP('',(#2053,#2054,#2055,#2056));
#8477=EDGE_LOOP('',(#2057,#2058,#2059,#2060));
#8478=EDGE_LOOP('',(#2061,#2062,#2063,#2064));
#8479=EDGE_LOOP('',(#2065,#2066,#2067,#2068));
#8480=EDGE_LOOP('',(#2069,#2070,#2071,#2072));
#8481=EDGE_LOOP('',(#2073,#2074,#2075,#2076));
#8482=EDGE_LOOP('',(#2077,#2078,#2079,#2080));
#8483=EDGE_LOOP('',(#2081,#2082,#2083,#2084));
#8484=EDGE_LOOP('',(#2085,#2086,#2087,#2088));
#8485=EDGE_LOOP('',(#2089,#2090,#2091,#2092));
#8486=EDGE_LOOP('',(#2093,#2094,#2095,#2096));
#8487=EDGE_LOOP('',(#2097,#2098,#2099,#2100));
#8488=EDGE_LOOP('',(#2101,#2102,#2103,#2104));
#8489=EDGE_LOOP('',(#2105,#2106,#2107,#2108));
#8490=EDGE_LOOP('',(#2109,#2110,#2111,#2112));
#8491=EDGE_LOOP('',(#2113,#2114,#2115,#2116));
#8492=EDGE_LOOP('',(#2117,#2118,#2119,#2120));
#8493=EDGE_LOOP('',(#2121,#2122,#2123,#2124));
#8494=EDGE_LOOP('',(#2125,#2126,#2127,#2128));
#8495=EDGE_LOOP('',(#2129,#2130,#2131,#2132));
#8496=EDGE_LOOP('',(#2133,#2134,#2135,#2136));
#8497=EDGE_LOOP('',(#2137,#2138,#2139,#2140));
#8498=EDGE_LOOP('',(#2141,#2142,#2143,#2144));
#8499=EDGE_LOOP('',(#2145,#2146,#2147,#2148));
#8500=EDGE_LOOP('',(#2149,#2150,#2151,#2152));
#8501=EDGE_LOOP('',(#2153,#2154,#2155,#2156));
#8502=EDGE_LOOP('',(#2157,#2158,#2159,#2160));
#8503=EDGE_LOOP('',(#2161,#2162,#2163,#2164));
#8504=EDGE_LOOP('',(#2165,#2166,#2167,#2168));
#8505=EDGE_LOOP('',(#2169,#2170,#2171,#2172));
#8506=EDGE_LOOP('',(#2173,#2174,#2175,#2176));
#8507=EDGE_LOOP('',(#2177,#2178,#2179,#2180));
#8508=EDGE_LOOP('',(#2181,#2182,#2183,#2184));
#8509=EDGE_LOOP('',(#2185,#2186,#2187,#2188));
#8510=EDGE_LOOP('',(#2189,#2190,#2191,#2192));
#8511=EDGE_LOOP('',(#2193,#2194,#2195,#2196));
#8512=EDGE_LOOP('',(#2197,#2198,#2199,#2200));
#8513=EDGE_LOOP('',(#2201,#2202,#2203,#2204));
#8514=EDGE_LOOP('',(#2205,#2206,#2207,#2208));
#8515=EDGE_LOOP('',(#2209,#2210,#2211,#2212));
#8516=EDGE_LOOP('',(#2213,#2214,#2215,#2216));
#8517=EDGE_LOOP('',(#2217,#2218,#2219,#2220));
#8518=EDGE_LOOP('',(#2221,#2222,#2223,#2224));
#8519=EDGE_LOOP('',(#2225,#2226,#2227,#2228));
#8520=EDGE_LOOP('',(#2229,#2230,#2231,#2232));
#8521=EDGE_LOOP('',(#2233,#2234,#2235,#2236));
#8522=EDGE_LOOP('',(#2237,#2238,#2239,#2240));
#8523=EDGE_LOOP('',(#2241,#2242,#2243,#2244));
#8524=EDGE_LOOP('',(#2245,#2246,#2247,#2248));
#8525=EDGE_LOOP('',(#2249,#2250,#2251,#2252));
#8526=EDGE_LOOP('',(#2253,#2254,#2255,#2256));
#8527=EDGE_LOOP('',(#2257,#2258,#2259,#2260));
#8528=EDGE_LOOP('',(#2261,#2262,#2263,#2264));
#8529=EDGE_LOOP('',(#2265,#2266,#2267,#2268));
#8530=EDGE_LOOP('',(#2269,#2270,#2271,#2272));
#8531=EDGE_LOOP('',(#2273,#2274,#2275,#2276));
#8532=EDGE_LOOP('',(#2277,#2278,#2279,#2280));
#8533=EDGE_LOOP('',(#2281,#2282,#2283,#2284));
#8534=EDGE_LOOP('',(#2285,#2286,#2287,#2288));
#8535=EDGE_LOOP('',(#2289,#2290,#2291,#2292));
#8536=EDGE_LOOP('',(#2293,#2294,#2295,#2296));
#8537=EDGE_LOOP('',(#2297,#2298,#2299,#2300));
#8538=EDGE_LOOP('',(#2301,#2302,#2303,#2304));
#8539=EDGE_LOOP('',(#2305,#2306,#2307,#2308));
#8540=EDGE_LOOP('',(#2309,#2310,#2311,#2312));
#8541=EDGE_LOOP('',(#2313,#2314,#2315,#2316));
#8542=EDGE_LOOP('',(#2317,#2318,#2319,#2320));
#8543=EDGE_LOOP('',(#2321,#2322,#2323,#2324));
#8544=EDGE_LOOP('',(#2325,#2326,#2327,#2328));
#8545=EDGE_LOOP('',(#2329,#2330,#2331,#2332));
#8546=EDGE_LOOP('',(#2333,#2334,#2335,#2336));
#8547=EDGE_LOOP('',(#2337,#2338,#2339,#2340));
#8548=EDGE_LOOP('',(#2341,#2342,#2343,#2344));
#8549=EDGE_LOOP('',(#2345,#2346,#2347,#2348));
#8550=EDGE_LOOP('',(#2349,#2350,#2351,#2352));
#8551=EDGE_LOOP('',(#2353,#2354,#2355,#2356));
#8552=EDGE_LOOP('',(#2357,#2358,#2359,#2360));
#8553=EDGE_LOOP('',(#2361,#2362,#2363,#2364));
#8554=EDGE_LOOP('',(#2365,#2366,#2367,#2368));
#8555=EDGE_LOOP('',(#2369,#2370,#2371,#2372));
#8556=EDGE_LOOP('',(#2373,#2374,#2375,#2376));
#8557=EDGE_LOOP('',(#2377,#2378,#2379,#2380));
#8558=EDGE_LOOP('',(#2381));
#8559=EDGE_LOOP('',(#2382));
#8560=EDGE_LOOP('',(#2383));
#8561=EDGE_LOOP('',(#2384));
#8562=EDGE_LOOP('',(#2385,#2386,#2387,#2388));
#8563=EDGE_LOOP('',(#2389,#2390,#2391,#2392));
#8564=EDGE_LOOP('',(#2393,#2394,#2395,#2396));
#8565=EDGE_LOOP('',(#2397,#2398,#2399,#2400));
#8566=EDGE_LOOP('',(#2401,#2402,#2403,#2404));
#8567=EDGE_LOOP('',(#2405,#2406,#2407,#2408));
#8568=EDGE_LOOP('',(#2409,#2410,#2411,#2412));
#8569=EDGE_LOOP('',(#2413,#2414,#2415,#2416));
#8570=EDGE_LOOP('',(#2417,#2418,#2419,#2420));
#8571=EDGE_LOOP('',(#2421,#2422,#2423,#2424));
#8572=EDGE_LOOP('',(#2425,#2426,#2427,#2428));
#8573=EDGE_LOOP('',(#2429,#2430,#2431,#2432));
#8574=EDGE_LOOP('',(#2433,#2434,#2435,#2436));
#8575=EDGE_LOOP('',(#2437,#2438,#2439,#2440));
#8576=EDGE_LOOP('',(#2441,#2442,#2443,#2444));
#8577=EDGE_LOOP('',(#2445,#2446,#2447,#2448));
#8578=EDGE_LOOP('',(#2449,#2450,#2451,#2452));
#8579=EDGE_LOOP('',(#2453,#2454,#2455,#2456));
#8580=EDGE_LOOP('',(#2457,#2458,#2459,#2460));
#8581=EDGE_LOOP('',(#2461,#2462,#2463,#2464));
#8582=EDGE_LOOP('',(#2465,#2466,#2467,#2468));
#8583=EDGE_LOOP('',(#2469,#2470,#2471,#2472));
#8584=EDGE_LOOP('',(#2473));
#8585=EDGE_LOOP('',(#2474));
#8586=EDGE_LOOP('',(#2475,#2476,#2477,#2478));
#8587=EDGE_LOOP('',(#2479,#2480,#2481,#2482));
#8588=EDGE_LOOP('',(#2483,#2484,#2485,#2486));
#8589=EDGE_LOOP('',(#2487,#2488,#2489,#2490));
#8590=EDGE_LOOP('',(#2491,#2492,#2493,#2494));
#8591=EDGE_LOOP('',(#2495,#2496,#2497,#2498));
#8592=EDGE_LOOP('',(#2499,#2500,#2501,#2502,#2503,#2504,#2505,#2506,#2507,
#2508,#2509,#2510,#2511,#2512,#2513,#2514,#2515,#2516,#2517,#2518,#2519,
#2520,#2521,#2522,#2523,#2524,#2525,#2526,#2527,#2528));
#8593=EDGE_LOOP('',(#2529,#2530,#2531,#2532));
#8594=EDGE_LOOP('',(#2533,#2534,#2535,#2536));
#8595=EDGE_LOOP('',(#2537,#2538,#2539,#2540));
#8596=EDGE_LOOP('',(#2541,#2542,#2543,#2544));
#8597=EDGE_LOOP('',(#2545,#2546,#2547,#2548));
#8598=EDGE_LOOP('',(#2549,#2550,#2551,#2552));
#8599=EDGE_LOOP('',(#2553,#2554,#2555,#2556));
#8600=EDGE_LOOP('',(#2557,#2558,#2559,#2560));
#8601=EDGE_LOOP('',(#2561,#2562,#2563,#2564));
#8602=EDGE_LOOP('',(#2565,#2566,#2567,#2568));
#8603=EDGE_LOOP('',(#2569,#2570,#2571,#2572));
#8604=EDGE_LOOP('',(#2573,#2574,#2575,#2576));
#8605=EDGE_LOOP('',(#2577,#2578,#2579,#2580));
#8606=EDGE_LOOP('',(#2581,#2582,#2583,#2584));
#8607=EDGE_LOOP('',(#2585,#2586,#2587,#2588));
#8608=EDGE_LOOP('',(#2589,#2590,#2591,#2592));
#8609=EDGE_LOOP('',(#2593,#2594,#2595,#2596));
#8610=EDGE_LOOP('',(#2597,#2598,#2599,#2600));
#8611=EDGE_LOOP('',(#2601,#2602,#2603,#2604));
#8612=EDGE_LOOP('',(#2605,#2606,#2607,#2608));
#8613=EDGE_LOOP('',(#2609,#2610,#2611,#2612));
#8614=EDGE_LOOP('',(#2613,#2614,#2615,#2616));
#8615=EDGE_LOOP('',(#2617,#2618,#2619,#2620));
#8616=EDGE_LOOP('',(#2621,#2622,#2623,#2624));
#8617=EDGE_LOOP('',(#2625,#2626,#2627,#2628));
#8618=EDGE_LOOP('',(#2629,#2630,#2631,#2632));
#8619=EDGE_LOOP('',(#2633,#2634,#2635,#2636));
#8620=EDGE_LOOP('',(#2637,#2638,#2639,#2640));
#8621=EDGE_LOOP('',(#2641,#2642,#2643,#2644));
#8622=EDGE_LOOP('',(#2645,#2646,#2647,#2648));
#8623=EDGE_LOOP('',(#2649,#2650,#2651,#2652));
#8624=EDGE_LOOP('',(#2653,#2654,#2655,#2656));
#8625=EDGE_LOOP('',(#2657,#2658,#2659,#2660));
#8626=EDGE_LOOP('',(#2661,#2662,#2663,#2664));
#8627=EDGE_LOOP('',(#2665,#2666,#2667,#2668));
#8628=EDGE_LOOP('',(#2669,#2670,#2671,#2672));
#8629=EDGE_LOOP('',(#2673,#2674,#2675,#2676));
#8630=EDGE_LOOP('',(#2677,#2678,#2679,#2680));
#8631=EDGE_LOOP('',(#2681,#2682,#2683,#2684));
#8632=EDGE_LOOP('',(#2685,#2686,#2687,#2688));
#8633=EDGE_LOOP('',(#2689,#2690,#2691,#2692));
#8634=EDGE_LOOP('',(#2693,#2694,#2695,#2696));
#8635=EDGE_LOOP('',(#2697,#2698,#2699,#2700));
#8636=EDGE_LOOP('',(#2701,#2702,#2703,#2704,#2705,#2706,#2707,#2708,#2709,
#2710,#2711,#2712,#2713,#2714,#2715,#2716,#2717,#2718,#2719,#2720,#2721,
#2722,#2723,#2724,#2725,#2726,#2727,#2728,#2729,#2730));
#8637=EDGE_LOOP('',(#2731));
#8638=EDGE_LOOP('',(#2732));
#8639=EDGE_LOOP('',(#2733,#2734,#2735,#2736));
#8640=EDGE_LOOP('',(#2737,#2738,#2739,#2740));
#8641=EDGE_LOOP('',(#2741,#2742,#2743,#2744));
#8642=EDGE_LOOP('',(#2745,#2746,#2747,#2748));
#8643=EDGE_LOOP('',(#2749,#2750,#2751,#2752));
#8644=EDGE_LOOP('',(#2753,#2754,#2755,#2756));
#8645=EDGE_LOOP('',(#2757,#2758,#2759,#2760));
#8646=EDGE_LOOP('',(#2761,#2762,#2763,#2764));
#8647=EDGE_LOOP('',(#2765,#2766,#2767,#2768));
#8648=EDGE_LOOP('',(#2769,#2770,#2771,#2772));
#8649=EDGE_LOOP('',(#2773,#2774,#2775,#2776));
#8650=EDGE_LOOP('',(#2777,#2778,#2779,#2780));
#8651=EDGE_LOOP('',(#2781,#2782,#2783,#2784));
#8652=EDGE_LOOP('',(#2785,#2786,#2787,#2788));
#8653=EDGE_LOOP('',(#2789,#2790,#2791,#2792));
#8654=EDGE_LOOP('',(#2793,#2794,#2795,#2796));
#8655=EDGE_LOOP('',(#2797,#2798,#2799,#2800));
#8656=EDGE_LOOP('',(#2801,#2802,#2803,#2804));
#8657=EDGE_LOOP('',(#2805,#2806,#2807,#2808));
#8658=EDGE_LOOP('',(#2809,#2810,#2811,#2812));
#8659=EDGE_LOOP('',(#2813,#2814,#2815,#2816));
#8660=EDGE_LOOP('',(#2817,#2818,#2819,#2820));
#8661=EDGE_LOOP('',(#2821,#2822,#2823,#2824));
#8662=EDGE_LOOP('',(#2825,#2826,#2827,#2828));
#8663=EDGE_LOOP('',(#2829,#2830,#2831,#2832));
#8664=EDGE_LOOP('',(#2833,#2834,#2835,#2836));
#8665=EDGE_LOOP('',(#2837,#2838,#2839,#2840));
#8666=EDGE_LOOP('',(#2841,#2842,#2843,#2844));
#8667=EDGE_LOOP('',(#2845,#2846,#2847,#2848));
#8668=EDGE_LOOP('',(#2849,#2850,#2851,#2852));
#8669=EDGE_LOOP('',(#2853,#2854,#2855,#2856));
#8670=EDGE_LOOP('',(#2857,#2858,#2859,#2860));
#8671=EDGE_LOOP('',(#2861,#2862,#2863,#2864));
#8672=EDGE_LOOP('',(#2865,#2866,#2867,#2868));
#8673=EDGE_LOOP('',(#2869,#2870,#2871,#2872));
#8674=EDGE_LOOP('',(#2873,#2874,#2875,#2876));
#8675=EDGE_LOOP('',(#2877,#2878,#2879,#2880));
#8676=EDGE_LOOP('',(#2881,#2882,#2883,#2884));
#8677=EDGE_LOOP('',(#2885,#2886,#2887,#2888));
#8678=EDGE_LOOP('',(#2889,#2890,#2891,#2892));
#8679=EDGE_LOOP('',(#2893,#2894,#2895,#2896));
#8680=EDGE_LOOP('',(#2897,#2898,#2899,#2900));
#8681=EDGE_LOOP('',(#2901,#2902,#2903,#2904));
#8682=EDGE_LOOP('',(#2905,#2906,#2907,#2908));
#8683=EDGE_LOOP('',(#2909,#2910,#2911,#2912));
#8684=EDGE_LOOP('',(#2913,#2914,#2915,#2916));
#8685=EDGE_LOOP('',(#2917,#2918,#2919,#2920));
#8686=EDGE_LOOP('',(#2921,#2922,#2923,#2924));
#8687=EDGE_LOOP('',(#2925,#2926,#2927,#2928));
#8688=EDGE_LOOP('',(#2929,#2930,#2931,#2932));
#8689=EDGE_LOOP('',(#2933,#2934,#2935,#2936));
#8690=EDGE_LOOP('',(#2937,#2938,#2939,#2940));
#8691=EDGE_LOOP('',(#2941,#2942,#2943,#2944));
#8692=EDGE_LOOP('',(#2945,#2946,#2947,#2948));
#8693=EDGE_LOOP('',(#2949,#2950,#2951,#2952));
#8694=EDGE_LOOP('',(#2953,#2954,#2955,#2956));
#8695=FACE_BOUND('',#7997,.T.);
#8696=FACE_BOUND('',#7998,.T.);
#8697=FACE_BOUND('',#7999,.T.);
#8698=FACE_BOUND('',#8000,.T.);
#8699=FACE_BOUND('',#8001,.T.);
#8700=FACE_BOUND('',#8002,.T.);
#8701=FACE_BOUND('',#8003,.T.);
#8702=FACE_BOUND('',#8004,.T.);
#8703=FACE_BOUND('',#8005,.T.);
#8704=FACE_BOUND('',#8006,.T.);
#8705=FACE_BOUND('',#8007,.T.);
#8706=FACE_BOUND('',#8008,.T.);
#8707=FACE_BOUND('',#8009,.T.);
#8708=FACE_BOUND('',#8010,.T.);
#8709=FACE_BOUND('',#8011,.T.);
#8710=FACE_BOUND('',#8012,.T.);
#8711=FACE_BOUND('',#8013,.T.);
#8712=FACE_BOUND('',#8014,.T.);
#8713=FACE_BOUND('',#8015,.T.);
#8714=FACE_BOUND('',#8016,.T.);
#8715=FACE_BOUND('',#8017,.T.);
#8716=FACE_BOUND('',#8018,.T.);
#8717=FACE_BOUND('',#8019,.T.);
#8718=FACE_BOUND('',#8020,.T.);
#8719=FACE_BOUND('',#8021,.T.);
#8720=FACE_BOUND('',#8022,.T.);
#8721=FACE_BOUND('',#8023,.T.);
#8722=FACE_BOUND('',#8024,.T.);
#8723=FACE_BOUND('',#8025,.T.);
#8724=FACE_BOUND('',#8026,.T.);
#8725=FACE_BOUND('',#8027,.T.);
#8726=FACE_BOUND('',#8028,.T.);
#8727=FACE_BOUND('',#8029,.T.);
#8728=FACE_BOUND('',#8030,.T.);
#8729=FACE_BOUND('',#8031,.T.);
#8730=FACE_BOUND('',#8032,.T.);
#8731=FACE_BOUND('',#8033,.T.);
#8732=FACE_BOUND('',#8034,.T.);
#8733=FACE_BOUND('',#8035,.T.);
#8734=FACE_BOUND('',#8036,.T.);
#8735=FACE_BOUND('',#8037,.T.);
#8736=FACE_BOUND('',#8038,.T.);
#8737=FACE_BOUND('',#8039,.T.);
#8738=FACE_BOUND('',#8040,.T.);
#8739=FACE_BOUND('',#8041,.T.);
#8740=FACE_BOUND('',#8042,.T.);
#8741=FACE_BOUND('',#8043,.T.);
#8742=FACE_BOUND('',#8044,.T.);
#8743=FACE_BOUND('',#8045,.T.);
#8744=FACE_BOUND('',#8046,.T.);
#8745=FACE_BOUND('',#8047,.T.);
#8746=FACE_BOUND('',#8048,.T.);
#8747=FACE_BOUND('',#8049,.T.);
#8748=FACE_BOUND('',#8050,.T.);
#8749=FACE_BOUND('',#8051,.T.);
#8750=FACE_BOUND('',#8052,.T.);
#8751=FACE_BOUND('',#8053,.T.);
#8752=FACE_BOUND('',#8054,.T.);
#8753=FACE_BOUND('',#8055,.T.);
#8754=FACE_BOUND('',#8056,.T.);
#8755=FACE_BOUND('',#8057,.T.);
#8756=FACE_BOUND('',#8058,.T.);
#8757=FACE_BOUND('',#8059,.T.);
#8758=FACE_BOUND('',#8060,.T.);
#8759=FACE_BOUND('',#8061,.T.);
#8760=FACE_BOUND('',#8062,.T.);
#8761=FACE_BOUND('',#8063,.T.);
#8762=FACE_BOUND('',#8064,.T.);
#8763=FACE_BOUND('',#8065,.T.);
#8764=FACE_BOUND('',#8066,.T.);
#8765=FACE_BOUND('',#8067,.T.);
#8766=FACE_BOUND('',#8068,.T.);
#8767=FACE_BOUND('',#8069,.T.);
#8768=FACE_BOUND('',#8070,.T.);
#8769=FACE_BOUND('',#8071,.T.);
#8770=FACE_BOUND('',#8072,.T.);
#8771=FACE_BOUND('',#8073,.T.);
#8772=FACE_BOUND('',#8074,.T.);
#8773=FACE_BOUND('',#8075,.T.);
#8774=FACE_BOUND('',#8076,.T.);
#8775=FACE_BOUND('',#8077,.T.);
#8776=FACE_BOUND('',#8078,.T.);
#8777=FACE_BOUND('',#8079,.T.);
#8778=FACE_BOUND('',#8080,.T.);
#8779=FACE_BOUND('',#8081,.T.);
#8780=FACE_BOUND('',#8082,.T.);
#8781=FACE_BOUND('',#8083,.T.);
#8782=FACE_BOUND('',#8084,.T.);
#8783=FACE_BOUND('',#8085,.T.);
#8784=FACE_BOUND('',#8086,.T.);
#8785=FACE_BOUND('',#8087,.T.);
#8786=FACE_BOUND('',#8088,.T.);
#8787=FACE_BOUND('',#8089,.T.);
#8788=FACE_BOUND('',#8090,.T.);
#8789=FACE_BOUND('',#8091,.T.);
#8790=FACE_BOUND('',#8092,.T.);
#8791=FACE_BOUND('',#8093,.T.);
#8792=FACE_BOUND('',#8094,.T.);
#8793=FACE_BOUND('',#8095,.T.);
#8794=FACE_BOUND('',#8096,.T.);
#8795=FACE_BOUND('',#8097,.T.);
#8796=FACE_BOUND('',#8098,.T.);
#8797=FACE_BOUND('',#8099,.T.);
#8798=FACE_BOUND('',#8100,.T.);
#8799=FACE_BOUND('',#8101,.T.);
#8800=FACE_BOUND('',#8102,.T.);
#8801=FACE_BOUND('',#8103,.T.);
#8802=FACE_BOUND('',#8104,.T.);
#8803=FACE_BOUND('',#8105,.T.);
#8804=FACE_BOUND('',#8106,.T.);
#8805=FACE_BOUND('',#8107,.T.);
#8806=FACE_BOUND('',#8108,.T.);
#8807=FACE_BOUND('',#8109,.T.);
#8808=FACE_BOUND('',#8110,.T.);
#8809=FACE_BOUND('',#8111,.T.);
#8810=FACE_BOUND('',#8112,.T.);
#8811=FACE_BOUND('',#8113,.T.);
#8812=FACE_BOUND('',#8114,.T.);
#8813=FACE_BOUND('',#8115,.T.);
#8814=FACE_BOUND('',#8116,.T.);
#8815=FACE_BOUND('',#8117,.T.);
#8816=FACE_BOUND('',#8118,.T.);
#8817=FACE_BOUND('',#8119,.T.);
#8818=FACE_BOUND('',#8120,.T.);
#8819=FACE_BOUND('',#8121,.T.);
#8820=FACE_BOUND('',#8122,.T.);
#8821=FACE_BOUND('',#8123,.T.);
#8822=FACE_BOUND('',#8124,.T.);
#8823=FACE_BOUND('',#8125,.T.);
#8824=FACE_BOUND('',#8126,.T.);
#8825=FACE_BOUND('',#8127,.T.);
#8826=FACE_BOUND('',#8128,.T.);
#8827=FACE_BOUND('',#8129,.T.);
#8828=FACE_BOUND('',#8130,.T.);
#8829=FACE_BOUND('',#8131,.T.);
#8830=FACE_BOUND('',#8132,.T.);
#8831=FACE_BOUND('',#8133,.T.);
#8832=FACE_BOUND('',#8134,.T.);
#8833=FACE_BOUND('',#8135,.T.);
#8834=FACE_BOUND('',#8136,.T.);
#8835=FACE_BOUND('',#8137,.T.);
#8836=FACE_BOUND('',#8138,.T.);
#8837=FACE_BOUND('',#8139,.T.);
#8838=FACE_BOUND('',#8140,.T.);
#8839=FACE_BOUND('',#8141,.T.);
#8840=FACE_BOUND('',#8142,.T.);
#8841=FACE_BOUND('',#8143,.T.);
#8842=FACE_BOUND('',#8144,.T.);
#8843=FACE_BOUND('',#8145,.T.);
#8844=FACE_BOUND('',#8146,.T.);
#8845=FACE_BOUND('',#8147,.T.);
#8846=FACE_BOUND('',#8148,.T.);
#8847=FACE_BOUND('',#8149,.T.);
#8848=FACE_BOUND('',#8150,.T.);
#8849=FACE_BOUND('',#8151,.T.);
#8850=FACE_BOUND('',#8152,.T.);
#8851=FACE_BOUND('',#8153,.T.);
#8852=FACE_BOUND('',#8154,.T.);
#8853=FACE_BOUND('',#8155,.T.);
#8854=FACE_BOUND('',#8156,.T.);
#8855=FACE_BOUND('',#8157,.T.);
#8856=FACE_BOUND('',#8158,.T.);
#8857=FACE_BOUND('',#8159,.T.);
#8858=FACE_BOUND('',#8160,.T.);
#8859=FACE_BOUND('',#8161,.T.);
#8860=FACE_BOUND('',#8162,.T.);
#8861=FACE_BOUND('',#8163,.T.);
#8862=FACE_BOUND('',#8164,.T.);
#8863=FACE_BOUND('',#8165,.T.);
#8864=FACE_BOUND('',#8166,.T.);
#8865=FACE_BOUND('',#8167,.T.);
#8866=FACE_BOUND('',#8168,.T.);
#8867=FACE_BOUND('',#8169,.T.);
#8868=FACE_BOUND('',#8170,.T.);
#8869=FACE_BOUND('',#8171,.T.);
#8870=FACE_BOUND('',#8172,.T.);
#8871=FACE_BOUND('',#8173,.T.);
#8872=FACE_BOUND('',#8174,.T.);
#8873=FACE_BOUND('',#8175,.T.);
#8874=FACE_BOUND('',#8176,.T.);
#8875=FACE_BOUND('',#8177,.T.);
#8876=FACE_BOUND('',#8178,.T.);
#8877=FACE_BOUND('',#8179,.T.);
#8878=FACE_BOUND('',#8180,.T.);
#8879=FACE_BOUND('',#8181,.T.);
#8880=FACE_BOUND('',#8182,.T.);
#8881=FACE_BOUND('',#8183,.T.);
#8882=FACE_BOUND('',#8184,.T.);
#8883=FACE_BOUND('',#8185,.T.);
#8884=FACE_BOUND('',#8186,.T.);
#8885=FACE_BOUND('',#8187,.T.);
#8886=FACE_BOUND('',#8188,.T.);
#8887=FACE_BOUND('',#8189,.T.);
#8888=FACE_BOUND('',#8190,.T.);
#8889=FACE_BOUND('',#8191,.T.);
#8890=FACE_BOUND('',#8192,.T.);
#8891=FACE_BOUND('',#8193,.T.);
#8892=FACE_BOUND('',#8194,.T.);
#8893=FACE_BOUND('',#8195,.T.);
#8894=FACE_BOUND('',#8196,.T.);
#8895=FACE_BOUND('',#8197,.T.);
#8896=FACE_BOUND('',#8198,.T.);
#8897=FACE_BOUND('',#8199,.T.);
#8898=FACE_BOUND('',#8200,.T.);
#8899=FACE_BOUND('',#8201,.T.);
#8900=FACE_BOUND('',#8202,.T.);
#8901=FACE_BOUND('',#8203,.T.);
#8902=FACE_BOUND('',#8204,.T.);
#8903=FACE_BOUND('',#8205,.T.);
#8904=FACE_BOUND('',#8206,.T.);
#8905=FACE_BOUND('',#8207,.T.);
#8906=FACE_BOUND('',#8208,.T.);
#8907=FACE_BOUND('',#8209,.T.);
#8908=FACE_BOUND('',#8210,.T.);
#8909=FACE_BOUND('',#8211,.T.);
#8910=FACE_BOUND('',#8212,.T.);
#8911=FACE_BOUND('',#8213,.T.);
#8912=FACE_BOUND('',#8214,.T.);
#8913=FACE_BOUND('',#8215,.T.);
#8914=FACE_BOUND('',#8216,.T.);
#8915=FACE_BOUND('',#8217,.T.);
#8916=FACE_BOUND('',#8218,.T.);
#8917=FACE_BOUND('',#8219,.T.);
#8918=FACE_BOUND('',#8220,.T.);
#8919=FACE_BOUND('',#8221,.T.);
#8920=FACE_BOUND('',#8222,.T.);
#8921=FACE_BOUND('',#8223,.T.);
#8922=FACE_BOUND('',#8224,.T.);
#8923=FACE_BOUND('',#8225,.T.);
#8924=FACE_BOUND('',#8226,.T.);
#8925=FACE_BOUND('',#8227,.T.);
#8926=FACE_BOUND('',#8228,.T.);
#8927=FACE_BOUND('',#8229,.T.);
#8928=FACE_BOUND('',#8230,.T.);
#8929=FACE_BOUND('',#8231,.T.);
#8930=FACE_BOUND('',#8232,.T.);
#8931=FACE_BOUND('',#8233,.T.);
#8932=FACE_BOUND('',#8234,.T.);
#8933=FACE_BOUND('',#8235,.T.);
#8934=FACE_BOUND('',#8236,.T.);
#8935=FACE_BOUND('',#8237,.T.);
#8936=FACE_BOUND('',#8238,.T.);
#8937=FACE_BOUND('',#8239,.T.);
#8938=FACE_BOUND('',#8240,.T.);
#8939=FACE_BOUND('',#8241,.T.);
#8940=FACE_BOUND('',#8242,.T.);
#8941=FACE_BOUND('',#8243,.T.);
#8942=FACE_BOUND('',#8244,.T.);
#8943=FACE_BOUND('',#8245,.T.);
#8944=FACE_BOUND('',#8246,.T.);
#8945=FACE_BOUND('',#8247,.T.);
#8946=FACE_BOUND('',#8248,.T.);
#8947=FACE_BOUND('',#8249,.T.);
#8948=FACE_BOUND('',#8250,.T.);
#8949=FACE_BOUND('',#8251,.T.);
#8950=FACE_BOUND('',#8252,.T.);
#8951=FACE_BOUND('',#8253,.T.);
#8952=FACE_BOUND('',#8254,.T.);
#8953=FACE_BOUND('',#8255,.T.);
#8954=FACE_BOUND('',#8256,.T.);
#8955=FACE_BOUND('',#8257,.T.);
#8956=FACE_BOUND('',#8258,.T.);
#8957=FACE_BOUND('',#8259,.T.);
#8958=FACE_BOUND('',#8260,.T.);
#8959=FACE_BOUND('',#8261,.T.);
#8960=FACE_BOUND('',#8262,.T.);
#8961=FACE_BOUND('',#8263,.T.);
#8962=FACE_BOUND('',#8264,.T.);
#8963=FACE_BOUND('',#8265,.T.);
#8964=FACE_BOUND('',#8266,.T.);
#8965=FACE_BOUND('',#8267,.T.);
#8966=FACE_BOUND('',#8268,.T.);
#8967=FACE_BOUND('',#8269,.T.);
#8968=FACE_BOUND('',#8270,.T.);
#8969=FACE_BOUND('',#8271,.T.);
#8970=FACE_BOUND('',#8272,.T.);
#8971=FACE_BOUND('',#8273,.T.);
#8972=FACE_BOUND('',#8274,.T.);
#8973=FACE_BOUND('',#8275,.T.);
#8974=FACE_BOUND('',#8276,.T.);
#8975=FACE_BOUND('',#8277,.T.);
#8976=FACE_BOUND('',#8278,.T.);
#8977=FACE_BOUND('',#8279,.T.);
#8978=FACE_BOUND('',#8280,.T.);
#8979=FACE_BOUND('',#8281,.T.);
#8980=FACE_BOUND('',#8282,.T.);
#8981=FACE_BOUND('',#8283,.T.);
#8982=FACE_BOUND('',#8284,.T.);
#8983=FACE_BOUND('',#8285,.T.);
#8984=FACE_BOUND('',#8286,.T.);
#8985=FACE_BOUND('',#8287,.T.);
#8986=FACE_BOUND('',#8288,.T.);
#8987=FACE_BOUND('',#8289,.T.);
#8988=FACE_BOUND('',#8290,.T.);
#8989=FACE_BOUND('',#8291,.T.);
#8990=FACE_BOUND('',#8292,.T.);
#8991=FACE_BOUND('',#8293,.T.);
#8992=FACE_BOUND('',#8294,.T.);
#8993=FACE_BOUND('',#8295,.T.);
#8994=FACE_BOUND('',#8296,.T.);
#8995=FACE_BOUND('',#8297,.T.);
#8996=FACE_BOUND('',#8298,.T.);
#8997=FACE_BOUND('',#8299,.T.);
#8998=FACE_BOUND('',#8300,.T.);
#8999=FACE_BOUND('',#8301,.T.);
#9000=FACE_BOUND('',#8302,.T.);
#9001=FACE_BOUND('',#8303,.T.);
#9002=FACE_BOUND('',#8304,.T.);
#9003=FACE_BOUND('',#8305,.T.);
#9004=FACE_BOUND('',#8306,.T.);
#9005=FACE_BOUND('',#8307,.T.);
#9006=FACE_BOUND('',#8308,.T.);
#9007=FACE_BOUND('',#8309,.T.);
#9008=FACE_BOUND('',#8310,.T.);
#9009=FACE_BOUND('',#8311,.T.);
#9010=FACE_BOUND('',#8312,.T.);
#9011=FACE_BOUND('',#8313,.T.);
#9012=FACE_BOUND('',#8314,.T.);
#9013=FACE_BOUND('',#8315,.T.);
#9014=FACE_BOUND('',#8316,.T.);
#9015=FACE_BOUND('',#8317,.T.);
#9016=FACE_BOUND('',#8318,.T.);
#9017=FACE_BOUND('',#8319,.T.);
#9018=FACE_BOUND('',#8320,.T.);
#9019=FACE_BOUND('',#8321,.T.);
#9020=FACE_BOUND('',#8322,.T.);
#9021=FACE_BOUND('',#8323,.T.);
#9022=FACE_BOUND('',#8324,.T.);
#9023=FACE_BOUND('',#8325,.T.);
#9024=FACE_BOUND('',#8326,.T.);
#9025=FACE_BOUND('',#8327,.T.);
#9026=FACE_BOUND('',#8328,.T.);
#9027=FACE_BOUND('',#8329,.T.);
#9028=FACE_BOUND('',#8330,.T.);
#9029=FACE_BOUND('',#8331,.T.);
#9030=FACE_BOUND('',#8332,.T.);
#9031=FACE_BOUND('',#8333,.T.);
#9032=FACE_BOUND('',#8334,.T.);
#9033=FACE_BOUND('',#8335,.T.);
#9034=FACE_BOUND('',#8336,.T.);
#9035=FACE_BOUND('',#8337,.T.);
#9036=FACE_BOUND('',#8338,.T.);
#9037=FACE_BOUND('',#8339,.T.);
#9038=FACE_BOUND('',#8340,.T.);
#9039=FACE_BOUND('',#8341,.T.);
#9040=FACE_BOUND('',#8342,.T.);
#9041=FACE_BOUND('',#8343,.T.);
#9042=FACE_BOUND('',#8344,.T.);
#9043=FACE_BOUND('',#8345,.T.);
#9044=FACE_BOUND('',#8346,.T.);
#9045=FACE_BOUND('',#8347,.T.);
#9046=FACE_BOUND('',#8348,.T.);
#9047=FACE_BOUND('',#8349,.T.);
#9048=FACE_BOUND('',#8350,.T.);
#9049=FACE_BOUND('',#8351,.T.);
#9050=FACE_BOUND('',#8352,.T.);
#9051=FACE_BOUND('',#8353,.T.);
#9052=FACE_BOUND('',#8354,.T.);
#9053=FACE_BOUND('',#8355,.T.);
#9054=FACE_BOUND('',#8356,.T.);
#9055=FACE_BOUND('',#8357,.T.);
#9056=FACE_BOUND('',#8358,.T.);
#9057=FACE_BOUND('',#8359,.T.);
#9058=FACE_BOUND('',#8360,.T.);
#9059=FACE_BOUND('',#8361,.T.);
#9060=FACE_BOUND('',#8362,.T.);
#9061=FACE_BOUND('',#8363,.T.);
#9062=FACE_BOUND('',#8364,.T.);
#9063=FACE_BOUND('',#8365,.T.);
#9064=FACE_BOUND('',#8366,.T.);
#9065=FACE_BOUND('',#8367,.T.);
#9066=FACE_BOUND('',#8368,.T.);
#9067=FACE_BOUND('',#8369,.T.);
#9068=FACE_BOUND('',#8370,.T.);
#9069=FACE_BOUND('',#8371,.T.);
#9070=FACE_BOUND('',#8372,.T.);
#9071=FACE_BOUND('',#8373,.T.);
#9072=FACE_BOUND('',#8374,.T.);
#9073=FACE_BOUND('',#8375,.T.);
#9074=FACE_BOUND('',#8376,.T.);
#9075=FACE_BOUND('',#8377,.T.);
#9076=FACE_BOUND('',#8378,.T.);
#9077=FACE_BOUND('',#8379,.T.);
#9078=FACE_BOUND('',#8380,.T.);
#9079=FACE_BOUND('',#8381,.T.);
#9080=FACE_BOUND('',#8382,.T.);
#9081=FACE_BOUND('',#8383,.T.);
#9082=FACE_BOUND('',#8384,.T.);
#9083=FACE_BOUND('',#8385,.T.);
#9084=FACE_BOUND('',#8386,.T.);
#9085=FACE_BOUND('',#8387,.T.);
#9086=FACE_BOUND('',#8388,.T.);
#9087=FACE_BOUND('',#8389,.T.);
#9088=FACE_BOUND('',#8390,.T.);
#9089=FACE_BOUND('',#8391,.T.);
#9090=FACE_BOUND('',#8392,.T.);
#9091=FACE_BOUND('',#8393,.T.);
#9092=FACE_BOUND('',#8394,.T.);
#9093=FACE_BOUND('',#8395,.T.);
#9094=FACE_BOUND('',#8396,.T.);
#9095=FACE_BOUND('',#8397,.T.);
#9096=FACE_BOUND('',#8398,.T.);
#9097=FACE_BOUND('',#8399,.T.);
#9098=FACE_BOUND('',#8400,.T.);
#9099=FACE_BOUND('',#8401,.T.);
#9100=FACE_BOUND('',#8402,.T.);
#9101=FACE_BOUND('',#8403,.T.);
#9102=FACE_BOUND('',#8404,.T.);
#9103=FACE_BOUND('',#8405,.T.);
#9104=FACE_BOUND('',#8406,.T.);
#9105=FACE_BOUND('',#8407,.T.);
#9106=FACE_BOUND('',#8408,.T.);
#9107=FACE_BOUND('',#8409,.T.);
#9108=FACE_BOUND('',#8410,.T.);
#9109=FACE_BOUND('',#8411,.T.);
#9110=FACE_BOUND('',#8412,.T.);
#9111=FACE_BOUND('',#8413,.T.);
#9112=FACE_BOUND('',#8414,.T.);
#9113=FACE_BOUND('',#8415,.T.);
#9114=FACE_BOUND('',#8416,.T.);
#9115=FACE_BOUND('',#8417,.T.);
#9116=FACE_BOUND('',#8418,.T.);
#9117=FACE_BOUND('',#8419,.T.);
#9118=FACE_BOUND('',#8420,.T.);
#9119=FACE_BOUND('',#8421,.T.);
#9120=FACE_BOUND('',#8422,.T.);
#9121=FACE_BOUND('',#8423,.T.);
#9122=FACE_BOUND('',#8424,.T.);
#9123=FACE_BOUND('',#8425,.T.);
#9124=FACE_BOUND('',#8426,.T.);
#9125=FACE_BOUND('',#8427,.T.);
#9126=FACE_BOUND('',#8428,.T.);
#9127=FACE_BOUND('',#8429,.T.);
#9128=FACE_BOUND('',#8430,.T.);
#9129=FACE_BOUND('',#8431,.T.);
#9130=FACE_BOUND('',#8432,.T.);
#9131=FACE_BOUND('',#8433,.T.);
#9132=FACE_BOUND('',#8434,.T.);
#9133=FACE_BOUND('',#8435,.T.);
#9134=FACE_BOUND('',#8436,.T.);
#9135=FACE_BOUND('',#8437,.T.);
#9136=FACE_BOUND('',#8438,.T.);
#9137=FACE_BOUND('',#8439,.T.);
#9138=FACE_BOUND('',#8440,.T.);
#9139=FACE_BOUND('',#8441,.T.);
#9140=FACE_BOUND('',#8442,.T.);
#9141=FACE_BOUND('',#8443,.T.);
#9142=FACE_BOUND('',#8444,.T.);
#9143=FACE_BOUND('',#8445,.T.);
#9144=FACE_BOUND('',#8446,.T.);
#9145=FACE_BOUND('',#8447,.T.);
#9146=FACE_BOUND('',#8448,.T.);
#9147=FACE_BOUND('',#8449,.T.);
#9148=FACE_BOUND('',#8450,.T.);
#9149=FACE_BOUND('',#8451,.T.);
#9150=FACE_BOUND('',#8452,.T.);
#9151=FACE_BOUND('',#8453,.T.);
#9152=FACE_BOUND('',#8454,.T.);
#9153=FACE_BOUND('',#8455,.T.);
#9154=FACE_BOUND('',#8456,.T.);
#9155=FACE_BOUND('',#8457,.T.);
#9156=FACE_BOUND('',#8458,.T.);
#9157=FACE_BOUND('',#8459,.T.);
#9158=FACE_BOUND('',#8460,.T.);
#9159=FACE_BOUND('',#8461,.T.);
#9160=FACE_BOUND('',#8462,.T.);
#9161=FACE_BOUND('',#8463,.T.);
#9162=FACE_BOUND('',#8464,.T.);
#9163=FACE_BOUND('',#8465,.T.);
#9164=FACE_BOUND('',#8466,.T.);
#9165=FACE_BOUND('',#8467,.T.);
#9166=FACE_BOUND('',#8468,.T.);
#9167=FACE_BOUND('',#8469,.T.);
#9168=FACE_BOUND('',#8470,.T.);
#9169=FACE_BOUND('',#8471,.T.);
#9170=FACE_BOUND('',#8472,.T.);
#9171=FACE_BOUND('',#8473,.T.);
#9172=FACE_BOUND('',#8474,.T.);
#9173=FACE_BOUND('',#8475,.T.);
#9174=FACE_BOUND('',#8476,.T.);
#9175=FACE_BOUND('',#8477,.T.);
#9176=FACE_BOUND('',#8478,.T.);
#9177=FACE_BOUND('',#8479,.T.);
#9178=FACE_BOUND('',#8480,.T.);
#9179=FACE_BOUND('',#8481,.T.);
#9180=FACE_BOUND('',#8482,.T.);
#9181=FACE_BOUND('',#8483,.T.);
#9182=FACE_BOUND('',#8484,.T.);
#9183=FACE_BOUND('',#8485,.T.);
#9184=FACE_BOUND('',#8486,.T.);
#9185=FACE_BOUND('',#8487,.T.);
#9186=FACE_BOUND('',#8488,.T.);
#9187=FACE_BOUND('',#8489,.T.);
#9188=FACE_BOUND('',#8490,.T.);
#9189=FACE_BOUND('',#8491,.T.);
#9190=FACE_BOUND('',#8492,.T.);
#9191=FACE_BOUND('',#8493,.T.);
#9192=FACE_BOUND('',#8494,.T.);
#9193=FACE_BOUND('',#8495,.T.);
#9194=FACE_BOUND('',#8496,.T.);
#9195=FACE_BOUND('',#8497,.T.);
#9196=FACE_BOUND('',#8498,.T.);
#9197=FACE_BOUND('',#8499,.T.);
#9198=FACE_BOUND('',#8500,.T.);
#9199=FACE_BOUND('',#8501,.T.);
#9200=FACE_BOUND('',#8502,.T.);
#9201=FACE_BOUND('',#8503,.T.);
#9202=FACE_BOUND('',#8504,.T.);
#9203=FACE_BOUND('',#8505,.T.);
#9204=FACE_BOUND('',#8506,.T.);
#9205=FACE_BOUND('',#8507,.T.);
#9206=FACE_BOUND('',#8508,.T.);
#9207=FACE_BOUND('',#8509,.T.);
#9208=FACE_BOUND('',#8510,.T.);
#9209=FACE_BOUND('',#8511,.T.);
#9210=FACE_BOUND('',#8512,.T.);
#9211=FACE_BOUND('',#8513,.T.);
#9212=FACE_BOUND('',#8514,.T.);
#9213=FACE_BOUND('',#8515,.T.);
#9214=FACE_BOUND('',#8516,.T.);
#9215=FACE_BOUND('',#8517,.T.);
#9216=FACE_BOUND('',#8518,.T.);
#9217=FACE_BOUND('',#8519,.T.);
#9218=FACE_BOUND('',#8520,.T.);
#9219=FACE_BOUND('',#8521,.T.);
#9220=FACE_BOUND('',#8522,.T.);
#9221=FACE_BOUND('',#8523,.T.);
#9222=FACE_BOUND('',#8524,.T.);
#9223=FACE_BOUND('',#8525,.T.);
#9224=FACE_BOUND('',#8526,.T.);
#9225=FACE_BOUND('',#8527,.T.);
#9226=FACE_BOUND('',#8528,.T.);
#9227=FACE_BOUND('',#8529,.T.);
#9228=FACE_BOUND('',#8530,.T.);
#9229=FACE_BOUND('',#8531,.T.);
#9230=FACE_BOUND('',#8532,.T.);
#9231=FACE_BOUND('',#8533,.T.);
#9232=FACE_BOUND('',#8534,.T.);
#9233=FACE_BOUND('',#8535,.T.);
#9234=FACE_BOUND('',#8536,.T.);
#9235=FACE_BOUND('',#8537,.T.);
#9236=FACE_BOUND('',#8538,.T.);
#9237=FACE_BOUND('',#8539,.T.);
#9238=FACE_BOUND('',#8540,.T.);
#9239=FACE_BOUND('',#8541,.T.);
#9240=FACE_BOUND('',#8542,.T.);
#9241=FACE_BOUND('',#8543,.T.);
#9242=FACE_BOUND('',#8544,.T.);
#9243=FACE_BOUND('',#8545,.T.);
#9244=FACE_BOUND('',#8546,.T.);
#9245=FACE_BOUND('',#8547,.T.);
#9246=FACE_BOUND('',#8548,.T.);
#9247=FACE_BOUND('',#8549,.T.);
#9248=FACE_BOUND('',#8550,.T.);
#9249=FACE_BOUND('',#8551,.T.);
#9250=FACE_BOUND('',#8552,.T.);
#9251=FACE_BOUND('',#8553,.T.);
#9252=FACE_BOUND('',#8554,.T.);
#9253=FACE_BOUND('',#8555,.T.);
#9254=FACE_BOUND('',#8556,.T.);
#9255=FACE_BOUND('',#8557,.T.);
#9256=FACE_BOUND('',#8558,.T.);
#9257=FACE_BOUND('',#8559,.T.);
#9258=FACE_BOUND('',#8560,.T.);
#9259=FACE_BOUND('',#8561,.T.);
#9260=FACE_BOUND('',#8562,.T.);
#9261=FACE_BOUND('',#8563,.T.);
#9262=FACE_BOUND('',#8564,.T.);
#9263=FACE_BOUND('',#8565,.T.);
#9264=FACE_BOUND('',#8566,.T.);
#9265=FACE_BOUND('',#8567,.T.);
#9266=FACE_BOUND('',#8568,.T.);
#9267=FACE_BOUND('',#8569,.T.);
#9268=FACE_BOUND('',#8570,.T.);
#9269=FACE_BOUND('',#8571,.T.);
#9270=FACE_BOUND('',#8572,.T.);
#9271=FACE_BOUND('',#8573,.T.);
#9272=FACE_BOUND('',#8574,.T.);
#9273=FACE_BOUND('',#8575,.T.);
#9274=FACE_BOUND('',#8576,.T.);
#9275=FACE_BOUND('',#8577,.T.);
#9276=FACE_BOUND('',#8578,.T.);
#9277=FACE_BOUND('',#8579,.T.);
#9278=FACE_BOUND('',#8580,.T.);
#9279=FACE_BOUND('',#8581,.T.);
#9280=FACE_BOUND('',#8582,.T.);
#9281=FACE_BOUND('',#8583,.T.);
#9282=FACE_BOUND('',#8584,.T.);
#9283=FACE_BOUND('',#8585,.T.);
#9284=FACE_BOUND('',#8586,.T.);
#9285=FACE_BOUND('',#8587,.T.);
#9286=FACE_BOUND('',#8588,.T.);
#9287=FACE_BOUND('',#8589,.T.);
#9288=FACE_BOUND('',#8590,.T.);
#9289=FACE_BOUND('',#8591,.T.);
#9290=FACE_BOUND('',#8592,.T.);
#9291=FACE_BOUND('',#8593,.T.);
#9292=FACE_BOUND('',#8594,.T.);
#9293=FACE_BOUND('',#8595,.T.);
#9294=FACE_BOUND('',#8596,.T.);
#9295=FACE_BOUND('',#8597,.T.);
#9296=FACE_BOUND('',#8598,.T.);
#9297=FACE_BOUND('',#8599,.T.);
#9298=FACE_BOUND('',#8600,.T.);
#9299=FACE_BOUND('',#8601,.T.);
#9300=FACE_BOUND('',#8602,.T.);
#9301=FACE_BOUND('',#8603,.T.);
#9302=FACE_BOUND('',#8604,.T.);
#9303=FACE_BOUND('',#8605,.T.);
#9304=FACE_BOUND('',#8606,.T.);
#9305=FACE_BOUND('',#8607,.T.);
#9306=FACE_BOUND('',#8608,.T.);
#9307=FACE_BOUND('',#8609,.T.);
#9308=FACE_BOUND('',#8610,.T.);
#9309=FACE_BOUND('',#8611,.T.);
#9310=FACE_BOUND('',#8612,.T.);
#9311=FACE_BOUND('',#8613,.T.);
#9312=FACE_BOUND('',#8614,.T.);
#9313=FACE_BOUND('',#8615,.T.);
#9314=FACE_BOUND('',#8616,.T.);
#9315=FACE_BOUND('',#8617,.T.);
#9316=FACE_BOUND('',#8618,.T.);
#9317=FACE_BOUND('',#8619,.T.);
#9318=FACE_BOUND('',#8620,.T.);
#9319=FACE_BOUND('',#8621,.T.);
#9320=FACE_BOUND('',#8622,.T.);
#9321=FACE_BOUND('',#8623,.T.);
#9322=FACE_BOUND('',#8624,.T.);
#9323=FACE_BOUND('',#8625,.T.);
#9324=FACE_BOUND('',#8626,.T.);
#9325=FACE_BOUND('',#8627,.T.);
#9326=FACE_BOUND('',#8628,.T.);
#9327=FACE_BOUND('',#8629,.T.);
#9328=FACE_BOUND('',#8630,.T.);
#9329=FACE_BOUND('',#8631,.T.);
#9330=FACE_BOUND('',#8632,.T.);
#9331=FACE_BOUND('',#8633,.T.);
#9332=FACE_BOUND('',#8634,.T.);
#9333=FACE_BOUND('',#8635,.T.);
#9334=FACE_BOUND('',#8636,.T.);
#9335=FACE_BOUND('',#8637,.T.);
#9336=FACE_BOUND('',#8638,.T.);
#9337=FACE_BOUND('',#8639,.T.);
#9338=FACE_BOUND('',#8640,.T.);
#9339=FACE_BOUND('',#8641,.T.);
#9340=FACE_BOUND('',#8642,.T.);
#9341=FACE_BOUND('',#8643,.T.);
#9342=FACE_BOUND('',#8644,.T.);
#9343=FACE_BOUND('',#8645,.T.);
#9344=FACE_BOUND('',#8646,.T.);
#9345=FACE_BOUND('',#8647,.T.);
#9346=FACE_BOUND('',#8648,.T.);
#9347=FACE_BOUND('',#8649,.T.);
#9348=FACE_BOUND('',#8650,.T.);
#9349=FACE_BOUND('',#8651,.T.);
#9350=FACE_BOUND('',#8652,.T.);
#9351=FACE_BOUND('',#8653,.T.);
#9352=FACE_BOUND('',#8654,.T.);
#9353=FACE_BOUND('',#8655,.T.);
#9354=FACE_BOUND('',#8656,.T.);
#9355=FACE_BOUND('',#8657,.T.);
#9356=FACE_BOUND('',#8658,.T.);
#9357=FACE_BOUND('',#8659,.T.);
#9358=FACE_BOUND('',#8660,.T.);
#9359=FACE_BOUND('',#8661,.T.);
#9360=FACE_BOUND('',#8662,.T.);
#9361=FACE_BOUND('',#8663,.T.);
#9362=FACE_BOUND('',#8664,.T.);
#9363=FACE_BOUND('',#8665,.T.);
#9364=FACE_BOUND('',#8666,.T.);
#9365=FACE_BOUND('',#8667,.T.);
#9366=FACE_BOUND('',#8668,.T.);
#9367=FACE_BOUND('',#8669,.T.);
#9368=FACE_BOUND('',#8670,.T.);
#9369=FACE_BOUND('',#8671,.T.);
#9370=FACE_BOUND('',#8672,.T.);
#9371=FACE_BOUND('',#8673,.T.);
#9372=FACE_BOUND('',#8674,.T.);
#9373=FACE_BOUND('',#8675,.T.);
#9374=FACE_BOUND('',#8676,.T.);
#9375=FACE_BOUND('',#8677,.T.);
#9376=FACE_BOUND('',#8678,.T.);
#9377=FACE_BOUND('',#8679,.T.);
#9378=FACE_BOUND('',#8680,.T.);
#9379=FACE_BOUND('',#8681,.T.);
#9380=FACE_BOUND('',#8682,.T.);
#9381=FACE_BOUND('',#8683,.T.);
#9382=FACE_BOUND('',#8684,.T.);
#9383=FACE_BOUND('',#8685,.T.);
#9384=FACE_BOUND('',#8686,.T.);
#9385=FACE_BOUND('',#8687,.T.);
#9386=FACE_BOUND('',#8688,.T.);
#9387=FACE_BOUND('',#8689,.T.);
#9388=FACE_BOUND('',#8690,.T.);
#9389=FACE_BOUND('',#8691,.T.);
#9390=FACE_BOUND('',#8692,.T.);
#9391=FACE_BOUND('',#8693,.T.);
#9392=FACE_BOUND('',#8694,.T.);
#9393=PLANE('',#10387);
#9394=PLANE('',#10388);
#9395=PLANE('',#10389);
#9396=PLANE('',#10390);
#9397=PLANE('',#10395);
#9398=PLANE('',#10397);
#9399=PLANE('',#10404);
#9400=PLANE('',#10406);
#9401=PLANE('',#10409);
#9402=PLANE('',#10412);
#9403=PLANE('',#10417);
#9404=PLANE('',#10422);
#9405=PLANE('',#10424);
#9406=PLANE('',#10425);
#9407=PLANE('',#10426);
#9408=PLANE('',#10427);
#9409=PLANE('',#10428);
#9410=PLANE('',#10433);
#9411=PLANE('',#10439);
#9412=PLANE('',#10440);
#9413=PLANE('',#10441);
#9414=PLANE('',#10442);
#9415=PLANE('',#10450);
#9416=PLANE('',#10451);
#9417=PLANE('',#10452);
#9418=PLANE('',#10453);
#9419=PLANE('',#10454);
#9420=PLANE('',#10455);
#9421=PLANE('',#10456);
#9422=PLANE('',#10457);
#9423=PLANE('',#10458);
#9424=PLANE('',#10459);
#9425=PLANE('',#10460);
#9426=PLANE('',#10461);
#9427=PLANE('',#10462);
#9428=PLANE('',#10463);
#9429=PLANE('',#10464);
#9430=PLANE('',#10465);
#9431=PLANE('',#10466);
#9432=PLANE('',#10469);
#9433=PLANE('',#10470);
#9434=PLANE('',#10471);
#9435=PLANE('',#10472);
#9436=PLANE('',#10473);
#9437=PLANE('',#10474);
#9438=PLANE('',#10475);
#9439=PLANE('',#10476);
#9440=PLANE('',#10477);
#9441=PLANE('',#10478);
#9442=PLANE('',#10479);
#9443=PLANE('',#10480);
#9444=PLANE('',#10481);
#9445=PLANE('',#10482);
#9446=PLANE('',#10483);
#9447=PLANE('',#10484);
#9448=PLANE('',#10485);
#9449=PLANE('',#10486);
#9450=PLANE('',#10487);
#9451=PLANE('',#10488);
#9452=PLANE('',#10489);
#9453=PLANE('',#10490);
#9454=PLANE('',#10491);
#9455=PLANE('',#10492);
#9456=PLANE('',#10493);
#9457=PLANE('',#10494);
#9458=PLANE('',#10495);
#9459=PLANE('',#10496);
#9460=PLANE('',#10497);
#9461=PLANE('',#10498);
#9462=PLANE('',#10499);
#9463=PLANE('',#10500);
#9464=PLANE('',#10501);
#9465=PLANE('',#10502);
#9466=PLANE('',#10503);
#9467=PLANE('',#10504);
#9468=PLANE('',#10505);
#9469=PLANE('',#10506);
#9470=PLANE('',#10507);
#9471=PLANE('',#10508);
#9472=PLANE('',#10509);
#9473=PLANE('',#10510);
#9474=PLANE('',#10511);
#9475=PLANE('',#10512);
#9476=PLANE('',#10513);
#9477=PLANE('',#10514);
#9478=PLANE('',#10515);
#9479=PLANE('',#10516);
#9480=PLANE('',#10517);
#9481=PLANE('',#10518);
#9482=PLANE('',#10519);
#9483=PLANE('',#10520);
#9484=PLANE('',#10521);
#9485=PLANE('',#10522);
#9486=PLANE('',#10523);
#9487=PLANE('',#10524);
#9488=PLANE('',#10525);
#9489=PLANE('',#10526);
#9490=PLANE('',#10527);
#9491=PLANE('',#10528);
#9492=PLANE('',#10529);
#9493=PLANE('',#10530);
#9494=PLANE('',#10531);
#9495=PLANE('',#10532);
#9496=PLANE('',#10533);
#9497=PLANE('',#10534);
#9498=PLANE('',#10535);
#9499=PLANE('',#10536);
#9500=PLANE('',#10537);
#9501=PLANE('',#10538);
#9502=PLANE('',#10539);
#9503=PLANE('',#10540);
#9504=PLANE('',#10541);
#9505=PLANE('',#10542);
#9506=PLANE('',#10543);
#9507=PLANE('',#10544);
#9508=PLANE('',#10545);
#9509=PLANE('',#10546);
#9510=PLANE('',#10547);
#9511=PLANE('',#10548);
#9512=PLANE('',#10549);
#9513=PLANE('',#10550);
#9514=PLANE('',#10551);
#9515=PLANE('',#10552);
#9516=PLANE('',#10553);
#9517=PLANE('',#10554);
#9518=PLANE('',#10555);
#9519=PLANE('',#10556);
#9520=PLANE('',#10557);
#9521=PLANE('',#10558);
#9522=PLANE('',#10559);
#9523=PLANE('',#10560);
#9524=PLANE('',#10561);
#9525=PLANE('',#10562);
#9526=PLANE('',#10563);
#9527=PLANE('',#10564);
#9528=PLANE('',#10565);
#9529=PLANE('',#10566);
#9530=PLANE('',#10567);
#9531=PLANE('',#10568);
#9532=PLANE('',#10569);
#9533=PLANE('',#10570);
#9534=PLANE('',#10571);
#9535=PLANE('',#10572);
#9536=PLANE('',#10573);
#9537=PLANE('',#10574);
#9538=PLANE('',#10575);
#9539=PLANE('',#10576);
#9540=PLANE('',#10577);
#9541=PLANE('',#10578);
#9542=PLANE('',#10579);
#9543=PLANE('',#10580);
#9544=PLANE('',#10581);
#9545=PLANE('',#10582);
#9546=PLANE('',#10583);
#9547=PLANE('',#10584);
#9548=PLANE('',#10585);
#9549=PLANE('',#10586);
#9550=PLANE('',#10587);
#9551=PLANE('',#10588);
#9552=PLANE('',#10589);
#9553=PLANE('',#10590);
#9554=PLANE('',#10591);
#9555=PLANE('',#10592);
#9556=PLANE('',#10593);
#9557=PLANE('',#10594);
#9558=PLANE('',#10595);
#9559=PLANE('',#10596);
#9560=PLANE('',#10597);
#9561=PLANE('',#10598);
#9562=PLANE('',#10599);
#9563=PLANE('',#10600);
#9564=PLANE('',#10601);
#9565=PLANE('',#10602);
#9566=PLANE('',#10603);
#9567=PLANE('',#10604);
#9568=PLANE('',#10605);
#9569=PLANE('',#10606);
#9570=PLANE('',#10607);
#9571=PLANE('',#10608);
#9572=PLANE('',#10609);
#9573=PLANE('',#10610);
#9574=PLANE('',#10614);
#9575=PLANE('',#10615);
#9576=PLANE('',#10616);
#9577=PLANE('',#10617);
#9578=PLANE('',#10618);
#9579=PLANE('',#10619);
#9580=PLANE('',#10620);
#9581=PLANE('',#10621);
#9582=PLANE('',#10622);
#9583=PLANE('',#10623);
#9584=PLANE('',#10650);
#9585=PLANE('',#10651);
#9586=PLANE('',#10652);
#9587=PLANE('',#10653);
#9588=PLANE('',#10654);
#9589=PLANE('',#10655);
#9590=PLANE('',#10656);
#9591=PLANE('',#10657);
#9592=PLANE('',#10658);
#9593=PLANE('',#10661);
#9594=PLANE('',#10664);
#9595=PLANE('',#10665);
#9596=PLANE('',#10666);
#9597=PLANE('',#10667);
#9598=PLANE('',#10668);
#9599=PLANE('',#10669);
#9600=PLANE('',#10670);
#9601=PLANE('',#10671);
#9602=PLANE('',#10672);
#9603=PLANE('',#10675);
#9604=PLANE('',#10677);
#9605=PLANE('',#10678);
#9606=PLANE('',#10680);
#9607=PLANE('',#10685);
#9608=PLANE('',#10693);
#9609=PLANE('',#10694);
#9610=PLANE('',#10695);
#9611=PLANE('',#10699);
#9612=PLANE('',#10709);
#9613=PLANE('',#10710);
#9614=PLANE('',#10711);
#9615=PLANE('',#10712);
#9616=PLANE('',#10713);
#9617=PLANE('',#10714);
#9618=PLANE('',#10715);
#9619=PLANE('',#10716);
#9620=PLANE('',#10718);
#9621=PLANE('',#10719);
#9622=PLANE('',#10720);
#9623=PLANE('',#10721);
#9624=PLANE('',#10722);
#9625=PLANE('',#10723);
#9626=PLANE('',#10724);
#9627=PLANE('',#10725);
#9628=PLANE('',#10726);
#9629=PLANE('',#10727);
#9630=PLANE('',#10728);
#9631=PLANE('',#10729);
#9632=PLANE('',#10730);
#9633=PLANE('',#10731);
#9634=PLANE('',#10732);
#9635=PLANE('',#10733);
#9636=PLANE('',#10734);
#9637=PLANE('',#10735);
#9638=PLANE('',#10736);
#9639=PLANE('',#10737);
#9640=PLANE('',#10738);
#9641=PLANE('',#10739);
#9642=PLANE('',#10740);
#9643=PLANE('',#10741);
#9644=PLANE('',#10742);
#9645=PLANE('',#10743);
#9646=PLANE('',#10744);
#9647=PLANE('',#10745);
#9648=PLANE('',#10746);
#9649=PLANE('',#10747);
#9650=PLANE('',#10748);
#9651=PLANE('',#10749);
#9652=PLANE('',#10750);
#9653=PLANE('',#10751);
#9654=PLANE('',#10752);
#9655=PLANE('',#10753);
#9656=PLANE('',#10754);
#9657=PLANE('',#10755);
#9658=PLANE('',#10756);
#9659=PLANE('',#10757);
#9660=PLANE('',#10758);
#9661=PLANE('',#10759);
#9662=PLANE('',#10760);
#9663=PLANE('',#10761);
#9664=PLANE('',#10762);
#9665=PLANE('',#10763);
#9666=PLANE('',#10764);
#9667=PLANE('',#10765);
#9668=PLANE('',#10766);
#9669=PLANE('',#10767);
#9670=PLANE('',#10768);
#9671=PLANE('',#10769);
#9672=PLANE('',#10770);
#9673=PLANE('',#10771);
#9674=PLANE('',#10772);
#9675=PLANE('',#10773);
#9676=PLANE('',#10774);
#9677=PLANE('',#10775);
#9678=PLANE('',#10776);
#9679=PLANE('',#10777);
#9680=PLANE('',#10778);
#9681=PLANE('',#10779);
#9682=PLANE('',#10780);
#9683=PLANE('',#10781);
#9684=PLANE('',#10782);
#9685=PLANE('',#10783);
#9686=PLANE('',#10784);
#9687=PLANE('',#10785);
#9688=PLANE('',#10786);
#9689=PLANE('',#10787);
#9690=PLANE('',#10788);
#9691=PLANE('',#10789);
#9692=PLANE('',#10790);
#9693=PLANE('',#10791);
#9694=PLANE('',#10792);
#9695=PLANE('',#10793);
#9696=PLANE('',#10794);
#9697=PLANE('',#10795);
#9698=PLANE('',#10796);
#9699=PLANE('',#10797);
#9700=PLANE('',#10798);
#9701=PLANE('',#10799);
#9702=PLANE('',#10800);
#9703=PLANE('',#10801);
#9704=PLANE('',#10802);
#9705=PLANE('',#10803);
#9706=PLANE('',#10804);
#9707=PLANE('',#10805);
#9708=PLANE('',#10806);
#9709=PLANE('',#10807);
#9710=PLANE('',#10808);
#9711=PLANE('',#10809);
#9712=PLANE('',#10810);
#9713=PLANE('',#10811);
#9714=PLANE('',#10812);
#9715=PLANE('',#10813);
#9716=PLANE('',#10814);
#9717=PLANE('',#10815);
#9718=PLANE('',#10816);
#9719=PLANE('',#10817);
#9720=PLANE('',#10818);
#9721=PLANE('',#10819);
#9722=PLANE('',#10820);
#9723=PLANE('',#10821);
#9724=PLANE('',#10822);
#9725=PLANE('',#10823);
#9726=PLANE('',#10824);
#9727=PLANE('',#10825);
#9728=PLANE('',#10826);
#9729=PLANE('',#10827);
#9730=PLANE('',#10828);
#9731=PLANE('',#10829);
#9732=PLANE('',#10830);
#9733=PLANE('',#10831);
#9734=PLANE('',#10832);
#9735=PLANE('',#10833);
#9736=PLANE('',#10834);
#9737=PLANE('',#10835);
#9738=PLANE('',#10836);
#9739=PLANE('',#10837);
#9740=PLANE('',#10838);
#9741=PLANE('',#10839);
#9742=PLANE('',#10840);
#9743=PLANE('',#10841);
#9744=PLANE('',#10842);
#9745=PLANE('',#10843);
#9746=PLANE('',#10844);
#9747=PLANE('',#10845);
#9748=PLANE('',#10846);
#9749=PLANE('',#10847);
#9750=PLANE('',#10848);
#9751=PLANE('',#10849);
#9752=PLANE('',#10850);
#9753=PLANE('',#10851);
#9754=PLANE('',#10852);
#9755=PLANE('',#10853);
#9756=PLANE('',#10854);
#9757=PLANE('',#10855);
#9758=PLANE('',#10856);
#9759=PLANE('',#10857);
#9760=PLANE('',#10858);
#9761=PLANE('',#10859);
#9762=PLANE('',#10860);
#9763=PLANE('',#10861);
#9764=PLANE('',#10862);
#9765=PLANE('',#10863);
#9766=PLANE('',#10864);
#9767=PLANE('',#10865);
#9768=PLANE('',#10866);
#9769=PLANE('',#10867);
#9770=PLANE('',#10868);
#9771=PLANE('',#10869);
#9772=PLANE('',#10870);
#9773=PLANE('',#10871);
#9774=PLANE('',#10872);
#9775=PLANE('',#10873);
#9776=PLANE('',#10874);
#9777=PLANE('',#10875);
#9778=PLANE('',#10876);
#9779=PLANE('',#10877);
#9780=PLANE('',#10878);
#9781=PLANE('',#10879);
#9782=PLANE('',#10880);
#9783=PLANE('',#10881);
#9784=PLANE('',#10882);
#9785=PLANE('',#10883);
#9786=PLANE('',#10884);
#9787=PLANE('',#10885);
#9788=PLANE('',#10886);
#9789=PLANE('',#10887);
#9790=PLANE('',#10888);
#9791=PLANE('',#10889);
#9792=PLANE('',#10890);
#9793=PLANE('',#10891);
#9794=PLANE('',#10892);
#9795=PLANE('',#10893);
#9796=PLANE('',#10894);
#9797=PLANE('',#10895);
#9798=PLANE('',#10896);
#9799=PLANE('',#10897);
#9800=PLANE('',#10898);
#9801=PLANE('',#10899);
#9802=PLANE('',#10900);
#9803=PLANE('',#10901);
#9804=PLANE('',#10902);
#9805=PLANE('',#10903);
#9806=PLANE('',#10904);
#9807=PLANE('',#10905);
#9808=PLANE('',#10906);
#9809=PLANE('',#10907);
#9810=PLANE('',#10908);
#9811=PLANE('',#10909);
#9812=PLANE('',#10910);
#9813=PLANE('',#10911);
#9814=PLANE('',#10912);
#9815=PLANE('',#10913);
#9816=PLANE('',#10914);
#9817=PLANE('',#10927);
#9818=PLANE('',#10928);
#9819=PLANE('',#10929);
#9820=PLANE('',#10930);
#9821=PLANE('',#10931);
#9822=PLANE('',#10932);
#9823=PLANE('',#10933);
#9824=PLANE('',#10934);
#9825=PLANE('',#10935);
#9826=PLANE('',#10936);
#9827=PLANE('',#10937);
#9828=PLANE('',#10938);
#9829=PLANE('',#10939);
#9830=PLANE('',#10940);
#9831=PLANE('',#10941);
#9832=PLANE('',#10942);
#9833=PLANE('',#10943);
#9834=PLANE('',#10944);
#9835=PLANE('',#10945);
#9836=PLANE('',#10946);
#9837=PLANE('',#10947);
#9838=PLANE('',#10948);
#9839=PLANE('',#10949);
#9840=PLANE('',#10950);
#9841=PLANE('',#10951);
#9842=PLANE('',#10952);
#9843=PLANE('',#10953);
#9844=PLANE('',#10954);
#9845=PLANE('',#10955);
#9846=ADVANCED_FACE('',(#8695),#9393,.T.);
#9847=ADVANCED_FACE('',(#8696),#9394,.F.);
#9848=ADVANCED_FACE('',(#8697),#9395,.T.);
#9849=ADVANCED_FACE('',(#8698,#8699,#8700),#9396,.T.);
#9850=ADVANCED_FACE('',(#8701),#9397,.T.);
#9851=ADVANCED_FACE('',(#8702,#8703,#8704),#9398,.T.);
#9852=ADVANCED_FACE('',(#8705),#9399,.T.);
#9853=ADVANCED_FACE('',(#8706),#9400,.T.);
#9854=ADVANCED_FACE('',(#8707),#23,.T.);
#9855=ADVANCED_FACE('',(#8708),#9401,.T.);
#9856=ADVANCED_FACE('',(#8709),#24,.T.);
#9857=ADVANCED_FACE('',(#8710),#9402,.F.);
#9858=ADVANCED_FACE('',(#8711,#8712),#25,.F.);
#9859=ADVANCED_FACE('',(#8713,#8714),#26,.F.);
#9860=ADVANCED_FACE('',(#8715,#8716,#8717),#9403,.F.);
#9861=ADVANCED_FACE('',(#8718,#8719),#27,.F.);
#9862=ADVANCED_FACE('',(#8720,#8721),#28,.F.);
#9863=ADVANCED_FACE('',(#8722),#29,.T.);
#9864=ADVANCED_FACE('',(#8723),#30,.T.);
#9865=ADVANCED_FACE('',(#8724),#9404,.F.);
#9866=ADVANCED_FACE('',(#8725),#9405,.T.);
#9867=ADVANCED_FACE('',(#8726),#9406,.T.);
#9868=ADVANCED_FACE('',(#8727),#9407,.F.);
#9869=ADVANCED_FACE('',(#8728),#9408,.F.);
#9870=ADVANCED_FACE('',(#8729),#9409,.T.);
#9871=ADVANCED_FACE('',(#8730,#8731,#8732,#8733,#8734,#8735,#8736,#8737,
#8738,#8739,#8740,#8741,#8742,#8743,#8744,#8745,#8746,#8747,#8748,#8749,
#8750,#8751,#8752,#8753,#8754,#8755,#8756,#8757,#8758,#8759,#8760,#8761,
#8762,#8763,#8764,#8765,#8766,#8767),#9410,.T.);
#9872=ADVANCED_FACE('',(#8768),#9411,.F.);
#9873=ADVANCED_FACE('',(#8769),#9412,.T.);
#9874=ADVANCED_FACE('',(#8770),#9413,.T.);
#9875=ADVANCED_FACE('',(#8771,#8772,#8773,#8774,#8775,#8776,#8777,#8778,
#8779,#8780,#8781,#8782,#8783,#8784,#8785,#8786,#8787,#8788,#8789,#8790,
#8791,#8792,#8793,#8794,#8795,#8796,#8797,#8798,#8799,#8800,#8801,#8802,
#8803,#8804,#8805,#8806,#8807,#8808),#9414,.T.);
#9876=ADVANCED_FACE('',(#8809),#9415,.T.);
#9877=ADVANCED_FACE('',(#8810),#9416,.T.);
#9878=ADVANCED_FACE('',(#8811),#9417,.F.);
#9879=ADVANCED_FACE('',(#8812),#9418,.T.);
#9880=ADVANCED_FACE('',(#8813),#9419,.F.);
#9881=ADVANCED_FACE('',(#8814),#9420,.T.);
#9882=ADVANCED_FACE('',(#8815),#9421,.F.);
#9883=ADVANCED_FACE('',(#8816),#9422,.T.);
#9884=ADVANCED_FACE('',(#8817),#9423,.F.);
#9885=ADVANCED_FACE('',(#8818),#9424,.T.);
#9886=ADVANCED_FACE('',(#8819),#9425,.F.);
#9887=ADVANCED_FACE('',(#8820),#9426,.T.);
#9888=ADVANCED_FACE('',(#8821),#9427,.F.);
#9889=ADVANCED_FACE('',(#8822),#9428,.F.);
#9890=ADVANCED_FACE('',(#8823),#9429,.T.);
#9891=ADVANCED_FACE('',(#8824),#9430,.F.);
#9892=ADVANCED_FACE('',(#8825),#9431,.T.);
#9893=ADVANCED_FACE('',(#8826),#31,.T.);
#9894=ADVANCED_FACE('',(#8827),#32,.T.);
#9895=ADVANCED_FACE('',(#8828),#9432,.T.);
#9896=ADVANCED_FACE('',(#8829),#9433,.F.);
#9897=ADVANCED_FACE('',(#8830),#9434,.F.);
#9898=ADVANCED_FACE('',(#8831),#9435,.T.);
#9899=ADVANCED_FACE('',(#8832),#9436,.T.);
#9900=ADVANCED_FACE('',(#8833),#9437,.F.);
#9901=ADVANCED_FACE('',(#8834),#9438,.F.);
#9902=ADVANCED_FACE('',(#8835),#9439,.T.);
#9903=ADVANCED_FACE('',(#8836),#9440,.T.);
#9904=ADVANCED_FACE('',(#8837),#9441,.F.);
#9905=ADVANCED_FACE('',(#8838),#9442,.F.);
#9906=ADVANCED_FACE('',(#8839),#9443,.T.);
#9907=ADVANCED_FACE('',(#8840),#9444,.T.);
#9908=ADVANCED_FACE('',(#8841),#9445,.F.);
#9909=ADVANCED_FACE('',(#8842),#9446,.F.);
#9910=ADVANCED_FACE('',(#8843),#9447,.T.);
#9911=ADVANCED_FACE('',(#8844),#9448,.T.);
#9912=ADVANCED_FACE('',(#8845),#9449,.F.);
#9913=ADVANCED_FACE('',(#8846),#9450,.F.);
#9914=ADVANCED_FACE('',(#8847),#9451,.T.);
#9915=ADVANCED_FACE('',(#8848),#9452,.T.);
#9916=ADVANCED_FACE('',(#8849),#9453,.F.);
#9917=ADVANCED_FACE('',(#8850),#9454,.F.);
#9918=ADVANCED_FACE('',(#8851),#9455,.T.);
#9919=ADVANCED_FACE('',(#8852),#9456,.T.);
#9920=ADVANCED_FACE('',(#8853),#9457,.F.);
#9921=ADVANCED_FACE('',(#8854),#9458,.F.);
#9922=ADVANCED_FACE('',(#8855),#9459,.T.);
#9923=ADVANCED_FACE('',(#8856),#9460,.T.);
#9924=ADVANCED_FACE('',(#8857),#9461,.F.);
#9925=ADVANCED_FACE('',(#8858),#9462,.F.);
#9926=ADVANCED_FACE('',(#8859),#9463,.T.);
#9927=ADVANCED_FACE('',(#8860),#9464,.T.);
#9928=ADVANCED_FACE('',(#8861),#9465,.F.);
#9929=ADVANCED_FACE('',(#8862),#9466,.F.);
#9930=ADVANCED_FACE('',(#8863),#9467,.T.);
#9931=ADVANCED_FACE('',(#8864),#9468,.T.);
#9932=ADVANCED_FACE('',(#8865),#9469,.F.);
#9933=ADVANCED_FACE('',(#8866),#9470,.F.);
#9934=ADVANCED_FACE('',(#8867),#9471,.T.);
#9935=ADVANCED_FACE('',(#8868),#9472,.T.);
#9936=ADVANCED_FACE('',(#8869),#9473,.T.);
#9937=ADVANCED_FACE('',(#8870),#9474,.F.);
#9938=ADVANCED_FACE('',(#8871),#9475,.F.);
#9939=ADVANCED_FACE('',(#8872),#9476,.T.);
#9940=ADVANCED_FACE('',(#8873),#9477,.T.);
#9941=ADVANCED_FACE('',(#8874),#9478,.F.);
#9942=ADVANCED_FACE('',(#8875),#9479,.F.);
#9943=ADVANCED_FACE('',(#8876),#9480,.T.);
#9944=ADVANCED_FACE('',(#8877),#9481,.T.);
#9945=ADVANCED_FACE('',(#8878),#9482,.F.);
#9946=ADVANCED_FACE('',(#8879),#9483,.F.);
#9947=ADVANCED_FACE('',(#8880),#9484,.T.);
#9948=ADVANCED_FACE('',(#8881),#9485,.T.);
#9949=ADVANCED_FACE('',(#8882),#9486,.F.);
#9950=ADVANCED_FACE('',(#8883),#9487,.F.);
#9951=ADVANCED_FACE('',(#8884),#9488,.T.);
#9952=ADVANCED_FACE('',(#8885),#9489,.T.);
#9953=ADVANCED_FACE('',(#8886),#9490,.F.);
#9954=ADVANCED_FACE('',(#8887),#9491,.F.);
#9955=ADVANCED_FACE('',(#8888),#9492,.T.);
#9956=ADVANCED_FACE('',(#8889),#9493,.T.);
#9957=ADVANCED_FACE('',(#8890),#9494,.F.);
#9958=ADVANCED_FACE('',(#8891),#9495,.F.);
#9959=ADVANCED_FACE('',(#8892),#9496,.T.);
#9960=ADVANCED_FACE('',(#8893),#9497,.T.);
#9961=ADVANCED_FACE('',(#8894),#9498,.F.);
#9962=ADVANCED_FACE('',(#8895),#9499,.F.);
#9963=ADVANCED_FACE('',(#8896),#9500,.T.);
#9964=ADVANCED_FACE('',(#8897),#9501,.T.);
#9965=ADVANCED_FACE('',(#8898),#9502,.F.);
#9966=ADVANCED_FACE('',(#8899),#9503,.F.);
#9967=ADVANCED_FACE('',(#8900),#9504,.T.);
#9968=ADVANCED_FACE('',(#8901),#9505,.T.);
#9969=ADVANCED_FACE('',(#8902),#9506,.F.);
#9970=ADVANCED_FACE('',(#8903),#9507,.F.);
#9971=ADVANCED_FACE('',(#8904),#9508,.T.);
#9972=ADVANCED_FACE('',(#8905),#9509,.T.);
#9973=ADVANCED_FACE('',(#8906),#9510,.F.);
#9974=ADVANCED_FACE('',(#8907),#9511,.F.);
#9975=ADVANCED_FACE('',(#8908),#9512,.T.);
#9976=ADVANCED_FACE('',(#8909),#9513,.T.);
#9977=ADVANCED_FACE('',(#8910),#9514,.F.);
#9978=ADVANCED_FACE('',(#8911),#9515,.F.);
#9979=ADVANCED_FACE('',(#8912),#9516,.T.);
#9980=ADVANCED_FACE('',(#8913),#9517,.T.);
#9981=ADVANCED_FACE('',(#8914),#9518,.F.);
#9982=ADVANCED_FACE('',(#8915),#9519,.F.);
#9983=ADVANCED_FACE('',(#8916),#9520,.T.);
#9984=ADVANCED_FACE('',(#8917),#9521,.T.);
#9985=ADVANCED_FACE('',(#8918),#9522,.F.);
#9986=ADVANCED_FACE('',(#8919),#9523,.F.);
#9987=ADVANCED_FACE('',(#8920),#9524,.T.);
#9988=ADVANCED_FACE('',(#8921),#9525,.T.);
#9989=ADVANCED_FACE('',(#8922),#9526,.F.);
#9990=ADVANCED_FACE('',(#8923),#9527,.F.);
#9991=ADVANCED_FACE('',(#8924),#9528,.T.);
#9992=ADVANCED_FACE('',(#8925),#9529,.T.);
#9993=ADVANCED_FACE('',(#8926),#9530,.F.);
#9994=ADVANCED_FACE('',(#8927),#9531,.F.);
#9995=ADVANCED_FACE('',(#8928),#9532,.T.);
#9996=ADVANCED_FACE('',(#8929),#9533,.T.);
#9997=ADVANCED_FACE('',(#8930),#9534,.T.);
#9998=ADVANCED_FACE('',(#8931),#9535,.T.);
#9999=ADVANCED_FACE('',(#8932),#9536,.T.);
#10000=ADVANCED_FACE('',(#8933),#9537,.F.);
#10001=ADVANCED_FACE('',(#8934),#9538,.F.);
#10002=ADVANCED_FACE('',(#8935),#9539,.T.);
#10003=ADVANCED_FACE('',(#8936),#9540,.T.);
#10004=ADVANCED_FACE('',(#8937),#9541,.F.);
#10005=ADVANCED_FACE('',(#8938),#9542,.F.);
#10006=ADVANCED_FACE('',(#8939),#9543,.T.);
#10007=ADVANCED_FACE('',(#8940),#9544,.T.);
#10008=ADVANCED_FACE('',(#8941),#9545,.F.);
#10009=ADVANCED_FACE('',(#8942),#9546,.F.);
#10010=ADVANCED_FACE('',(#8943),#9547,.T.);
#10011=ADVANCED_FACE('',(#8944),#9548,.T.);
#10012=ADVANCED_FACE('',(#8945),#9549,.F.);
#10013=ADVANCED_FACE('',(#8946),#9550,.F.);
#10014=ADVANCED_FACE('',(#8947),#9551,.T.);
#10015=ADVANCED_FACE('',(#8948),#9552,.T.);
#10016=ADVANCED_FACE('',(#8949),#9553,.F.);
#10017=ADVANCED_FACE('',(#8950),#9554,.F.);
#10018=ADVANCED_FACE('',(#8951),#9555,.T.);
#10019=ADVANCED_FACE('',(#8952),#9556,.T.);
#10020=ADVANCED_FACE('',(#8953),#9557,.F.);
#10021=ADVANCED_FACE('',(#8954),#9558,.F.);
#10022=ADVANCED_FACE('',(#8955),#9559,.T.);
#10023=ADVANCED_FACE('',(#8956),#9560,.T.);
#10024=ADVANCED_FACE('',(#8957),#9561,.F.);
#10025=ADVANCED_FACE('',(#8958),#9562,.F.);
#10026=ADVANCED_FACE('',(#8959),#9563,.T.);
#10027=ADVANCED_FACE('',(#8960),#9564,.T.);
#10028=ADVANCED_FACE('',(#8961),#9565,.F.);
#10029=ADVANCED_FACE('',(#8962),#9566,.F.);
#10030=ADVANCED_FACE('',(#8963),#9567,.T.);
#10031=ADVANCED_FACE('',(#8964),#9568,.T.);
#10032=ADVANCED_FACE('',(#8965),#9569,.F.);
#10033=ADVANCED_FACE('',(#8966),#9570,.F.);
#10034=ADVANCED_FACE('',(#8967),#9571,.T.);
#10035=ADVANCED_FACE('',(#8968),#9572,.T.);
#10036=ADVANCED_FACE('',(#8969),#9573,.T.);
#10037=ADVANCED_FACE('',(#8970,#8971),#33,.F.);
#10038=ADVANCED_FACE('',(#8972,#8973),#12,.T.);
#10039=ADVANCED_FACE('',(#8974),#9574,.F.);
#10040=ADVANCED_FACE('',(#8975),#9575,.F.);
#10041=ADVANCED_FACE('',(#8976),#9576,.T.);
#10042=ADVANCED_FACE('',(#8977),#9577,.T.);
#10043=ADVANCED_FACE('',(#8978),#9578,.F.);
#10044=ADVANCED_FACE('',(#8979),#9579,.F.);
#10045=ADVANCED_FACE('',(#8980),#9580,.F.);
#10046=ADVANCED_FACE('',(#8981),#9581,.T.);
#10047=ADVANCED_FACE('',(#8982),#9582,.T.);
#10048=ADVANCED_FACE('',(#8983),#9583,.T.);
#10049=ADVANCED_FACE('',(#8984),#34,.T.);
#10050=ADVANCED_FACE('',(#8985),#35,.T.);
#10051=ADVANCED_FACE('',(#8986),#36,.F.);
#10052=ADVANCED_FACE('',(#8987),#37,.F.);
#10053=ADVANCED_FACE('',(#8988),#38,.T.);
#10054=ADVANCED_FACE('',(#8989),#10,.T.);
#10055=ADVANCED_FACE('',(#8990),#39,.T.);
#10056=ADVANCED_FACE('',(#8991),#11,.T.);
#10057=ADVANCED_FACE('',(#8992),#40,.T.);
#10058=ADVANCED_FACE('',(#8993),#13,.F.);
#10059=ADVANCED_FACE('',(#8994),#41,.F.);
#10060=ADVANCED_FACE('',(#8995),#14,.F.);
#10061=ADVANCED_FACE('',(#8996,#8997),#42,.F.);
#10062=ADVANCED_FACE('',(#8998,#8999),#43,.F.);
#10063=ADVANCED_FACE('',(#9000),#9584,.T.);
#10064=ADVANCED_FACE('',(#9001),#9585,.T.);
#10065=ADVANCED_FACE('',(#9002),#9586,.T.);
#10066=ADVANCED_FACE('',(#9003),#9587,.T.);
#10067=ADVANCED_FACE('',(#9004),#9588,.T.);
#10068=ADVANCED_FACE('',(#9005),#9589,.T.);
#10069=ADVANCED_FACE('',(#9006),#9590,.T.);
#10070=ADVANCED_FACE('',(#9007),#9591,.F.);
#10071=ADVANCED_FACE('',(#9008,#9009),#9592,.T.);
#10072=ADVANCED_FACE('',(#9010,#9011),#9593,.T.);
#10073=ADVANCED_FACE('',(#9012),#9594,.F.);
#10074=ADVANCED_FACE('',(#9013),#9595,.F.);
#10075=ADVANCED_FACE('',(#9014),#9596,.T.);
#10076=ADVANCED_FACE('',(#9015),#9597,.T.);
#10077=ADVANCED_FACE('',(#9016),#9598,.F.);
#10078=ADVANCED_FACE('',(#9017),#9599,.F.);
#10079=ADVANCED_FACE('',(#9018),#9600,.T.);
#10080=ADVANCED_FACE('',(#9019),#9601,.T.);
#10081=ADVANCED_FACE('',(#9020),#9602,.F.);
#10082=ADVANCED_FACE('',(#9021),#44,.F.);
#10083=ADVANCED_FACE('',(#9022),#45,.F.);
#10084=ADVANCED_FACE('',(#9023,#9024),#9603,.T.);
#10085=ADVANCED_FACE('',(#9025),#9604,.T.);
#10086=ADVANCED_FACE('',(#9026),#9605,.T.);
#10087=ADVANCED_FACE('',(#9027),#9606,.T.);
#10088=ADVANCED_FACE('',(#9028),#46,.T.);
#10089=ADVANCED_FACE('',(#9029),#9607,.F.);
#10090=ADVANCED_FACE('',(#9030),#47,.T.);
#10091=ADVANCED_FACE('',(#9031,#9032),#48,.F.);
#10092=ADVANCED_FACE('',(#9033,#9034),#49,.F.);
#10093=ADVANCED_FACE('',(#9035),#9608,.F.);
#10094=ADVANCED_FACE('',(#9036),#9609,.F.);
#10095=ADVANCED_FACE('',(#9037),#9610,.T.);
#10096=ADVANCED_FACE('',(#9038),#50,.T.);
#10097=ADVANCED_FACE('',(#9039),#9611,.F.);
#10098=ADVANCED_FACE('',(#9040),#51,.T.);
#10099=ADVANCED_FACE('',(#9041,#9042),#52,.F.);
#10100=ADVANCED_FACE('',(#9043,#9044),#53,.F.);
#10101=ADVANCED_FACE('',(#9045,#9046,#9047),#9612,.F.);
#10102=ADVANCED_FACE('',(#9048),#9613,.F.);
#10103=ADVANCED_FACE('',(#9049),#9614,.T.);
#10104=ADVANCED_FACE('',(#9050,#9051,#9052),#9615,.T.);
#10105=ADVANCED_FACE('',(#9053),#9616,.T.);
#10106=ADVANCED_FACE('',(#9054,#9055,#9056),#9617,.T.);
#10107=ADVANCED_FACE('',(#9057),#9618,.T.);
#10108=ADVANCED_FACE('',(#9058),#9619,.F.);
#10109=ADVANCED_FACE('',(#9059),#9620,.T.);
#10110=ADVANCED_FACE('',(#9060),#9621,.F.);
#10111=ADVANCED_FACE('',(#9061),#9622,.F.);
#10112=ADVANCED_FACE('',(#9062),#9623,.T.);
#10113=ADVANCED_FACE('',(#9063),#9624,.T.);
#10114=ADVANCED_FACE('',(#9064),#9625,.F.);
#10115=ADVANCED_FACE('',(#9065),#9626,.F.);
#10116=ADVANCED_FACE('',(#9066),#9627,.T.);
#10117=ADVANCED_FACE('',(#9067),#9628,.T.);
#10118=ADVANCED_FACE('',(#9068),#9629,.F.);
#10119=ADVANCED_FACE('',(#9069),#9630,.F.);
#10120=ADVANCED_FACE('',(#9070),#9631,.T.);
#10121=ADVANCED_FACE('',(#9071),#9632,.T.);
#10122=ADVANCED_FACE('',(#9072),#9633,.F.);
#10123=ADVANCED_FACE('',(#9073),#9634,.F.);
#10124=ADVANCED_FACE('',(#9074),#9635,.T.);
#10125=ADVANCED_FACE('',(#9075),#9636,.T.);
#10126=ADVANCED_FACE('',(#9076),#9637,.F.);
#10127=ADVANCED_FACE('',(#9077),#9638,.F.);
#10128=ADVANCED_FACE('',(#9078),#9639,.T.);
#10129=ADVANCED_FACE('',(#9079),#9640,.T.);
#10130=ADVANCED_FACE('',(#9080),#9641,.F.);
#10131=ADVANCED_FACE('',(#9081),#9642,.F.);
#10132=ADVANCED_FACE('',(#9082),#9643,.T.);
#10133=ADVANCED_FACE('',(#9083),#9644,.T.);
#10134=ADVANCED_FACE('',(#9084),#9645,.F.);
#10135=ADVANCED_FACE('',(#9085),#9646,.F.);
#10136=ADVANCED_FACE('',(#9086),#9647,.T.);
#10137=ADVANCED_FACE('',(#9087),#9648,.T.);
#10138=ADVANCED_FACE('',(#9088),#9649,.F.);
#10139=ADVANCED_FACE('',(#9089),#9650,.F.);
#10140=ADVANCED_FACE('',(#9090),#9651,.T.);
#10141=ADVANCED_FACE('',(#9091),#9652,.T.);
#10142=ADVANCED_FACE('',(#9092),#9653,.F.);
#10143=ADVANCED_FACE('',(#9093),#9654,.F.);
#10144=ADVANCED_FACE('',(#9094),#9655,.T.);
#10145=ADVANCED_FACE('',(#9095),#9656,.T.);
#10146=ADVANCED_FACE('',(#9096),#9657,.F.);
#10147=ADVANCED_FACE('',(#9097),#9658,.F.);
#10148=ADVANCED_FACE('',(#9098),#9659,.T.);
#10149=ADVANCED_FACE('',(#9099),#9660,.T.);
#10150=ADVANCED_FACE('',(#9100),#9661,.F.);
#10151=ADVANCED_FACE('',(#9101),#9662,.F.);
#10152=ADVANCED_FACE('',(#9102),#9663,.T.);
#10153=ADVANCED_FACE('',(#9103),#9664,.T.);
#10154=ADVANCED_FACE('',(#9104),#9665,.F.);
#10155=ADVANCED_FACE('',(#9105),#9666,.F.);
#10156=ADVANCED_FACE('',(#9106),#9667,.T.);
#10157=ADVANCED_FACE('',(#9107),#9668,.T.);
#10158=ADVANCED_FACE('',(#9108),#9669,.F.);
#10159=ADVANCED_FACE('',(#9109),#9670,.F.);
#10160=ADVANCED_FACE('',(#9110),#9671,.T.);
#10161=ADVANCED_FACE('',(#9111),#9672,.T.);
#10162=ADVANCED_FACE('',(#9112),#9673,.F.);
#10163=ADVANCED_FACE('',(#9113),#9674,.F.);
#10164=ADVANCED_FACE('',(#9114),#9675,.T.);
#10165=ADVANCED_FACE('',(#9115),#9676,.T.);
#10166=ADVANCED_FACE('',(#9116),#9677,.F.);
#10167=ADVANCED_FACE('',(#9117),#9678,.F.);
#10168=ADVANCED_FACE('',(#9118),#9679,.T.);
#10169=ADVANCED_FACE('',(#9119),#9680,.T.);
#10170=ADVANCED_FACE('',(#9120),#9681,.F.);
#10171=ADVANCED_FACE('',(#9121),#9682,.F.);
#10172=ADVANCED_FACE('',(#9122),#9683,.T.);
#10173=ADVANCED_FACE('',(#9123),#9684,.T.);
#10174=ADVANCED_FACE('',(#9124),#9685,.F.);
#10175=ADVANCED_FACE('',(#9125),#9686,.F.);
#10176=ADVANCED_FACE('',(#9126),#9687,.T.);
#10177=ADVANCED_FACE('',(#9127),#9688,.T.);
#10178=ADVANCED_FACE('',(#9128),#9689,.F.);
#10179=ADVANCED_FACE('',(#9129),#9690,.F.);
#10180=ADVANCED_FACE('',(#9130),#9691,.T.);
#10181=ADVANCED_FACE('',(#9131),#9692,.T.);
#10182=ADVANCED_FACE('',(#9132),#9693,.F.);
#10183=ADVANCED_FACE('',(#9133),#9694,.F.);
#10184=ADVANCED_FACE('',(#9134),#9695,.T.);
#10185=ADVANCED_FACE('',(#9135),#9696,.T.);
#10186=ADVANCED_FACE('',(#9136),#9697,.F.);
#10187=ADVANCED_FACE('',(#9137),#9698,.F.);
#10188=ADVANCED_FACE('',(#9138),#9699,.T.);
#10189=ADVANCED_FACE('',(#9139),#9700,.T.);
#10190=ADVANCED_FACE('',(#9140),#9701,.F.);
#10191=ADVANCED_FACE('',(#9141),#9702,.F.);
#10192=ADVANCED_FACE('',(#9142),#9703,.T.);
#10193=ADVANCED_FACE('',(#9143),#9704,.T.);
#10194=ADVANCED_FACE('',(#9144),#9705,.F.);
#10195=ADVANCED_FACE('',(#9145),#9706,.F.);
#10196=ADVANCED_FACE('',(#9146),#9707,.T.);
#10197=ADVANCED_FACE('',(#9147),#9708,.T.);
#10198=ADVANCED_FACE('',(#9148),#9709,.F.);
#10199=ADVANCED_FACE('',(#9149),#9710,.F.);
#10200=ADVANCED_FACE('',(#9150),#9711,.T.);
#10201=ADVANCED_FACE('',(#9151),#9712,.T.);
#10202=ADVANCED_FACE('',(#9152),#9713,.F.);
#10203=ADVANCED_FACE('',(#9153),#9714,.F.);
#10204=ADVANCED_FACE('',(#9154),#9715,.T.);
#10205=ADVANCED_FACE('',(#9155),#9716,.T.);
#10206=ADVANCED_FACE('',(#9156),#9717,.F.);
#10207=ADVANCED_FACE('',(#9157),#9718,.F.);
#10208=ADVANCED_FACE('',(#9158),#9719,.T.);
#10209=ADVANCED_FACE('',(#9159),#9720,.T.);
#10210=ADVANCED_FACE('',(#9160),#9721,.F.);
#10211=ADVANCED_FACE('',(#9161),#9722,.F.);
#10212=ADVANCED_FACE('',(#9162),#9723,.T.);
#10213=ADVANCED_FACE('',(#9163),#9724,.T.);
#10214=ADVANCED_FACE('',(#9164),#9725,.F.);
#10215=ADVANCED_FACE('',(#9165),#9726,.F.);
#10216=ADVANCED_FACE('',(#9166),#9727,.T.);
#10217=ADVANCED_FACE('',(#9167),#9728,.T.);
#10218=ADVANCED_FACE('',(#9168),#9729,.F.);
#10219=ADVANCED_FACE('',(#9169),#9730,.F.);
#10220=ADVANCED_FACE('',(#9170),#9731,.T.);
#10221=ADVANCED_FACE('',(#9171),#9732,.T.);
#10222=ADVANCED_FACE('',(#9172),#9733,.F.);
#10223=ADVANCED_FACE('',(#9173),#9734,.F.);
#10224=ADVANCED_FACE('',(#9174),#9735,.T.);
#10225=ADVANCED_FACE('',(#9175),#9736,.T.);
#10226=ADVANCED_FACE('',(#9176),#9737,.F.);
#10227=ADVANCED_FACE('',(#9177),#9738,.F.);
#10228=ADVANCED_FACE('',(#9178),#9739,.T.);
#10229=ADVANCED_FACE('',(#9179),#9740,.T.);
#10230=ADVANCED_FACE('',(#9180),#9741,.F.);
#10231=ADVANCED_FACE('',(#9181),#9742,.F.);
#10232=ADVANCED_FACE('',(#9182),#9743,.T.);
#10233=ADVANCED_FACE('',(#9183),#9744,.T.);
#10234=ADVANCED_FACE('',(#9184),#9745,.F.);
#10235=ADVANCED_FACE('',(#9185),#9746,.F.);
#10236=ADVANCED_FACE('',(#9186),#9747,.T.);
#10237=ADVANCED_FACE('',(#9187),#9748,.T.);
#10238=ADVANCED_FACE('',(#9188),#9749,.F.);
#10239=ADVANCED_FACE('',(#9189),#9750,.F.);
#10240=ADVANCED_FACE('',(#9190),#9751,.T.);
#10241=ADVANCED_FACE('',(#9191),#9752,.T.);
#10242=ADVANCED_FACE('',(#9192),#9753,.F.);
#10243=ADVANCED_FACE('',(#9193),#9754,.F.);
#10244=ADVANCED_FACE('',(#9194),#9755,.T.);
#10245=ADVANCED_FACE('',(#9195),#9756,.T.);
#10246=ADVANCED_FACE('',(#9196),#9757,.F.);
#10247=ADVANCED_FACE('',(#9197),#9758,.F.);
#10248=ADVANCED_FACE('',(#9198),#9759,.T.);
#10249=ADVANCED_FACE('',(#9199),#9760,.T.);
#10250=ADVANCED_FACE('',(#9200),#9761,.F.);
#10251=ADVANCED_FACE('',(#9201),#9762,.F.);
#10252=ADVANCED_FACE('',(#9202),#9763,.T.);
#10253=ADVANCED_FACE('',(#9203),#9764,.T.);
#10254=ADVANCED_FACE('',(#9204),#9765,.F.);
#10255=ADVANCED_FACE('',(#9205),#9766,.F.);
#10256=ADVANCED_FACE('',(#9206),#9767,.T.);
#10257=ADVANCED_FACE('',(#9207),#9768,.T.);
#10258=ADVANCED_FACE('',(#9208),#9769,.F.);
#10259=ADVANCED_FACE('',(#9209),#9770,.F.);
#10260=ADVANCED_FACE('',(#9210),#9771,.T.);
#10261=ADVANCED_FACE('',(#9211),#9772,.T.);
#10262=ADVANCED_FACE('',(#9212),#9773,.F.);
#10263=ADVANCED_FACE('',(#9213),#9774,.F.);
#10264=ADVANCED_FACE('',(#9214),#9775,.T.);
#10265=ADVANCED_FACE('',(#9215),#9776,.T.);
#10266=ADVANCED_FACE('',(#9216),#9777,.F.);
#10267=ADVANCED_FACE('',(#9217),#9778,.F.);
#10268=ADVANCED_FACE('',(#9218),#9779,.T.);
#10269=ADVANCED_FACE('',(#9219),#9780,.T.);
#10270=ADVANCED_FACE('',(#9220),#9781,.F.);
#10271=ADVANCED_FACE('',(#9221),#9782,.F.);
#10272=ADVANCED_FACE('',(#9222),#9783,.T.);
#10273=ADVANCED_FACE('',(#9223),#9784,.T.);
#10274=ADVANCED_FACE('',(#9224),#9785,.F.);
#10275=ADVANCED_FACE('',(#9225),#9786,.F.);
#10276=ADVANCED_FACE('',(#9226),#9787,.T.);
#10277=ADVANCED_FACE('',(#9227),#9788,.T.);
#10278=ADVANCED_FACE('',(#9228),#9789,.F.);
#10279=ADVANCED_FACE('',(#9229),#9790,.F.);
#10280=ADVANCED_FACE('',(#9230),#9791,.T.);
#10281=ADVANCED_FACE('',(#9231),#9792,.F.);
#10282=ADVANCED_FACE('',(#9232),#9793,.T.);
#10283=ADVANCED_FACE('',(#9233),#9794,.F.);
#10284=ADVANCED_FACE('',(#9234),#9795,.F.);
#10285=ADVANCED_FACE('',(#9235),#9796,.T.);
#10286=ADVANCED_FACE('',(#9236),#9797,.T.);
#10287=ADVANCED_FACE('',(#9237),#9798,.F.);
#10288=ADVANCED_FACE('',(#9238),#9799,.F.);
#10289=ADVANCED_FACE('',(#9239),#9800,.T.);
#10290=ADVANCED_FACE('',(#9240),#9801,.T.);
#10291=ADVANCED_FACE('',(#9241),#9802,.F.);
#10292=ADVANCED_FACE('',(#9242),#9803,.F.);
#10293=ADVANCED_FACE('',(#9243),#9804,.T.);
#10294=ADVANCED_FACE('',(#9244),#9805,.T.);
#10295=ADVANCED_FACE('',(#9245),#9806,.F.);
#10296=ADVANCED_FACE('',(#9246),#9807,.F.);
#10297=ADVANCED_FACE('',(#9247),#9808,.T.);
#10298=ADVANCED_FACE('',(#9248),#9809,.T.);
#10299=ADVANCED_FACE('',(#9249),#9810,.F.);
#10300=ADVANCED_FACE('',(#9250),#9811,.F.);
#10301=ADVANCED_FACE('',(#9251),#9812,.T.);
#10302=ADVANCED_FACE('',(#9252),#9813,.T.);
#10303=ADVANCED_FACE('',(#9253),#9814,.F.);
#10304=ADVANCED_FACE('',(#9254),#9815,.F.);
#10305=ADVANCED_FACE('',(#9255),#9816,.T.);
#10306=ADVANCED_FACE('',(#9256,#9257),#54,.F.);
#10307=ADVANCED_FACE('',(#9258,#9259),#55,.F.);
#10308=ADVANCED_FACE('',(#9260),#56,.T.);
#10309=ADVANCED_FACE('',(#9261),#57,.T.);
#10310=ADVANCED_FACE('',(#9262),#9817,.F.);
#10311=ADVANCED_FACE('',(#9263),#9818,.F.);
#10312=ADVANCED_FACE('',(#9264),#9819,.F.);
#10313=ADVANCED_FACE('',(#9265),#9820,.F.);
#10314=ADVANCED_FACE('',(#9266),#9821,.F.);
#10315=ADVANCED_FACE('',(#9267),#9822,.F.);
#10316=ADVANCED_FACE('',(#9268),#9823,.T.);
#10317=ADVANCED_FACE('',(#9269),#9824,.F.);
#10318=ADVANCED_FACE('',(#9270),#9825,.T.);
#10319=ADVANCED_FACE('',(#9271),#9826,.F.);
#10320=ADVANCED_FACE('',(#9272),#9827,.T.);
#10321=ADVANCED_FACE('',(#9273),#9828,.F.);
#10322=ADVANCED_FACE('',(#9274),#9829,.T.);
#10323=ADVANCED_FACE('',(#9275),#9830,.F.);
#10324=ADVANCED_FACE('',(#9276),#9831,.T.);
#10325=ADVANCED_FACE('',(#9277),#9832,.F.);
#10326=ADVANCED_FACE('',(#9278),#9833,.T.);
#10327=ADVANCED_FACE('',(#9279),#9834,.F.);
#10328=ADVANCED_FACE('',(#9280),#9835,.T.);
#10329=ADVANCED_FACE('',(#9281),#9836,.F.);
#10330=ADVANCED_FACE('',(#9282,#9283,#9284,#9285,#9286,#9287,#9288,#9289,
#9290,#9291,#9292,#9293,#9294,#9295,#9296,#9297,#9298,#9299,#9300,#9301,
#9302,#9303,#9304,#9305,#9306,#9307,#9308,#9309,#9310,#9311,#9312,#9313,
#9314,#9315,#9316,#9317,#9318,#9319,#9320,#9321,#9322,#9323,#9324,#9325,
#9326,#9327,#9328,#9329,#9330,#9331,#9332,#9333),#9837,.F.);
#10331=ADVANCED_FACE('',(#9334,#9335,#9336,#9337,#9338,#9339,#9340,#9341,
#9342,#9343,#9344,#9345,#9346,#9347,#9348,#9349,#9350,#9351,#9352,#9353,
#9354,#9355,#9356,#9357,#9358,#9359,#9360,#9361,#9362,#9363,#9364,#9365,
#9366,#9367,#9368,#9369,#9370,#9371,#9372,#9373,#9374,#9375,#9376,#9377,
#9378,#9379,#9380,#9381,#9382,#9383,#9384,#9385),#9838,.T.);
#10332=ADVANCED_FACE('',(#9386),#9839,.F.);
#10333=ADVANCED_FACE('',(#9387),#9840,.F.);
#10334=ADVANCED_FACE('',(#9388),#9841,.F.);
#10335=ADVANCED_FACE('',(#9389),#9842,.F.);
#10336=ADVANCED_FACE('',(#9390),#9843,.F.);
#10337=ADVANCED_FACE('',(#9391),#9844,.F.);
#10338=ADVANCED_FACE('',(#9392),#9845,.F.);
#10339=CLOSED_SHELL('',(#9846,#9847,#9848,#9849,#9850,#9851,#9852,#9853,
#9854,#9855,#9856,#9857,#9858,#9859,#9860,#9861,#9862,#9863,#9864,#9865));
#10340=CLOSED_SHELL('',(#9866,#9867,#9868,#9869,#9870,#9871,#9872,#9873,
#9874,#9875,#9876,#9877,#9878,#9879,#9880,#9881,#9882,#9883,#9884,#9885,
#9886,#9887,#9888,#9889,#9890,#9891,#9892,#9893,#9894,#9895,#9896,#9897,
#9898,#9899,#9900,#9901,#9902,#9903,#9904,#9905,#9906,#9907,#9908,#9909,
#9910,#9911,#9912,#9913,#9914,#9915,#9916,#9917,#9918,#9919,#9920,#9921,
#9922,#9923,#9924,#9925,#9926,#9927,#9928,#9929,#9930,#9931,#9932,#9933,
#9934,#9935,#9936,#9937,#9938,#9939,#9940,#9941,#9942,#9943,#9944,#9945,
#9946,#9947,#9948,#9949,#9950,#9951,#9952,#9953,#9954,#9955,#9956,#9957,
#9958,#9959,#9960,#9961,#9962,#9963,#9964,#9965,#9966,#9967,#9968,#9969,
#9970,#9971,#9972,#9973,#9974,#9975,#9976,#9977,#9978,#9979,#9980,#9981,
#9982,#9983,#9984,#9985,#9986,#9987,#9988,#9989,#9990,#9991,#9992,#9993,
#9994,#9995,#9996,#9997,#9998,#9999,#10000,#10001,#10002,#10003,#10004,
#10005,#10006,#10007,#10008,#10009,#10010,#10011,#10012,#10013,#10014,#10015,
#10016,#10017,#10018,#10019,#10020,#10021,#10022,#10023,#10024,#10025,#10026,
#10027,#10028,#10029,#10030,#10031,#10032,#10033,#10034,#10035,#10036,#10037,
#10038,#10039,#10040,#10041,#10042,#10043,#10044,#10045,#10046,#10047,#10048,
#10049,#10050,#10051,#10052,#10053,#10054,#10055,#10056,#10057,#10058,#10059,
#10060,#10061,#10062,#10063,#10064,#10065,#10066,#10067,#10068,#10069,#10070,
#10071,#10072,#10073,#10074,#10075,#10076,#10077,#10078,#10079,#10080,#10081,
#10082,#10083,#10084));
#10341=CLOSED_SHELL('',(#10085,#10086,#10087,#10088,#10089,#10090,#10091,
#10092,#10093,#10094,#10095,#10096,#10097,#10098,#10099,#10100,#10101,#10102,
#10103,#10104,#10105,#10106,#10107,#10108));
#10342=CLOSED_SHELL('',(#10109,#10110,#10111,#10112,#10113,#10114,#10115,
#10116,#10117,#10118,#10119,#10120,#10121,#10122,#10123,#10124,#10125,#10126,
#10127,#10128,#10129,#10130,#10131,#10132,#10133,#10134,#10135,#10136,#10137,
#10138,#10139,#10140,#10141,#10142,#10143,#10144,#10145,#10146,#10147,#10148,
#10149,#10150,#10151,#10152,#10153,#10154,#10155,#10156,#10157,#10158,#10159,
#10160,#10161,#10162,#10163,#10164,#10165,#10166,#10167,#10168,#10169,#10170,
#10171,#10172,#10173,#10174,#10175,#10176,#10177,#10178,#10179,#10180,#10181,
#10182,#10183,#10184,#10185,#10186,#10187,#10188,#10189,#10190,#10191,#10192,
#10193,#10194,#10195,#10196,#10197,#10198,#10199,#10200,#10201,#10202,#10203,
#10204,#10205,#10206,#10207,#10208,#10209,#10210,#10211,#10212,#10213,#10214,
#10215,#10216,#10217,#10218,#10219,#10220,#10221,#10222,#10223,#10224,#10225,
#10226,#10227,#10228,#10229,#10230,#10231,#10232,#10233,#10234,#10235,#10236,
#10237,#10238,#10239,#10240,#10241,#10242,#10243,#10244,#10245,#10246,#10247,
#10248,#10249,#10250,#10251,#10252,#10253,#10254,#10255,#10256,#10257,#10258,
#10259,#10260,#10261,#10262,#10263,#10264,#10265,#10266,#10267,#10268,#10269,
#10270,#10271,#10272,#10273,#10274,#10275,#10276,#10277,#10278,#10279,#10280,
#10281,#10282,#10283,#10284,#10285,#10286,#10287,#10288,#10289,#10290,#10291,
#10292,#10293,#10294,#10295,#10296,#10297,#10298,#10299,#10300,#10301,#10302,
#10303,#10304,#10305,#10306,#10307,#10308,#10309,#10310,#10311,#10312,#10313,
#10314,#10315,#10316,#10317,#10318,#10319,#10320,#10321,#10322,#10323,#10324,
#10325,#10326,#10327,#10328,#10329,#10330,#10331,#10332,#10333,#10334,#10335,
#10336,#10337,#10338));
#10343=STYLED_ITEM('',(#10347),#10374);
#10344=STYLED_ITEM('',(#10348),#10375);
#10345=STYLED_ITEM('',(#10349),#10376);
#10346=STYLED_ITEM('',(#10350),#10377);
#10347=PRESENTATION_STYLE_ASSIGNMENT((#10351));
#10348=PRESENTATION_STYLE_ASSIGNMENT((#10352));
#10349=PRESENTATION_STYLE_ASSIGNMENT((#10353));
#10350=PRESENTATION_STYLE_ASSIGNMENT((#10354));
#10351=SURFACE_STYLE_USAGE(.BOTH.,#10355);
#10352=SURFACE_STYLE_USAGE(.BOTH.,#10356);
#10353=SURFACE_STYLE_USAGE(.BOTH.,#10357);
#10354=SURFACE_STYLE_USAGE(.BOTH.,#10358);
#10355=SURFACE_SIDE_STYLE('',(#10359));
#10356=SURFACE_SIDE_STYLE('',(#10360));
#10357=SURFACE_SIDE_STYLE('',(#10361));
#10358=SURFACE_SIDE_STYLE('',(#10362));
#10359=SURFACE_STYLE_FILL_AREA(#10363);
#10360=SURFACE_STYLE_FILL_AREA(#10364);
#10361=SURFACE_STYLE_FILL_AREA(#10365);
#10362=SURFACE_STYLE_FILL_AREA(#10366);
#10363=FILL_AREA_STYLE('',(#10367));
#10364=FILL_AREA_STYLE('',(#10368));
#10365=FILL_AREA_STYLE('',(#10369));
#10366=FILL_AREA_STYLE('',(#10370));
#10367=FILL_AREA_STYLE_COLOUR('',#10371);
#10368=FILL_AREA_STYLE_COLOUR('',#10372);
#10369=FILL_AREA_STYLE_COLOUR('',#10371);
#10370=FILL_AREA_STYLE_COLOUR('',#10373);
#10371=COLOUR_RGB('',0.231372549019608,0.380392156862745,0.705882352941177);
#10372=COLOUR_RGB('',0.768627450980392,0.886274509803922,0.952941176470588);
#10373=COLOUR_RGB('',0.917647058823529,0.917647058823529,0.917647058823529);
#10374=MANIFOLD_SOLID_BREP('Left bottom case',#10339);
#10375=MANIFOLD_SOLID_BREP('Right top plate',#10340);
#10376=MANIFOLD_SOLID_BREP('Right bottom case',#10341);
#10377=MANIFOLD_SOLID_BREP('Left top plate',#10342);
#10378=SHAPE_DEFINITION_REPRESENTATION(#16317,#10382);
#10379=SHAPE_DEFINITION_REPRESENTATION(#16318,#10383);
#10380=SHAPE_DEFINITION_REPRESENTATION(#16319,#10384);
#10381=SHAPE_DEFINITION_REPRESENTATION(#16320,#10385);
#10382=SHAPE_REPRESENTATION('Left bottom case',(#10386),#16297);
#10383=SHAPE_REPRESENTATION('Right top plate',(#10423),#16298);
#10384=SHAPE_REPRESENTATION('Right bottom case',(#10676),#16299);
#10385=SHAPE_REPRESENTATION('Left top plate',(#10717),#16300);
#10386=AXIS2_PLACEMENT_3D('',#13436,#10956,#10957);
#10387=AXIS2_PLACEMENT_3D('',#13437,#10958,#10959);
#10388=AXIS2_PLACEMENT_3D('',#13446,#10964,#10965);
#10389=AXIS2_PLACEMENT_3D('',#13455,#10970,#10971);
#10390=AXIS2_PLACEMENT_3D('',#13464,#10976,#10977);
#10391=AXIS2_PLACEMENT_3D('',#13466,#10979,#10980);
#10392=AXIS2_PLACEMENT_3D('',#13467,#10981,#10982);
#10393=AXIS2_PLACEMENT_3D('',#13468,#10983,#10984);
#10394=AXIS2_PLACEMENT_3D('',#13470,#10985,#10986);
#10395=AXIS2_PLACEMENT_3D('',#13472,#10987,#10988);
#10396=AXIS2_PLACEMENT_3D('',#13473,#10989,#10990);
#10397=AXIS2_PLACEMENT_3D('',#13475,#10991,#10992);
#10398=AXIS2_PLACEMENT_3D('',#13480,#10995,#10996);
#10399=AXIS2_PLACEMENT_3D('',#13484,#10998,#10999);
#10400=AXIS2_PLACEMENT_3D('',#13489,#11002,#11003);
#10401=AXIS2_PLACEMENT_3D('',#13490,#11004,#11005);
#10402=AXIS2_PLACEMENT_3D('',#13491,#11006,#11007);
#10403=AXIS2_PLACEMENT_3D('',#13493,#11008,#11009);
#10404=AXIS2_PLACEMENT_3D('',#13495,#11010,#11011);
#10405=AXIS2_PLACEMENT_3D('',#13496,#11012,#11013);
#10406=AXIS2_PLACEMENT_3D('',#13498,#11014,#11015);
#10407=AXIS2_PLACEMENT_3D('',#13504,#11019,#11020);
#10408=AXIS2_PLACEMENT_3D('',#13507,#11022,#11023);
#10409=AXIS2_PLACEMENT_3D('',#13508,#11024,#11025);
#10410=AXIS2_PLACEMENT_3D('',#13512,#11028,#11029);
#10411=AXIS2_PLACEMENT_3D('',#13515,#11031,#11032);
#10412=AXIS2_PLACEMENT_3D('',#13516,#11033,#11034);
#10413=AXIS2_PLACEMENT_3D('',#13520,#11037,#11038);
#10414=AXIS2_PLACEMENT_3D('',#13521,#11039,#11040);
#10415=AXIS2_PLACEMENT_3D('',#13523,#11041,#11042);
#10416=AXIS2_PLACEMENT_3D('',#13524,#11043,#11044);
#10417=AXIS2_PLACEMENT_3D('',#13526,#11045,#11046);
#10418=AXIS2_PLACEMENT_3D('',#13528,#11048,#11049);
#10419=AXIS2_PLACEMENT_3D('',#13529,#11050,#11051);
#10420=AXIS2_PLACEMENT_3D('',#13530,#11052,#11053);
#10421=AXIS2_PLACEMENT_3D('',#13531,#11054,#11055);
#10422=AXIS2_PLACEMENT_3D('',#13532,#11056,#11057);
#10423=AXIS2_PLACEMENT_3D('',#13533,#11058,#11059);
#10424=AXIS2_PLACEMENT_3D('',#13534,#11060,#11061);
#10425=AXIS2_PLACEMENT_3D('',#13543,#11066,#11067);
#10426=AXIS2_PLACEMENT_3D('',#13549,#11071,#11072);
#10427=AXIS2_PLACEMENT_3D('',#13555,#11076,#11077);
#10428=AXIS2_PLACEMENT_3D('',#13572,#11086,#11087);
#10429=AXIS2_PLACEMENT_3D('',#13579,#11091,#11092);
#10430=AXIS2_PLACEMENT_3D('',#13583,#11094,#11095);
#10431=AXIS2_PLACEMENT_3D('',#13587,#11097,#11098);
#10432=AXIS2_PLACEMENT_3D('',#13591,#11100,#11101);
#10433=AXIS2_PLACEMENT_3D('',#13598,#11105,#11106);
#10434=AXIS2_PLACEMENT_3D('',#13599,#11107,#11108);
#10435=AXIS2_PLACEMENT_3D('',#13603,#11110,#11111);
#10436=AXIS2_PLACEMENT_3D('',#13951,#11287,#11288);
#10437=AXIS2_PLACEMENT_3D('',#13953,#11289,#11290);
#10438=AXIS2_PLACEMENT_3D('',#13955,#11291,#11292);
#10439=AXIS2_PLACEMENT_3D('',#13957,#11293,#11294);
#10440=AXIS2_PLACEMENT_3D('',#13966,#11300,#11301);
#10441=AXIS2_PLACEMENT_3D('',#13975,#11307,#11308);
#10442=AXIS2_PLACEMENT_3D('',#13977,#11310,#11311);
#10443=AXIS2_PLACEMENT_3D('',#13978,#11312,#11313);
#10444=AXIS2_PLACEMENT_3D('',#14252,#11450,#11451);
#10445=AXIS2_PLACEMENT_3D('',#14254,#11452,#11453);
#10446=AXIS2_PLACEMENT_3D('',#14308,#11480,#11481);
#10447=AXIS2_PLACEMENT_3D('',#14312,#11483,#11484);
#10448=AXIS2_PLACEMENT_3D('',#14315,#11486,#11487);
#10449=AXIS2_PLACEMENT_3D('',#14319,#11489,#11490);
#10450=AXIS2_PLACEMENT_3D('',#14322,#11492,#11493);
#10451=AXIS2_PLACEMENT_3D('',#14325,#11496,#11497);
#10452=AXIS2_PLACEMENT_3D('',#14328,#11500,#11501);
#10453=AXIS2_PLACEMENT_3D('',#14331,#11504,#11505);
#10454=AXIS2_PLACEMENT_3D('',#14334,#11508,#11509);
#10455=AXIS2_PLACEMENT_3D('',#14337,#11512,#11513);
#10456=AXIS2_PLACEMENT_3D('',#14340,#11516,#11517);
#10457=AXIS2_PLACEMENT_3D('',#14343,#11520,#11521);
#10458=AXIS2_PLACEMENT_3D('',#14346,#11524,#11525);
#10459=AXIS2_PLACEMENT_3D('',#14349,#11528,#11529);
#10460=AXIS2_PLACEMENT_3D('',#14352,#11532,#11533);
#10461=AXIS2_PLACEMENT_3D('',#14355,#11536,#11537);
#10462=AXIS2_PLACEMENT_3D('',#14358,#11540,#11541);
#10463=AXIS2_PLACEMENT_3D('',#14361,#11544,#11545);
#10464=AXIS2_PLACEMENT_3D('',#14365,#11548,#11549);
#10465=AXIS2_PLACEMENT_3D('',#14369,#11552,#11553);
#10466=AXIS2_PLACEMENT_3D('',#14371,#11555,#11556);
#10467=AXIS2_PLACEMENT_3D('',#14374,#11559,#11560);
#10468=AXIS2_PLACEMENT_3D('',#14375,#11561,#11562);
#10469=AXIS2_PLACEMENT_3D('',#14376,#11563,#11564);
#10470=AXIS2_PLACEMENT_3D('',#14379,#11567,#11568);
#10471=AXIS2_PLACEMENT_3D('',#14381,#11570,#11571);
#10472=AXIS2_PLACEMENT_3D('',#14383,#11573,#11574);
#10473=AXIS2_PLACEMENT_3D('',#14384,#11575,#11576);
#10474=AXIS2_PLACEMENT_3D('',#14387,#11579,#11580);
#10475=AXIS2_PLACEMENT_3D('',#14389,#11582,#11583);
#10476=AXIS2_PLACEMENT_3D('',#14391,#11585,#11586);
#10477=AXIS2_PLACEMENT_3D('',#14392,#11587,#11588);
#10478=AXIS2_PLACEMENT_3D('',#14395,#11591,#11592);
#10479=AXIS2_PLACEMENT_3D('',#14397,#11594,#11595);
#10480=AXIS2_PLACEMENT_3D('',#14399,#11597,#11598);
#10481=AXIS2_PLACEMENT_3D('',#14400,#11599,#11600);
#10482=AXIS2_PLACEMENT_3D('',#14403,#11603,#11604);
#10483=AXIS2_PLACEMENT_3D('',#14405,#11606,#11607);
#10484=AXIS2_PLACEMENT_3D('',#14407,#11609,#11610);
#10485=AXIS2_PLACEMENT_3D('',#14408,#11611,#11612);
#10486=AXIS2_PLACEMENT_3D('',#14411,#11615,#11616);
#10487=AXIS2_PLACEMENT_3D('',#14413,#11618,#11619);
#10488=AXIS2_PLACEMENT_3D('',#14415,#11621,#11622);
#10489=AXIS2_PLACEMENT_3D('',#14416,#11623,#11624);
#10490=AXIS2_PLACEMENT_3D('',#14419,#11627,#11628);
#10491=AXIS2_PLACEMENT_3D('',#14421,#11630,#11631);
#10492=AXIS2_PLACEMENT_3D('',#14423,#11633,#11634);
#10493=AXIS2_PLACEMENT_3D('',#14424,#11635,#11636);
#10494=AXIS2_PLACEMENT_3D('',#14427,#11639,#11640);
#10495=AXIS2_PLACEMENT_3D('',#14429,#11642,#11643);
#10496=AXIS2_PLACEMENT_3D('',#14431,#11645,#11646);
#10497=AXIS2_PLACEMENT_3D('',#14432,#11647,#11648);
#10498=AXIS2_PLACEMENT_3D('',#14435,#11651,#11652);
#10499=AXIS2_PLACEMENT_3D('',#14437,#11654,#11655);
#10500=AXIS2_PLACEMENT_3D('',#14439,#11657,#11658);
#10501=AXIS2_PLACEMENT_3D('',#14440,#11659,#11660);
#10502=AXIS2_PLACEMENT_3D('',#14443,#11663,#11664);
#10503=AXIS2_PLACEMENT_3D('',#14445,#11666,#11667);
#10504=AXIS2_PLACEMENT_3D('',#14447,#11669,#11670);
#10505=AXIS2_PLACEMENT_3D('',#14448,#11671,#11672);
#10506=AXIS2_PLACEMENT_3D('',#14451,#11675,#11676);
#10507=AXIS2_PLACEMENT_3D('',#14453,#11678,#11679);
#10508=AXIS2_PLACEMENT_3D('',#14455,#11681,#11682);
#10509=AXIS2_PLACEMENT_3D('',#14456,#11683,#11684);
#10510=AXIS2_PLACEMENT_3D('',#14459,#11687,#11688);
#10511=AXIS2_PLACEMENT_3D('',#14461,#11690,#11691);
#10512=AXIS2_PLACEMENT_3D('',#14463,#11693,#11694);
#10513=AXIS2_PLACEMENT_3D('',#14464,#11695,#11696);
#10514=AXIS2_PLACEMENT_3D('',#14467,#11699,#11700);
#10515=AXIS2_PLACEMENT_3D('',#14469,#11702,#11703);
#10516=AXIS2_PLACEMENT_3D('',#14471,#11705,#11706);
#10517=AXIS2_PLACEMENT_3D('',#14472,#11707,#11708);
#10518=AXIS2_PLACEMENT_3D('',#14475,#11711,#11712);
#10519=AXIS2_PLACEMENT_3D('',#14477,#11714,#11715);
#10520=AXIS2_PLACEMENT_3D('',#14479,#11717,#11718);
#10521=AXIS2_PLACEMENT_3D('',#14480,#11719,#11720);
#10522=AXIS2_PLACEMENT_3D('',#14483,#11723,#11724);
#10523=AXIS2_PLACEMENT_3D('',#14485,#11726,#11727);
#10524=AXIS2_PLACEMENT_3D('',#14487,#11729,#11730);
#10525=AXIS2_PLACEMENT_3D('',#14488,#11731,#11732);
#10526=AXIS2_PLACEMENT_3D('',#14491,#11735,#11736);
#10527=AXIS2_PLACEMENT_3D('',#14493,#11738,#11739);
#10528=AXIS2_PLACEMENT_3D('',#14495,#11741,#11742);
#10529=AXIS2_PLACEMENT_3D('',#14496,#11743,#11744);
#10530=AXIS2_PLACEMENT_3D('',#14499,#11747,#11748);
#10531=AXIS2_PLACEMENT_3D('',#14501,#11750,#11751);
#10532=AXIS2_PLACEMENT_3D('',#14503,#11753,#11754);
#10533=AXIS2_PLACEMENT_3D('',#14504,#11755,#11756);
#10534=AXIS2_PLACEMENT_3D('',#14507,#11759,#11760);
#10535=AXIS2_PLACEMENT_3D('',#14509,#11762,#11763);
#10536=AXIS2_PLACEMENT_3D('',#14511,#11765,#11766);
#10537=AXIS2_PLACEMENT_3D('',#14512,#11767,#11768);
#10538=AXIS2_PLACEMENT_3D('',#14515,#11771,#11772);
#10539=AXIS2_PLACEMENT_3D('',#14517,#11774,#11775);
#10540=AXIS2_PLACEMENT_3D('',#14519,#11777,#11778);
#10541=AXIS2_PLACEMENT_3D('',#14520,#11779,#11780);
#10542=AXIS2_PLACEMENT_3D('',#14523,#11783,#11784);
#10543=AXIS2_PLACEMENT_3D('',#14525,#11786,#11787);
#10544=AXIS2_PLACEMENT_3D('',#14527,#11789,#11790);
#10545=AXIS2_PLACEMENT_3D('',#14528,#11791,#11792);
#10546=AXIS2_PLACEMENT_3D('',#14531,#11795,#11796);
#10547=AXIS2_PLACEMENT_3D('',#14533,#11798,#11799);
#10548=AXIS2_PLACEMENT_3D('',#14535,#11801,#11802);
#10549=AXIS2_PLACEMENT_3D('',#14536,#11803,#11804);
#10550=AXIS2_PLACEMENT_3D('',#14539,#11807,#11808);
#10551=AXIS2_PLACEMENT_3D('',#14541,#11810,#11811);
#10552=AXIS2_PLACEMENT_3D('',#14543,#11813,#11814);
#10553=AXIS2_PLACEMENT_3D('',#14544,#11815,#11816);
#10554=AXIS2_PLACEMENT_3D('',#14547,#11819,#11820);
#10555=AXIS2_PLACEMENT_3D('',#14549,#11822,#11823);
#10556=AXIS2_PLACEMENT_3D('',#14551,#11825,#11826);
#10557=AXIS2_PLACEMENT_3D('',#14552,#11827,#11828);
#10558=AXIS2_PLACEMENT_3D('',#14555,#11831,#11832);
#10559=AXIS2_PLACEMENT_3D('',#14557,#11834,#11835);
#10560=AXIS2_PLACEMENT_3D('',#14559,#11837,#11838);
#10561=AXIS2_PLACEMENT_3D('',#14560,#11839,#11840);
#10562=AXIS2_PLACEMENT_3D('',#14563,#11843,#11844);
#10563=AXIS2_PLACEMENT_3D('',#14565,#11846,#11847);
#10564=AXIS2_PLACEMENT_3D('',#14567,#11849,#11850);
#10565=AXIS2_PLACEMENT_3D('',#14568,#11851,#11852);
#10566=AXIS2_PLACEMENT_3D('',#14571,#11855,#11856);
#10567=AXIS2_PLACEMENT_3D('',#14573,#11858,#11859);
#10568=AXIS2_PLACEMENT_3D('',#14575,#11861,#11862);
#10569=AXIS2_PLACEMENT_3D('',#14576,#11863,#11864);
#10570=AXIS2_PLACEMENT_3D('',#14577,#11865,#11866);
#10571=AXIS2_PLACEMENT_3D('',#14578,#11867,#11868);
#10572=AXIS2_PLACEMENT_3D('',#14579,#11869,#11870);
#10573=AXIS2_PLACEMENT_3D('',#14582,#11873,#11874);
#10574=AXIS2_PLACEMENT_3D('',#14584,#11876,#11877);
#10575=AXIS2_PLACEMENT_3D('',#14586,#11879,#11880);
#10576=AXIS2_PLACEMENT_3D('',#14587,#11881,#11882);
#10577=AXIS2_PLACEMENT_3D('',#14590,#11885,#11886);
#10578=AXIS2_PLACEMENT_3D('',#14592,#11888,#11889);
#10579=AXIS2_PLACEMENT_3D('',#14594,#11891,#11892);
#10580=AXIS2_PLACEMENT_3D('',#14595,#11893,#11894);
#10581=AXIS2_PLACEMENT_3D('',#14598,#11897,#11898);
#10582=AXIS2_PLACEMENT_3D('',#14600,#11900,#11901);
#10583=AXIS2_PLACEMENT_3D('',#14602,#11903,#11904);
#10584=AXIS2_PLACEMENT_3D('',#14603,#11905,#11906);
#10585=AXIS2_PLACEMENT_3D('',#14606,#11909,#11910);
#10586=AXIS2_PLACEMENT_3D('',#14608,#11912,#11913);
#10587=AXIS2_PLACEMENT_3D('',#14610,#11915,#11916);
#10588=AXIS2_PLACEMENT_3D('',#14611,#11917,#11918);
#10589=AXIS2_PLACEMENT_3D('',#14614,#11921,#11922);
#10590=AXIS2_PLACEMENT_3D('',#14616,#11924,#11925);
#10591=AXIS2_PLACEMENT_3D('',#14618,#11927,#11928);
#10592=AXIS2_PLACEMENT_3D('',#14619,#11929,#11930);
#10593=AXIS2_PLACEMENT_3D('',#14622,#11933,#11934);
#10594=AXIS2_PLACEMENT_3D('',#14624,#11936,#11937);
#10595=AXIS2_PLACEMENT_3D('',#14626,#11939,#11940);
#10596=AXIS2_PLACEMENT_3D('',#14627,#11941,#11942);
#10597=AXIS2_PLACEMENT_3D('',#14630,#11945,#11946);
#10598=AXIS2_PLACEMENT_3D('',#14632,#11948,#11949);
#10599=AXIS2_PLACEMENT_3D('',#14634,#11951,#11952);
#10600=AXIS2_PLACEMENT_3D('',#14635,#11953,#11954);
#10601=AXIS2_PLACEMENT_3D('',#14638,#11957,#11958);
#10602=AXIS2_PLACEMENT_3D('',#14640,#11960,#11961);
#10603=AXIS2_PLACEMENT_3D('',#14642,#11963,#11964);
#10604=AXIS2_PLACEMENT_3D('',#14643,#11965,#11966);
#10605=AXIS2_PLACEMENT_3D('',#14646,#11969,#11970);
#10606=AXIS2_PLACEMENT_3D('',#14648,#11972,#11973);
#10607=AXIS2_PLACEMENT_3D('',#14650,#11975,#11976);
#10608=AXIS2_PLACEMENT_3D('',#14651,#11977,#11978);
#10609=AXIS2_PLACEMENT_3D('',#14652,#11979,#11980);
#10610=AXIS2_PLACEMENT_3D('',#14653,#11981,#11982);
#10611=AXIS2_PLACEMENT_3D('',#14654,#11983,#11984);
#10612=AXIS2_PLACEMENT_3D('',#14655,#11985,#11986);
#10613=AXIS2_PLACEMENT_3D('',#14657,#11987,#11988);
#10614=AXIS2_PLACEMENT_3D('',#14658,#11989,#11990);
#10615=AXIS2_PLACEMENT_3D('',#14659,#11991,#11992);
#10616=AXIS2_PLACEMENT_3D('',#14663,#11995,#11996);
#10617=AXIS2_PLACEMENT_3D('',#14667,#11999,#12000);
#10618=AXIS2_PLACEMENT_3D('',#14669,#12002,#12003);
#10619=AXIS2_PLACEMENT_3D('',#14670,#12004,#12005);
#10620=AXIS2_PLACEMENT_3D('',#14676,#12009,#12010);
#10621=AXIS2_PLACEMENT_3D('',#14685,#12015,#12016);
#10622=AXIS2_PLACEMENT_3D('',#14691,#12020,#12021);
#10623=AXIS2_PLACEMENT_3D('',#14697,#12025,#12026);
#10624=AXIS2_PLACEMENT_3D('',#14698,#12027,#12028);
#10625=AXIS2_PLACEMENT_3D('',#14699,#12029,#12030);
#10626=AXIS2_PLACEMENT_3D('',#14700,#12031,#12032);
#10627=AXIS2_PLACEMENT_3D('',#14701,#12033,#12034);
#10628=AXIS2_PLACEMENT_3D('',#14702,#12035,#12036);
#10629=AXIS2_PLACEMENT_3D('',#14703,#12037,#12038);
#10630=AXIS2_PLACEMENT_3D('',#14704,#12039,#12040);
#10631=AXIS2_PLACEMENT_3D('',#14705,#12041,#12042);
#10632=AXIS2_PLACEMENT_3D('',#14706,#12043,#12044);
#10633=AXIS2_PLACEMENT_3D('',#14707,#12045,#12046);
#10634=AXIS2_PLACEMENT_3D('',#14708,#12047,#12048);
#10635=AXIS2_PLACEMENT_3D('',#14709,#12049,#12050);
#10636=AXIS2_PLACEMENT_3D('',#14710,#12051,#12052);
#10637=AXIS2_PLACEMENT_3D('',#14711,#12053,#12054);
#10638=AXIS2_PLACEMENT_3D('',#14712,#12055,#12056);
#10639=AXIS2_PLACEMENT_3D('',#14713,#12057,#12058);
#10640=AXIS2_PLACEMENT_3D('',#14714,#12059,#12060);
#10641=AXIS2_PLACEMENT_3D('',#14715,#12061,#12062);
#10642=AXIS2_PLACEMENT_3D('',#14716,#12063,#12064);
#10643=AXIS2_PLACEMENT_3D('',#14717,#12065,#12066);
#10644=AXIS2_PLACEMENT_3D('',#14718,#12067,#12068);
#10645=AXIS2_PLACEMENT_3D('',#14719,#12069,#12070);
#10646=AXIS2_PLACEMENT_3D('',#14720,#12071,#12072);
#10647=AXIS2_PLACEMENT_3D('',#14721,#12073,#12074);
#10648=AXIS2_PLACEMENT_3D('',#14722,#12075,#12076);
#10649=AXIS2_PLACEMENT_3D('',#14723,#12077,#12078);
#10650=AXIS2_PLACEMENT_3D('',#14724,#12079,#12080);
#10651=AXIS2_PLACEMENT_3D('',#14725,#12081,#12082);
#10652=AXIS2_PLACEMENT_3D('',#14726,#12083,#12084);
#10653=AXIS2_PLACEMENT_3D('',#14727,#12085,#12086);
#10654=AXIS2_PLACEMENT_3D('',#14728,#12087,#12088);
#10655=AXIS2_PLACEMENT_3D('',#14729,#12089,#12090);
#10656=AXIS2_PLACEMENT_3D('',#14730,#12091,#12092);
#10657=AXIS2_PLACEMENT_3D('',#14731,#12093,#12094);
#10658=AXIS2_PLACEMENT_3D('',#14737,#12098,#12099);
#10659=AXIS2_PLACEMENT_3D('',#14746,#12104,#12105);
#10660=AXIS2_PLACEMENT_3D('',#14751,#12107,#12108);
#10661=AXIS2_PLACEMENT_3D('',#14754,#12110,#12111);
#10662=AXIS2_PLACEMENT_3D('',#14760,#12115,#12116);
#10663=AXIS2_PLACEMENT_3D('',#14765,#12118,#12119);
#10664=AXIS2_PLACEMENT_3D('',#14768,#12121,#12122);
#10665=AXIS2_PLACEMENT_3D('',#14772,#12125,#12126);
#10666=AXIS2_PLACEMENT_3D('',#14776,#12129,#12130);
#10667=AXIS2_PLACEMENT_3D('',#14778,#12132,#12133);
#10668=AXIS2_PLACEMENT_3D('',#14784,#12137,#12138);
#10669=AXIS2_PLACEMENT_3D('',#14788,#12141,#12142);
#10670=AXIS2_PLACEMENT_3D('',#14792,#12145,#12146);
#10671=AXIS2_PLACEMENT_3D('',#14794,#12148,#12149);
#10672=AXIS2_PLACEMENT_3D('',#14797,#12152,#12153);
#10673=AXIS2_PLACEMENT_3D('',#14800,#12156,#12157);
#10674=AXIS2_PLACEMENT_3D('',#14801,#12158,#12159);
#10675=AXIS2_PLACEMENT_3D('',#14802,#12160,#12161);
#10676=AXIS2_PLACEMENT_3D('',#14803,#12162,#12163);
#10677=AXIS2_PLACEMENT_3D('',#14804,#12164,#12165);
#10678=AXIS2_PLACEMENT_3D('',#14821,#12174,#12175);
#10679=AXIS2_PLACEMENT_3D('',#14822,#12176,#12177);
#10680=AXIS2_PLACEMENT_3D('',#14824,#12178,#12179);
#10681=AXIS2_PLACEMENT_3D('',#14825,#12180,#12181);
#10682=AXIS2_PLACEMENT_3D('',#14827,#12182,#12183);
#10683=AXIS2_PLACEMENT_3D('',#14828,#12184,#12185);
#10684=AXIS2_PLACEMENT_3D('',#14833,#12187,#12188);
#10685=AXIS2_PLACEMENT_3D('',#14836,#12190,#12191);
#10686=AXIS2_PLACEMENT_3D('',#14842,#12195,#12196);
#10687=AXIS2_PLACEMENT_3D('',#14843,#12197,#12198);
#10688=AXIS2_PLACEMENT_3D('',#14845,#12199,#12200);
#10689=AXIS2_PLACEMENT_3D('',#14848,#12202,#12203);
#10690=AXIS2_PLACEMENT_3D('',#14849,#12204,#12205);
#10691=AXIS2_PLACEMENT_3D('',#14851,#12206,#12207);
#10692=AXIS2_PLACEMENT_3D('',#14852,#12208,#12209);
#10693=AXIS2_PLACEMENT_3D('',#14854,#12210,#12211);
#10694=AXIS2_PLACEMENT_3D('',#14863,#12216,#12217);
#10695=AXIS2_PLACEMENT_3D('',#14869,#12221,#12222);
#10696=AXIS2_PLACEMENT_3D('',#14875,#12226,#12227);
#10697=AXIS2_PLACEMENT_3D('',#14879,#12229,#12230);
#10698=AXIS2_PLACEMENT_3D('',#14883,#12232,#12233);
#10699=AXIS2_PLACEMENT_3D('',#14884,#12234,#12235);
#10700=AXIS2_PLACEMENT_3D('',#14890,#12239,#12240);
#10701=AXIS2_PLACEMENT_3D('',#14894,#12242,#12243);
#10702=AXIS2_PLACEMENT_3D('',#14895,#12244,#12245);
#10703=AXIS2_PLACEMENT_3D('',#14896,#12246,#12247);
#10704=AXIS2_PLACEMENT_3D('',#14897,#12248,#12249);
#10705=AXIS2_PLACEMENT_3D('',#14899,#12250,#12251);
#10706=AXIS2_PLACEMENT_3D('',#14901,#12252,#12253);
#10707=AXIS2_PLACEMENT_3D('',#14902,#12254,#12255);
#10708=AXIS2_PLACEMENT_3D('',#14904,#12256,#12257);
#10709=AXIS2_PLACEMENT_3D('',#14906,#12258,#12259);
#10710=AXIS2_PLACEMENT_3D('',#14909,#12262,#12263);
#10711=AXIS2_PLACEMENT_3D('',#14911,#12265,#12266);
#10712=AXIS2_PLACEMENT_3D('',#14914,#12269,#12270);
#10713=AXIS2_PLACEMENT_3D('',#14917,#12273,#12274);
#10714=AXIS2_PLACEMENT_3D('',#14919,#12276,#12277);
#10715=AXIS2_PLACEMENT_3D('',#14922,#12280,#12281);
#10716=AXIS2_PLACEMENT_3D('',#14923,#12282,#12283);
#10717=AXIS2_PLACEMENT_3D('',#14924,#12284,#12285);
#10718=AXIS2_PLACEMENT_3D('',#14925,#12286,#12287);
#10719=AXIS2_PLACEMENT_3D('',#14934,#12292,#12293);
#10720=AXIS2_PLACEMENT_3D('',#14940,#12297,#12298);
#10721=AXIS2_PLACEMENT_3D('',#14946,#12302,#12303);
#10722=AXIS2_PLACEMENT_3D('',#14949,#12306,#12307);
#10723=AXIS2_PLACEMENT_3D('',#14958,#12312,#12313);
#10724=AXIS2_PLACEMENT_3D('',#14964,#12317,#12318);
#10725=AXIS2_PLACEMENT_3D('',#14970,#12322,#12323);
#10726=AXIS2_PLACEMENT_3D('',#14973,#12326,#12327);
#10727=AXIS2_PLACEMENT_3D('',#14982,#12332,#12333);
#10728=AXIS2_PLACEMENT_3D('',#14988,#12337,#12338);
#10729=AXIS2_PLACEMENT_3D('',#14994,#12342,#12343);
#10730=AXIS2_PLACEMENT_3D('',#14997,#12346,#12347);
#10731=AXIS2_PLACEMENT_3D('',#15006,#12352,#12353);
#10732=AXIS2_PLACEMENT_3D('',#15012,#12357,#12358);
#10733=AXIS2_PLACEMENT_3D('',#15018,#12362,#12363);
#10734=AXIS2_PLACEMENT_3D('',#15021,#12366,#12367);
#10735=AXIS2_PLACEMENT_3D('',#15030,#12372,#12373);
#10736=AXIS2_PLACEMENT_3D('',#15036,#12377,#12378);
#10737=AXIS2_PLACEMENT_3D('',#15042,#12382,#12383);
#10738=AXIS2_PLACEMENT_3D('',#15045,#12386,#12387);
#10739=AXIS2_PLACEMENT_3D('',#15054,#12392,#12393);
#10740=AXIS2_PLACEMENT_3D('',#15060,#12397,#12398);
#10741=AXIS2_PLACEMENT_3D('',#15066,#12402,#12403);
#10742=AXIS2_PLACEMENT_3D('',#15069,#12406,#12407);
#10743=AXIS2_PLACEMENT_3D('',#15078,#12412,#12413);
#10744=AXIS2_PLACEMENT_3D('',#15084,#12417,#12418);
#10745=AXIS2_PLACEMENT_3D('',#15090,#12422,#12423);
#10746=AXIS2_PLACEMENT_3D('',#15093,#12426,#12427);
#10747=AXIS2_PLACEMENT_3D('',#15102,#12432,#12433);
#10748=AXIS2_PLACEMENT_3D('',#15108,#12437,#12438);
#10749=AXIS2_PLACEMENT_3D('',#15114,#12442,#12443);
#10750=AXIS2_PLACEMENT_3D('',#15117,#12446,#12447);
#10751=AXIS2_PLACEMENT_3D('',#15126,#12452,#12453);
#10752=AXIS2_PLACEMENT_3D('',#15132,#12457,#12458);
#10753=AXIS2_PLACEMENT_3D('',#15138,#12462,#12463);
#10754=AXIS2_PLACEMENT_3D('',#15141,#12466,#12467);
#10755=AXIS2_PLACEMENT_3D('',#15150,#12472,#12473);
#10756=AXIS2_PLACEMENT_3D('',#15156,#12477,#12478);
#10757=AXIS2_PLACEMENT_3D('',#15162,#12482,#12483);
#10758=AXIS2_PLACEMENT_3D('',#15165,#12486,#12487);
#10759=AXIS2_PLACEMENT_3D('',#15174,#12492,#12493);
#10760=AXIS2_PLACEMENT_3D('',#15180,#12497,#12498);
#10761=AXIS2_PLACEMENT_3D('',#15186,#12502,#12503);
#10762=AXIS2_PLACEMENT_3D('',#15189,#12506,#12507);
#10763=AXIS2_PLACEMENT_3D('',#15198,#12512,#12513);
#10764=AXIS2_PLACEMENT_3D('',#15204,#12517,#12518);
#10765=AXIS2_PLACEMENT_3D('',#15210,#12522,#12523);
#10766=AXIS2_PLACEMENT_3D('',#15213,#12526,#12527);
#10767=AXIS2_PLACEMENT_3D('',#15222,#12532,#12533);
#10768=AXIS2_PLACEMENT_3D('',#15228,#12537,#12538);
#10769=AXIS2_PLACEMENT_3D('',#15234,#12542,#12543);
#10770=AXIS2_PLACEMENT_3D('',#15237,#12546,#12547);
#10771=AXIS2_PLACEMENT_3D('',#15246,#12552,#12553);
#10772=AXIS2_PLACEMENT_3D('',#15252,#12557,#12558);
#10773=AXIS2_PLACEMENT_3D('',#15258,#12562,#12563);
#10774=AXIS2_PLACEMENT_3D('',#15261,#12566,#12567);
#10775=AXIS2_PLACEMENT_3D('',#15270,#12572,#12573);
#10776=AXIS2_PLACEMENT_3D('',#15276,#12577,#12578);
#10777=AXIS2_PLACEMENT_3D('',#15282,#12582,#12583);
#10778=AXIS2_PLACEMENT_3D('',#15285,#12586,#12587);
#10779=AXIS2_PLACEMENT_3D('',#15294,#12592,#12593);
#10780=AXIS2_PLACEMENT_3D('',#15300,#12597,#12598);
#10781=AXIS2_PLACEMENT_3D('',#15306,#12602,#12603);
#10782=AXIS2_PLACEMENT_3D('',#15309,#12606,#12607);
#10783=AXIS2_PLACEMENT_3D('',#15318,#12612,#12613);
#10784=AXIS2_PLACEMENT_3D('',#15324,#12617,#12618);
#10785=AXIS2_PLACEMENT_3D('',#15330,#12622,#12623);
#10786=AXIS2_PLACEMENT_3D('',#15333,#12626,#12627);
#10787=AXIS2_PLACEMENT_3D('',#15342,#12632,#12633);
#10788=AXIS2_PLACEMENT_3D('',#15348,#12637,#12638);
#10789=AXIS2_PLACEMENT_3D('',#15354,#12642,#12643);
#10790=AXIS2_PLACEMENT_3D('',#15357,#12646,#12647);
#10791=AXIS2_PLACEMENT_3D('',#15366,#12652,#12653);
#10792=AXIS2_PLACEMENT_3D('',#15372,#12657,#12658);
#10793=AXIS2_PLACEMENT_3D('',#15378,#12662,#12663);
#10794=AXIS2_PLACEMENT_3D('',#15381,#12666,#12667);
#10795=AXIS2_PLACEMENT_3D('',#15390,#12672,#12673);
#10796=AXIS2_PLACEMENT_3D('',#15396,#12677,#12678);
#10797=AXIS2_PLACEMENT_3D('',#15402,#12682,#12683);
#10798=AXIS2_PLACEMENT_3D('',#15405,#12686,#12687);
#10799=AXIS2_PLACEMENT_3D('',#15414,#12692,#12693);
#10800=AXIS2_PLACEMENT_3D('',#15420,#12697,#12698);
#10801=AXIS2_PLACEMENT_3D('',#15426,#12702,#12703);
#10802=AXIS2_PLACEMENT_3D('',#15429,#12706,#12707);
#10803=AXIS2_PLACEMENT_3D('',#15438,#12712,#12713);
#10804=AXIS2_PLACEMENT_3D('',#15444,#12717,#12718);
#10805=AXIS2_PLACEMENT_3D('',#15450,#12722,#12723);
#10806=AXIS2_PLACEMENT_3D('',#15453,#12726,#12727);
#10807=AXIS2_PLACEMENT_3D('',#15462,#12732,#12733);
#10808=AXIS2_PLACEMENT_3D('',#15468,#12737,#12738);
#10809=AXIS2_PLACEMENT_3D('',#15474,#12742,#12743);
#10810=AXIS2_PLACEMENT_3D('',#15477,#12746,#12747);
#10811=AXIS2_PLACEMENT_3D('',#15486,#12752,#12753);
#10812=AXIS2_PLACEMENT_3D('',#15492,#12757,#12758);
#10813=AXIS2_PLACEMENT_3D('',#15498,#12762,#12763);
#10814=AXIS2_PLACEMENT_3D('',#15501,#12766,#12767);
#10815=AXIS2_PLACEMENT_3D('',#15510,#12772,#12773);
#10816=AXIS2_PLACEMENT_3D('',#15516,#12777,#12778);
#10817=AXIS2_PLACEMENT_3D('',#15522,#12782,#12783);
#10818=AXIS2_PLACEMENT_3D('',#15525,#12786,#12787);
#10819=AXIS2_PLACEMENT_3D('',#15534,#12792,#12793);
#10820=AXIS2_PLACEMENT_3D('',#15540,#12797,#12798);
#10821=AXIS2_PLACEMENT_3D('',#15546,#12802,#12803);
#10822=AXIS2_PLACEMENT_3D('',#15549,#12806,#12807);
#10823=AXIS2_PLACEMENT_3D('',#15558,#12812,#12813);
#10824=AXIS2_PLACEMENT_3D('',#15564,#12817,#12818);
#10825=AXIS2_PLACEMENT_3D('',#15570,#12822,#12823);
#10826=AXIS2_PLACEMENT_3D('',#15573,#12826,#12827);
#10827=AXIS2_PLACEMENT_3D('',#15582,#12832,#12833);
#10828=AXIS2_PLACEMENT_3D('',#15588,#12837,#12838);
#10829=AXIS2_PLACEMENT_3D('',#15594,#12842,#12843);
#10830=AXIS2_PLACEMENT_3D('',#15597,#12846,#12847);
#10831=AXIS2_PLACEMENT_3D('',#15606,#12852,#12853);
#10832=AXIS2_PLACEMENT_3D('',#15612,#12857,#12858);
#10833=AXIS2_PLACEMENT_3D('',#15618,#12862,#12863);
#10834=AXIS2_PLACEMENT_3D('',#15621,#12866,#12867);
#10835=AXIS2_PLACEMENT_3D('',#15630,#12872,#12873);
#10836=AXIS2_PLACEMENT_3D('',#15636,#12877,#12878);
#10837=AXIS2_PLACEMENT_3D('',#15642,#12882,#12883);
#10838=AXIS2_PLACEMENT_3D('',#15645,#12886,#12887);
#10839=AXIS2_PLACEMENT_3D('',#15654,#12892,#12893);
#10840=AXIS2_PLACEMENT_3D('',#15660,#12897,#12898);
#10841=AXIS2_PLACEMENT_3D('',#15666,#12902,#12903);
#10842=AXIS2_PLACEMENT_3D('',#15669,#12906,#12907);
#10843=AXIS2_PLACEMENT_3D('',#15678,#12912,#12913);
#10844=AXIS2_PLACEMENT_3D('',#15684,#12917,#12918);
#10845=AXIS2_PLACEMENT_3D('',#15690,#12922,#12923);
#10846=AXIS2_PLACEMENT_3D('',#15693,#12926,#12927);
#10847=AXIS2_PLACEMENT_3D('',#15702,#12932,#12933);
#10848=AXIS2_PLACEMENT_3D('',#15708,#12937,#12938);
#10849=AXIS2_PLACEMENT_3D('',#15714,#12942,#12943);
#10850=AXIS2_PLACEMENT_3D('',#15717,#12946,#12947);
#10851=AXIS2_PLACEMENT_3D('',#15726,#12952,#12953);
#10852=AXIS2_PLACEMENT_3D('',#15732,#12957,#12958);
#10853=AXIS2_PLACEMENT_3D('',#15738,#12962,#12963);
#10854=AXIS2_PLACEMENT_3D('',#15741,#12966,#12967);
#10855=AXIS2_PLACEMENT_3D('',#15750,#12972,#12973);
#10856=AXIS2_PLACEMENT_3D('',#15756,#12977,#12978);
#10857=AXIS2_PLACEMENT_3D('',#15762,#12982,#12983);
#10858=AXIS2_PLACEMENT_3D('',#15765,#12986,#12987);
#10859=AXIS2_PLACEMENT_3D('',#15774,#12992,#12993);
#10860=AXIS2_PLACEMENT_3D('',#15780,#12997,#12998);
#10861=AXIS2_PLACEMENT_3D('',#15786,#13002,#13003);
#10862=AXIS2_PLACEMENT_3D('',#15789,#13006,#13007);
#10863=AXIS2_PLACEMENT_3D('',#15798,#13012,#13013);
#10864=AXIS2_PLACEMENT_3D('',#15804,#13017,#13018);
#10865=AXIS2_PLACEMENT_3D('',#15810,#13022,#13023);
#10866=AXIS2_PLACEMENT_3D('',#15813,#13026,#13027);
#10867=AXIS2_PLACEMENT_3D('',#15822,#13032,#13033);
#10868=AXIS2_PLACEMENT_3D('',#15828,#13037,#13038);
#10869=AXIS2_PLACEMENT_3D('',#15834,#13042,#13043);
#10870=AXIS2_PLACEMENT_3D('',#15837,#13046,#13047);
#10871=AXIS2_PLACEMENT_3D('',#15846,#13052,#13053);
#10872=AXIS2_PLACEMENT_3D('',#15852,#13057,#13058);
#10873=AXIS2_PLACEMENT_3D('',#15858,#13062,#13063);
#10874=AXIS2_PLACEMENT_3D('',#15861,#13066,#13067);
#10875=AXIS2_PLACEMENT_3D('',#15870,#13072,#13073);
#10876=AXIS2_PLACEMENT_3D('',#15876,#13077,#13078);
#10877=AXIS2_PLACEMENT_3D('',#15882,#13082,#13083);
#10878=AXIS2_PLACEMENT_3D('',#15885,#13086,#13087);
#10879=AXIS2_PLACEMENT_3D('',#15894,#13092,#13093);
#10880=AXIS2_PLACEMENT_3D('',#15900,#13097,#13098);
#10881=AXIS2_PLACEMENT_3D('',#15906,#13102,#13103);
#10882=AXIS2_PLACEMENT_3D('',#15909,#13106,#13107);
#10883=AXIS2_PLACEMENT_3D('',#15918,#13112,#13113);
#10884=AXIS2_PLACEMENT_3D('',#15924,#13117,#13118);
#10885=AXIS2_PLACEMENT_3D('',#15930,#13122,#13123);
#10886=AXIS2_PLACEMENT_3D('',#15933,#13126,#13127);
#10887=AXIS2_PLACEMENT_3D('',#15942,#13132,#13133);
#10888=AXIS2_PLACEMENT_3D('',#15948,#13137,#13138);
#10889=AXIS2_PLACEMENT_3D('',#15954,#13142,#13143);
#10890=AXIS2_PLACEMENT_3D('',#15957,#13146,#13147);
#10891=AXIS2_PLACEMENT_3D('',#15966,#13152,#13153);
#10892=AXIS2_PLACEMENT_3D('',#15975,#13158,#13159);
#10893=AXIS2_PLACEMENT_3D('',#15981,#13163,#13164);
#10894=AXIS2_PLACEMENT_3D('',#15987,#13168,#13169);
#10895=AXIS2_PLACEMENT_3D('',#15990,#13172,#13173);
#10896=AXIS2_PLACEMENT_3D('',#15999,#13178,#13179);
#10897=AXIS2_PLACEMENT_3D('',#16005,#13183,#13184);
#10898=AXIS2_PLACEMENT_3D('',#16011,#13188,#13189);
#10899=AXIS2_PLACEMENT_3D('',#16014,#13192,#13193);
#10900=AXIS2_PLACEMENT_3D('',#16023,#13198,#13199);
#10901=AXIS2_PLACEMENT_3D('',#16029,#13203,#13204);
#10902=AXIS2_PLACEMENT_3D('',#16035,#13208,#13209);
#10903=AXIS2_PLACEMENT_3D('',#16038,#13212,#13213);
#10904=AXIS2_PLACEMENT_3D('',#16047,#13218,#13219);
#10905=AXIS2_PLACEMENT_3D('',#16053,#13223,#13224);
#10906=AXIS2_PLACEMENT_3D('',#16059,#13228,#13229);
#10907=AXIS2_PLACEMENT_3D('',#16062,#13232,#13233);
#10908=AXIS2_PLACEMENT_3D('',#16071,#13238,#13239);
#10909=AXIS2_PLACEMENT_3D('',#16077,#13243,#13244);
#10910=AXIS2_PLACEMENT_3D('',#16083,#13248,#13249);
#10911=AXIS2_PLACEMENT_3D('',#16086,#13252,#13253);
#10912=AXIS2_PLACEMENT_3D('',#16095,#13258,#13259);
#10913=AXIS2_PLACEMENT_3D('',#16101,#13263,#13264);
#10914=AXIS2_PLACEMENT_3D('',#16107,#13268,#13269);
#10915=AXIS2_PLACEMENT_3D('',#16110,#13272,#13273);
#10916=AXIS2_PLACEMENT_3D('',#16111,#13274,#13275);
#10917=AXIS2_PLACEMENT_3D('',#16113,#13276,#13277);
#10918=AXIS2_PLACEMENT_3D('',#16115,#13278,#13279);
#10919=AXIS2_PLACEMENT_3D('',#16116,#13280,#13281);
#10920=AXIS2_PLACEMENT_3D('',#16118,#13282,#13283);
#10921=AXIS2_PLACEMENT_3D('',#16120,#13284,#13285);
#10922=AXIS2_PLACEMENT_3D('',#16121,#13286,#13287);
#10923=AXIS2_PLACEMENT_3D('',#16123,#13288,#13289);
#10924=AXIS2_PLACEMENT_3D('',#16126,#13291,#13292);
#10925=AXIS2_PLACEMENT_3D('',#16127,#13293,#13294);
#10926=AXIS2_PLACEMENT_3D('',#16131,#13296,#13297);
#10927=AXIS2_PLACEMENT_3D('',#16132,#13298,#13299);
#10928=AXIS2_PLACEMENT_3D('',#16141,#13304,#13305);
#10929=AXIS2_PLACEMENT_3D('',#16150,#13310,#13311);
#10930=AXIS2_PLACEMENT_3D('',#16159,#13316,#13317);
#10931=AXIS2_PLACEMENT_3D('',#16168,#13322,#13323);
#10932=AXIS2_PLACEMENT_3D('',#16177,#13328,#13329);
#10933=AXIS2_PLACEMENT_3D('',#16186,#13334,#13335);
#10934=AXIS2_PLACEMENT_3D('',#16192,#13339,#13340);
#10935=AXIS2_PLACEMENT_3D('',#16198,#13344,#13345);
#10936=AXIS2_PLACEMENT_3D('',#16204,#13349,#13350);
#10937=AXIS2_PLACEMENT_3D('',#16210,#13354,#13355);
#10938=AXIS2_PLACEMENT_3D('',#16216,#13359,#13360);
#10939=AXIS2_PLACEMENT_3D('',#16222,#13364,#13365);
#10940=AXIS2_PLACEMENT_3D('',#16228,#13369,#13370);
#10941=AXIS2_PLACEMENT_3D('',#16234,#13374,#13375);
#10942=AXIS2_PLACEMENT_3D('',#16240,#13379,#13380);
#10943=AXIS2_PLACEMENT_3D('',#16246,#13384,#13385);
#10944=AXIS2_PLACEMENT_3D('',#16252,#13389,#13390);
#10945=AXIS2_PLACEMENT_3D('',#16258,#13394,#13395);
#10946=AXIS2_PLACEMENT_3D('',#16264,#13399,#13400);
#10947=AXIS2_PLACEMENT_3D('',#16270,#13404,#13405);
#10948=AXIS2_PLACEMENT_3D('',#16278,#13413,#13414);
#10949=AXIS2_PLACEMENT_3D('',#16286,#13422,#13423);
#10950=AXIS2_PLACEMENT_3D('',#16287,#13424,#13425);
#10951=AXIS2_PLACEMENT_3D('',#16288,#13426,#13427);
#10952=AXIS2_PLACEMENT_3D('',#16289,#13428,#13429);
#10953=AXIS2_PLACEMENT_3D('',#16290,#13430,#13431);
#10954=AXIS2_PLACEMENT_3D('',#16291,#13432,#13433);
#10955=AXIS2_PLACEMENT_3D('',#16292,#13434,#13435);
#10956=DIRECTION('',(0.,0.,1.));
#10957=DIRECTION('',(1.,0.,0.));
#10958=DIRECTION('',(1.,0.,0.));
#10959=DIRECTION('',(0.,0.,-1.));
#10960=DIRECTION('',(0.,0.,-1.));
#10961=DIRECTION('',(0.,-1.,0.));
#10962=DIRECTION('',(0.,0.,-1.));
#10963=DIRECTION('',(0.,-1.,0.));
#10964=DIRECTION('',(0.,1.,0.));
#10965=DIRECTION('',(0.,0.,1.));
#10966=DIRECTION('',(1.,0.,0.));
#10967=DIRECTION('',(0.,0.,1.));
#10968=DIRECTION('',(1.,0.,0.));
#10969=DIRECTION('',(0.,0.,-1.));
#10970=DIRECTION('',(0.,1.,0.));
#10971=DIRECTION('',(0.,0.,1.));
#10972=DIRECTION('',(0.,0.,1.));
#10973=DIRECTION('',(1.,0.,0.));
#10974=DIRECTION('',(0.,0.,-1.));
#10975=DIRECTION('',(1.,0.,0.));
#10976=DIRECTION('',(0.,0.,1.));
#10977=DIRECTION('',(1.,0.,0.));
#10978=DIRECTION('',(0.,-1.,0.));
#10979=DIRECTION('',(0.,0.,-1.));
#10980=DIRECTION('',(1.,0.,0.));
#10981=DIRECTION('',(0.,0.,-1.));
#10982=DIRECTION('',(1.,0.,0.));
#10983=DIRECTION('',(0.,0.,1.));
#10984=DIRECTION('',(1.,0.,0.));
#10985=DIRECTION('',(0.,0.,1.));
#10986=DIRECTION('',(1.,0.,0.));
#10987=DIRECTION('',(0.,0.,1.));
#10988=DIRECTION('',(1.,0.,0.));
#10989=DIRECTION('',(0.,0.,1.));
#10990=DIRECTION('',(1.,0.,0.));
#10991=DIRECTION('',(0.,0.,1.));
#10992=DIRECTION('',(1.,0.,0.));
#10993=DIRECTION('',(0.,-1.,0.));
#10994=DIRECTION('',(-1.,0.,0.));
#10995=DIRECTION('',(0.,0.,1.));
#10996=DIRECTION('',(1.,0.,0.));
#10997=DIRECTION('',(0.,-1.,0.));
#10998=DIRECTION('',(0.,0.,1.));
#10999=DIRECTION('',(1.,0.,0.));
#11000=DIRECTION('',(-1.,0.,0.));
#11001=DIRECTION('',(0.,-1.,0.));
#11002=DIRECTION('',(0.,0.,-1.));
#11003=DIRECTION('',(1.,0.,0.));
#11004=DIRECTION('',(0.,0.,-1.));
#11005=DIRECTION('',(1.,0.,0.));
#11006=DIRECTION('',(0.,0.,1.));
#11007=DIRECTION('',(1.,0.,0.));
#11008=DIRECTION('',(0.,0.,1.));
#11009=DIRECTION('',(1.,0.,0.));
#11010=DIRECTION('',(0.,0.,1.));
#11011=DIRECTION('',(1.,0.,0.));
#11012=DIRECTION('',(0.,0.,1.));
#11013=DIRECTION('',(1.,0.,0.));
#11014=DIRECTION('',(0.,1.,0.));
#11015=DIRECTION('',(0.,0.,1.));
#11016=DIRECTION('',(0.,0.,1.));
#11017=DIRECTION('',(-1.,0.,0.));
#11018=DIRECTION('',(0.,0.,1.));
#11019=DIRECTION('',(0.,0.,1.));
#11020=DIRECTION('',(1.,0.,0.));
#11021=DIRECTION('',(0.,0.,1.));
#11022=DIRECTION('',(0.,0.,1.));
#11023=DIRECTION('',(1.,0.,0.));
#11024=DIRECTION('',(-1.,0.,0.));
#11025=DIRECTION('',(0.,0.,1.));
#11026=DIRECTION('',(0.,0.,1.));
#11027=DIRECTION('',(0.,-1.,0.));
#11028=DIRECTION('',(0.,0.,1.));
#11029=DIRECTION('',(1.,0.,0.));
#11030=DIRECTION('',(0.,0.,1.));
#11031=DIRECTION('',(0.,0.,1.));
#11032=DIRECTION('',(1.,0.,0.));
#11033=DIRECTION('',(0.,1.,0.));
#11034=DIRECTION('',(0.,0.,1.));
#11035=DIRECTION('',(-1.,0.,0.));
#11036=DIRECTION('',(0.,0.,1.));
#11037=DIRECTION('',(0.,0.,1.));
#11038=DIRECTION('',(1.,0.,0.));
#11039=DIRECTION('',(0.,0.,1.));
#11040=DIRECTION('',(1.,0.,0.));
#11041=DIRECTION('',(0.,0.,1.));
#11042=DIRECTION('',(1.,0.,0.));
#11043=DIRECTION('',(0.,0.,1.));
#11044=DIRECTION('',(1.,0.,0.));
#11045=DIRECTION('',(0.,0.,1.));
#11046=DIRECTION('',(1.,0.,0.));
#11047=DIRECTION('',(0.,-1.,0.));
#11048=DIRECTION('',(0.,0.,-1.));
#11049=DIRECTION('',(-1.,0.,0.));
#11050=DIRECTION('',(0.,0.,-1.));
#11051=DIRECTION('',(-1.,0.,0.));
#11052=DIRECTION('',(0.,0.,-1.));
#11053=DIRECTION('',(-1.,0.,0.));
#11054=DIRECTION('',(0.,0.,-1.));
#11055=DIRECTION('',(-1.,0.,0.));
#11056=DIRECTION('',(-1.,0.,0.));
#11057=DIRECTION('',(0.,-1.,0.));
#11058=DIRECTION('',(0.,0.,1.));
#11059=DIRECTION('',(1.,0.,0.));
#11060=DIRECTION('',(1.,0.,0.));
#11061=DIRECTION('',(0.,0.,-1.));
#11062=DIRECTION('',(0.,1.,0.));
#11063=DIRECTION('',(0.,0.,-1.));
#11064=DIRECTION('',(0.,-1.,0.));
#11065=DIRECTION('',(0.,0.,-1.));
#11066=DIRECTION('',(0.,0.,-1.));
#11067=DIRECTION('',(-1.,0.,0.));
#11068=DIRECTION('',(0.,1.,0.));
#11069=DIRECTION('',(-1.,0.,0.));
#11070=DIRECTION('',(-1.,0.,0.));
#11071=DIRECTION('',(1.,0.,0.));
#11072=DIRECTION('',(0.,0.,-1.));
#11073=DIRECTION('',(0.,0.,-1.));
#11074=DIRECTION('',(0.,0.,-1.));
#11075=DIRECTION('',(0.,-1.,0.));
#11076=DIRECTION('',(0.,1.,0.));
#11077=DIRECTION('',(-1.,0.,0.));
#11078=DIRECTION('',(0.,0.,-1.));
#11079=DIRECTION('',(-1.,0.,0.));
#11080=DIRECTION('',(0.,0.,-1.));
#11081=DIRECTION('',(-1.,0.,0.));
#11082=DIRECTION('',(0.,0.,-1.));
#11083=DIRECTION('',(-1.,0.,0.));
#11084=DIRECTION('',(0.,0.,-1.));
#11085=DIRECTION('',(-1.,0.,0.));
#11086=DIRECTION('',(0.,1.,0.));
#11087=DIRECTION('',(-1.,0.,0.));
#11088=DIRECTION('',(-1.,0.,0.));
#11089=DIRECTION('',(0.,0.,-1.));
#11090=DIRECTION('',(-1.,0.,0.));
#11091=DIRECTION('',(0.,-1.,0.));
#11092=DIRECTION('',(0.,0.,-1.));
#11093=DIRECTION('',(0.,0.,-1.));
#11094=DIRECTION('',(0.,-1.,0.));
#11095=DIRECTION('',(0.,0.,-1.));
#11096=DIRECTION('',(1.,0.,0.));
#11097=DIRECTION('',(0.,-1.,0.));
#11098=DIRECTION('',(0.,0.,-1.));
#11099=DIRECTION('',(0.,0.,-1.));
#11100=DIRECTION('',(0.,-1.,0.));
#11101=DIRECTION('',(0.,0.,-1.));
#11102=DIRECTION('',(-1.,0.,0.));
#11103=DIRECTION('',(0.,0.,-1.));
#11104=DIRECTION('',(-1.,0.,0.));
#11105=DIRECTION('',(0.,0.,-1.));
#11106=DIRECTION('',(-1.,0.,0.));
#11107=DIRECTION('',(0.,0.,1.));
#11108=DIRECTION('',(1.,0.,0.));
#11109=DIRECTION('',(0.,-1.,0.));
#11110=DIRECTION('',(0.,0.,1.));
#11111=DIRECTION('',(1.,0.,0.));
#11112=DIRECTION('',(-1.,0.,0.));
#11113=DIRECTION('',(0.,-1.,0.));
#11114=DIRECTION('',(1.,0.,0.));
#11115=DIRECTION('',(-2.47817639425258E-16,-1.,0.));
#11116=DIRECTION('',(1.,0.,0.));
#11117=DIRECTION('',(0.,-1.,0.));
#11118=DIRECTION('',(1.,0.,0.));
#11119=DIRECTION('',(-2.47817639425258E-16,-1.,0.));
#11120=DIRECTION('',(1.,0.,0.));
#11121=DIRECTION('',(0.,-1.,0.));
#11122=DIRECTION('',(1.,0.,0.));
#11123=DIRECTION('',(-2.47817639425258E-16,-1.,0.));
#11124=DIRECTION('',(1.,0.,0.));
#11125=DIRECTION('',(0.,-1.,0.));
#11126=DIRECTION('',(1.,0.,0.));
#11127=DIRECTION('',(-2.47817639425258E-16,-1.,0.));
#11128=DIRECTION('',(1.,0.,0.));
#11129=DIRECTION('',(0.,-1.,0.));
#11130=DIRECTION('',(1.,0.,0.));
#11131=DIRECTION('',(-2.47817639425258E-16,-1.,0.));
#11132=DIRECTION('',(1.,0.,0.));
#11133=DIRECTION('',(0.,-1.,0.));
#11134=DIRECTION('',(1.,0.,0.));
#11135=DIRECTION('',(-2.47817639425258E-16,-1.,0.));
#11136=DIRECTION('',(1.,0.,0.));
#11137=DIRECTION('',(0.,-1.,0.));
#11138=DIRECTION('',(0.,-1.,0.));
#11139=DIRECTION('',(0.,1.,0.));
#11140=DIRECTION('',(1.,0.,0.));
#11141=DIRECTION('',(0.,-1.,0.));
#11142=DIRECTION('',(1.,0.,0.));
#11143=DIRECTION('',(0.,1.,0.));
#11144=DIRECTION('',(-1.,0.,0.));
#11145=DIRECTION('',(0.,1.,0.));
#11146=DIRECTION('',(1.,0.,0.));
#11147=DIRECTION('',(0.,-1.,0.));
#11148=DIRECTION('',(1.,0.,0.));
#11149=DIRECTION('',(0.,1.,0.));
#11150=DIRECTION('',(0.,-1.,0.));
#11151=DIRECTION('',(0.,-1.,0.));
#11152=DIRECTION('',(1.,0.,0.));
#11153=DIRECTION('',(0.,-1.,0.));
#11154=DIRECTION('',(1.,0.,0.));
#11155=DIRECTION('',(0.,-1.,0.));
#11156=DIRECTION('',(1.,0.,0.));
#11157=DIRECTION('',(0.,-1.,0.));
#11158=DIRECTION('',(1.,0.,0.));
#11159=DIRECTION('',(0.,-1.,0.));
#11160=DIRECTION('',(1.,0.,0.));
#11161=DIRECTION('',(0.,-1.,0.));
#11162=DIRECTION('',(1.,0.,0.));
#11163=DIRECTION('',(0.,-1.,0.));
#11164=DIRECTION('',(1.,0.,0.));
#11165=DIRECTION('',(0.,-1.,0.));
#11166=DIRECTION('',(1.,0.,0.));
#11167=DIRECTION('',(0.,-1.,0.));
#11168=DIRECTION('',(1.,0.,0.));
#11169=DIRECTION('',(0.,-1.,0.));
#11170=DIRECTION('',(1.,0.,0.));
#11171=DIRECTION('',(0.,-1.,0.));
#11172=DIRECTION('',(1.,0.,0.));
#11173=DIRECTION('',(0.,-1.,0.));
#11174=DIRECTION('',(1.,0.,0.));
#11175=DIRECTION('',(0.,-1.,0.));
#11176=DIRECTION('',(1.,0.,0.));
#11177=DIRECTION('',(0.,-1.,0.));
#11178=DIRECTION('',(1.,0.,0.));
#11179=DIRECTION('',(0.,-1.,0.));
#11180=DIRECTION('',(1.,0.,0.));
#11181=DIRECTION('',(0.,-1.,0.));
#11182=DIRECTION('',(1.,0.,0.));
#11183=DIRECTION('',(0.,-1.,0.));
#11184=DIRECTION('',(1.,0.,0.));
#11185=DIRECTION('',(0.,-1.,0.));
#11186=DIRECTION('',(1.,0.,0.));
#11187=DIRECTION('',(0.,-1.,0.));
#11188=DIRECTION('',(1.,0.,0.));
#11189=DIRECTION('',(0.,-1.,0.));
#11190=DIRECTION('',(1.,0.,0.));
#11191=DIRECTION('',(0.,-1.,0.));
#11192=DIRECTION('',(1.,0.,0.));
#11193=DIRECTION('',(0.,-1.,0.));
#11194=DIRECTION('',(1.,0.,0.));
#11195=DIRECTION('',(0.,-1.,0.));
#11196=DIRECTION('',(1.,0.,0.));
#11197=DIRECTION('',(0.,-1.,0.));
#11198=DIRECTION('',(1.,0.,0.));
#11199=DIRECTION('',(0.,-1.,0.));
#11200=DIRECTION('',(1.,0.,0.));
#11201=DIRECTION('',(0.,-1.,0.));
#11202=DIRECTION('',(1.,0.,0.));
#11203=DIRECTION('',(1.,0.,0.));
#11204=DIRECTION('',(0.,-1.,0.));
#11205=DIRECTION('',(1.,0.,0.));
#11206=DIRECTION('',(0.,-1.,0.));
#11207=DIRECTION('',(1.,0.,0.));
#11208=DIRECTION('',(0.,-1.,0.));
#11209=DIRECTION('',(1.,0.,0.));
#11210=DIRECTION('',(0.,-1.,0.));
#11211=DIRECTION('',(1.,0.,0.));
#11212=DIRECTION('',(0.,-1.,0.));
#11213=DIRECTION('',(1.,0.,0.));
#11214=DIRECTION('',(0.,-1.,0.));
#11215=DIRECTION('',(1.,0.,0.));
#11216=DIRECTION('',(0.,-1.,0.));
#11217=DIRECTION('',(1.,0.,0.));
#11218=DIRECTION('',(0.,-1.,0.));
#11219=DIRECTION('',(1.,0.,0.));
#11220=DIRECTION('',(0.,-1.,0.));
#11221=DIRECTION('',(1.,0.,0.));
#11222=DIRECTION('',(0.,-1.,0.));
#11223=DIRECTION('',(1.,0.,0.));
#11224=DIRECTION('',(0.,-1.,0.));
#11225=DIRECTION('',(1.,0.,0.));
#11226=DIRECTION('',(0.,-1.,0.));
#11227=DIRECTION('',(1.,0.,0.));
#11228=DIRECTION('',(0.,-1.,0.));
#11229=DIRECTION('',(1.,0.,0.));
#11230=DIRECTION('',(0.,-1.,0.));
#11231=DIRECTION('',(1.,0.,0.));
#11232=DIRECTION('',(0.,-1.,0.));
#11233=DIRECTION('',(1.,0.,0.));
#11234=DIRECTION('',(0.,-1.,0.));
#11235=DIRECTION('',(1.,0.,0.));
#11236=DIRECTION('',(0.,-1.,0.));
#11237=DIRECTION('',(1.,0.,0.));
#11238=DIRECTION('',(0.,-1.,0.));
#11239=DIRECTION('',(1.,0.,0.));
#11240=DIRECTION('',(0.,-1.,0.));
#11241=DIRECTION('',(1.,0.,0.));
#11242=DIRECTION('',(0.,-1.,0.));
#11243=DIRECTION('',(0.,-1.,0.));
#11244=DIRECTION('',(1.,0.,0.));
#11245=DIRECTION('',(0.,-1.,0.));
#11246=DIRECTION('',(1.,0.,0.));
#11247=DIRECTION('',(0.,-1.,0.));
#11248=DIRECTION('',(1.,0.,0.));
#11249=DIRECTION('',(0.,-1.,0.));
#11250=DIRECTION('',(1.,0.,0.));
#11251=DIRECTION('',(0.,-1.,0.));
#11252=DIRECTION('',(1.,0.,0.));
#11253=DIRECTION('',(0.,-1.,0.));
#11254=DIRECTION('',(1.,0.,0.));
#11255=DIRECTION('',(0.,-1.,0.));
#11256=DIRECTION('',(1.,0.,0.));
#11257=DIRECTION('',(0.,-1.,0.));
#11258=DIRECTION('',(1.,0.,0.));
#11259=DIRECTION('',(0.,-1.,0.));
#11260=DIRECTION('',(1.,0.,0.));
#11261=DIRECTION('',(0.,-1.,0.));
#11262=DIRECTION('',(1.,0.,0.));
#11263=DIRECTION('',(0.,-1.,0.));
#11264=DIRECTION('',(1.,0.,0.));
#11265=DIRECTION('',(0.,-1.,0.));
#11266=DIRECTION('',(1.,0.,0.));
#11267=DIRECTION('',(0.,-1.,0.));
#11268=DIRECTION('',(1.,0.,0.));
#11269=DIRECTION('',(0.,-1.,0.));
#11270=DIRECTION('',(1.,0.,0.));
#11271=DIRECTION('',(0.,-1.,0.));
#11272=DIRECTION('',(1.,0.,0.));
#11273=DIRECTION('',(0.,-1.,0.));
#11274=DIRECTION('',(1.,0.,0.));
#11275=DIRECTION('',(0.,-1.,0.));
#11276=DIRECTION('',(1.,0.,0.));
#11277=DIRECTION('',(0.,-1.,0.));
#11278=DIRECTION('',(1.,0.,0.));
#11279=DIRECTION('',(0.,-1.,0.));
#11280=DIRECTION('',(1.,0.,0.));
#11281=DIRECTION('',(0.,-1.,0.));
#11282=DIRECTION('',(1.,0.,0.));
#11283=DIRECTION('',(0.,-1.,0.));
#11284=DIRECTION('',(1.,0.,0.));
#11285=DIRECTION('',(0.,-1.,0.));
#11286=DIRECTION('',(1.,0.,0.));
#11287=DIRECTION('',(0.,0.,1.));
#11288=DIRECTION('',(1.,0.,0.));
#11289=DIRECTION('',(0.,0.,1.));
#11290=DIRECTION('',(1.,0.,0.));
#11291=DIRECTION('',(0.,0.,1.));
#11292=DIRECTION('',(1.,0.,0.));
#11293=DIRECTION('',(1.,0.,0.));
#11294=DIRECTION('',(0.,0.,-1.));
#11295=DIRECTION('',(0.,1.,0.));
#11296=DIRECTION('',(0.,0.,1.));
#11297=DIRECTION('',(0.,1.,0.));
#11298=DIRECTION('',(0.,0.,1.));
#11299=DIRECTION('',(0.,0.,-1.));
#11300=DIRECTION('',(1.,0.,0.));
#11301=DIRECTION('',(0.,0.,-1.));
#11302=DIRECTION('',(0.,1.,0.));
#11303=DIRECTION('',(0.,0.,-1.));
#11304=DIRECTION('',(0.,0.,1.));
#11305=DIRECTION('',(0.,1.,0.));
#11306=DIRECTION('',(0.,0.,1.));
#11307=DIRECTION('',(0.,0.,-1.));
#11308=DIRECTION('',(-1.,0.,0.));
#11309=DIRECTION('',(-1.,0.,0.));
#11310=DIRECTION('',(0.,0.,1.));
#11311=DIRECTION('',(1.,0.,0.));
#11312=DIRECTION('',(0.,0.,1.));
#11313=DIRECTION('',(1.,0.,0.));
#11314=DIRECTION('',(1.,0.,0.));
#11315=DIRECTION('',(0.,-1.,0.));
#11316=DIRECTION('',(1.,0.,0.));
#11317=DIRECTION('',(0.,-1.,0.));
#11318=DIRECTION('',(1.,0.,0.));
#11319=DIRECTION('',(0.,-1.,0.));
#11320=DIRECTION('',(1.,0.,0.));
#11321=DIRECTION('',(0.,-1.,0.));
#11322=DIRECTION('',(1.,0.,0.));
#11323=DIRECTION('',(0.,-1.,0.));
#11324=DIRECTION('',(1.,0.,0.));
#11325=DIRECTION('',(0.,-1.,0.));
#11326=DIRECTION('',(1.,0.,0.));
#11327=DIRECTION('',(0.,-1.,0.));
#11328=DIRECTION('',(1.,0.,0.));
#11329=DIRECTION('',(0.,-1.,0.));
#11330=DIRECTION('',(1.,0.,0.));
#11331=DIRECTION('',(0.,-1.,0.));
#11332=DIRECTION('',(1.,0.,0.));
#11333=DIRECTION('',(0.,-1.,0.));
#11334=DIRECTION('',(1.,0.,0.));
#11335=DIRECTION('',(0.,-1.,0.));
#11336=DIRECTION('',(1.,0.,0.));
#11337=DIRECTION('',(0.,-1.,0.));
#11338=DIRECTION('',(1.,0.,0.));
#11339=DIRECTION('',(0.,-1.,0.));
#11340=DIRECTION('',(1.,0.,0.));
#11341=DIRECTION('',(0.,-1.,0.));
#11342=DIRECTION('',(1.,0.,0.));
#11343=DIRECTION('',(0.,-1.,0.));
#11344=DIRECTION('',(1.,0.,0.));
#11345=DIRECTION('',(0.,-1.,0.));
#11346=DIRECTION('',(1.,0.,0.));
#11347=DIRECTION('',(0.,-1.,0.));
#11348=DIRECTION('',(1.,0.,0.));
#11349=DIRECTION('',(0.,-1.,0.));
#11350=DIRECTION('',(1.,0.,0.));
#11351=DIRECTION('',(0.,-1.,0.));
#11352=DIRECTION('',(1.,0.,0.));
#11353=DIRECTION('',(0.,-1.,0.));
#11354=DIRECTION('',(1.,0.,0.));
#11355=DIRECTION('',(0.,-1.,0.));
#11356=DIRECTION('',(1.,0.,0.));
#11357=DIRECTION('',(0.,-1.,0.));
#11358=DIRECTION('',(1.,0.,0.));
#11359=DIRECTION('',(0.,-1.,0.));
#11360=DIRECTION('',(1.,0.,0.));
#11361=DIRECTION('',(0.,-1.,0.));
#11362=DIRECTION('',(1.,0.,0.));
#11363=DIRECTION('',(0.,-1.,0.));
#11364=DIRECTION('',(1.,0.,0.));
#11365=DIRECTION('',(0.,-1.,0.));
#11366=DIRECTION('',(1.,0.,0.));
#11367=DIRECTION('',(0.,-1.,0.));
#11368=DIRECTION('',(1.,0.,0.));
#11369=DIRECTION('',(0.,-1.,0.));
#11370=DIRECTION('',(1.,0.,0.));
#11371=DIRECTION('',(0.,-1.,0.));
#11372=DIRECTION('',(1.,0.,0.));
#11373=DIRECTION('',(0.,-1.,0.));
#11374=DIRECTION('',(1.,0.,0.));
#11375=DIRECTION('',(0.,-1.,0.));
#11376=DIRECTION('',(1.,0.,0.));
#11377=DIRECTION('',(0.,-1.,0.));
#11378=DIRECTION('',(1.,0.,0.));
#11379=DIRECTION('',(0.,-1.,0.));
#11380=DIRECTION('',(1.,0.,0.));
#11381=DIRECTION('',(0.,-1.,0.));
#11382=DIRECTION('',(1.,0.,0.));
#11383=DIRECTION('',(0.,-1.,0.));
#11384=DIRECTION('',(1.,0.,0.));
#11385=DIRECTION('',(0.,-1.,0.));
#11386=DIRECTION('',(1.,0.,0.));
#11387=DIRECTION('',(0.,-1.,0.));
#11388=DIRECTION('',(1.,0.,0.));
#11389=DIRECTION('',(0.,-1.,0.));
#11390=DIRECTION('',(1.,0.,0.));
#11391=DIRECTION('',(0.,-1.,0.));
#11392=DIRECTION('',(1.,0.,0.));
#11393=DIRECTION('',(0.,-1.,0.));
#11394=DIRECTION('',(1.,0.,0.));
#11395=DIRECTION('',(0.,-1.,0.));
#11396=DIRECTION('',(1.,0.,0.));
#11397=DIRECTION('',(0.,-1.,0.));
#11398=DIRECTION('',(1.,0.,0.));
#11399=DIRECTION('',(0.,-1.,0.));
#11400=DIRECTION('',(1.,0.,0.));
#11401=DIRECTION('',(0.,-1.,0.));
#11402=DIRECTION('',(1.,0.,0.));
#11403=DIRECTION('',(0.,-1.,0.));
#11404=DIRECTION('',(1.,0.,0.));
#11405=DIRECTION('',(0.,-1.,0.));
#11406=DIRECTION('',(1.,0.,0.));
#11407=DIRECTION('',(0.,-1.,0.));
#11408=DIRECTION('',(1.,0.,0.));
#11409=DIRECTION('',(0.,-1.,0.));
#11410=DIRECTION('',(0.,-1.,0.));
#11411=DIRECTION('',(1.,0.,0.));
#11412=DIRECTION('',(0.,-1.,0.));
#11413=DIRECTION('',(1.,0.,0.));
#11414=DIRECTION('',(0.,-1.,0.));
#11415=DIRECTION('',(1.,0.,0.));
#11416=DIRECTION('',(0.,-1.,0.));
#11417=DIRECTION('',(1.,0.,0.));
#11418=DIRECTION('',(0.,-1.,0.));
#11419=DIRECTION('',(1.,0.,0.));
#11420=DIRECTION('',(0.,-1.,0.));
#11421=DIRECTION('',(1.,0.,0.));
#11422=DIRECTION('',(0.,-1.,0.));
#11423=DIRECTION('',(1.,0.,0.));
#11424=DIRECTION('',(0.,-1.,0.));
#11425=DIRECTION('',(1.,0.,0.));
#11426=DIRECTION('',(0.,-1.,0.));
#11427=DIRECTION('',(1.,0.,0.));
#11428=DIRECTION('',(0.,-1.,0.));
#11429=DIRECTION('',(1.,0.,0.));
#11430=DIRECTION('',(0.,-1.,0.));
#11431=DIRECTION('',(1.,0.,0.));
#11432=DIRECTION('',(0.,-1.,0.));
#11433=DIRECTION('',(1.,0.,0.));
#11434=DIRECTION('',(0.,-1.,0.));
#11435=DIRECTION('',(1.,0.,0.));
#11436=DIRECTION('',(0.,-1.,0.));
#11437=DIRECTION('',(1.,0.,0.));
#11438=DIRECTION('',(0.,-1.,0.));
#11439=DIRECTION('',(1.,0.,0.));
#11440=DIRECTION('',(0.,-1.,0.));
#11441=DIRECTION('',(1.,0.,0.));
#11442=DIRECTION('',(0.,-1.,0.));
#11443=DIRECTION('',(1.,0.,0.));
#11444=DIRECTION('',(0.,-1.,0.));
#11445=DIRECTION('',(1.,0.,0.));
#11446=DIRECTION('',(0.,-1.,0.));
#11447=DIRECTION('',(1.,0.,0.));
#11448=DIRECTION('',(0.,-1.,0.));
#11449=DIRECTION('',(1.,0.,0.));
#11450=DIRECTION('',(0.,0.,1.));
#11451=DIRECTION('',(1.,0.,0.));
#11452=DIRECTION('',(0.,0.,1.));
#11453=DIRECTION('',(1.,0.,0.));
#11454=DIRECTION('',(0.,-1.,0.));
#11455=DIRECTION('',(1.,0.,0.));
#11456=DIRECTION('',(-2.47817639425258E-16,-1.,0.));
#11457=DIRECTION('',(1.,0.,0.));
#11458=DIRECTION('',(0.,-1.,0.));
#11459=DIRECTION('',(1.,0.,0.));
#11460=DIRECTION('',(-2.47817639425258E-16,-1.,0.));
#11461=DIRECTION('',(1.,0.,0.));
#11462=DIRECTION('',(0.,-1.,0.));
#11463=DIRECTION('',(1.,0.,0.));
#11464=DIRECTION('',(-2.47817639425258E-16,-1.,0.));
#11465=DIRECTION('',(1.,0.,0.));
#11466=DIRECTION('',(0.,-1.,0.));
#11467=DIRECTION('',(1.,0.,0.));
#11468=DIRECTION('',(-2.47817639425258E-16,-1.,0.));
#11469=DIRECTION('',(1.,0.,0.));
#11470=DIRECTION('',(0.,-1.,0.));
#11471=DIRECTION('',(1.,0.,0.));
#11472=DIRECTION('',(-2.47817639425258E-16,-1.,0.));
#11473=DIRECTION('',(1.,0.,0.));
#11474=DIRECTION('',(0.,-1.,0.));
#11475=DIRECTION('',(1.,0.,0.));
#11476=DIRECTION('',(-2.47817639425258E-16,-1.,0.));
#11477=DIRECTION('',(1.,0.,0.));
#11478=DIRECTION('',(0.,-1.,0.));
#11479=DIRECTION('',(-1.,0.,0.));
#11480=DIRECTION('',(0.,0.,1.));
#11481=DIRECTION('',(1.,0.,0.));
#11482=DIRECTION('',(0.,-1.,0.));
#11483=DIRECTION('',(0.,0.,1.));
#11484=DIRECTION('',(1.,0.,0.));
#11485=DIRECTION('',(0.,-1.,0.));
#11486=DIRECTION('',(0.,0.,1.));
#11487=DIRECTION('',(1.,0.,0.));
#11488=DIRECTION('',(1.,0.,0.));
#11489=DIRECTION('',(0.,0.,1.));
#11490=DIRECTION('',(1.,0.,0.));
#11491=DIRECTION('',(0.,-1.,0.));
#11492=DIRECTION('',(0.,-1.,0.));
#11493=DIRECTION('',(0.,0.,-1.));
#11494=DIRECTION('',(0.,0.,-1.));
#11495=DIRECTION('',(0.,0.,-1.));
#11496=DIRECTION('',(0.,-1.,0.));
#11497=DIRECTION('',(0.,0.,-1.));
#11498=DIRECTION('',(0.,0.,-1.));
#11499=DIRECTION('',(0.,0.,1.));
#11500=DIRECTION('',(0.,-1.,0.));
#11501=DIRECTION('',(0.,0.,-1.));
#11502=DIRECTION('',(0.,0.,-1.));
#11503=DIRECTION('',(0.,0.,1.));
#11504=DIRECTION('',(0.,-1.,0.));
#11505=DIRECTION('',(0.,0.,-1.));
#11506=DIRECTION('',(0.,0.,-1.));
#11507=DIRECTION('',(0.,0.,1.));
#11508=DIRECTION('',(0.,-1.,0.));
#11509=DIRECTION('',(0.,0.,-1.));
#11510=DIRECTION('',(0.,0.,-1.));
#11511=DIRECTION('',(0.,0.,1.));
#11512=DIRECTION('',(0.,-1.,0.));
#11513=DIRECTION('',(0.,0.,-1.));
#11514=DIRECTION('',(0.,0.,-1.));
#11515=DIRECTION('',(0.,0.,1.));
#11516=DIRECTION('',(0.,-1.,0.));
#11517=DIRECTION('',(0.,0.,-1.));
#11518=DIRECTION('',(0.,0.,-1.));
#11519=DIRECTION('',(0.,0.,1.));
#11520=DIRECTION('',(0.,-1.,0.));
#11521=DIRECTION('',(0.,0.,-1.));
#11522=DIRECTION('',(0.,0.,-1.));
#11523=DIRECTION('',(0.,0.,1.));
#11524=DIRECTION('',(0.,-1.,0.));
#11525=DIRECTION('',(0.,0.,-1.));
#11526=DIRECTION('',(0.,0.,-1.));
#11527=DIRECTION('',(0.,0.,1.));
#11528=DIRECTION('',(0.,-1.,0.));
#11529=DIRECTION('',(0.,0.,-1.));
#11530=DIRECTION('',(0.,0.,-1.));
#11531=DIRECTION('',(0.,0.,1.));
#11532=DIRECTION('',(0.,-1.,0.));
#11533=DIRECTION('',(0.,0.,-1.));
#11534=DIRECTION('',(0.,0.,-1.));
#11535=DIRECTION('',(0.,0.,1.));
#11536=DIRECTION('',(0.,-1.,0.));
#11537=DIRECTION('',(0.,0.,-1.));
#11538=DIRECTION('',(0.,0.,-1.));
#11539=DIRECTION('',(0.,0.,1.));
#11540=DIRECTION('',(0.,-1.,0.));
#11541=DIRECTION('',(0.,0.,-1.));
#11542=DIRECTION('',(0.,0.,-1.));
#11543=DIRECTION('',(0.,0.,1.));
#11544=DIRECTION('',(0.,-1.,0.));
#11545=DIRECTION('',(0.,0.,-1.));
#11546=DIRECTION('',(0.,0.,1.));
#11547=DIRECTION('',(1.,0.,0.));
#11548=DIRECTION('',(0.,-1.,0.));
#11549=DIRECTION('',(0.,0.,-1.));
#11550=DIRECTION('',(1.,0.,0.));
#11551=DIRECTION('',(0.,0.,1.));
#11552=DIRECTION('',(0.,0.,1.));
#11553=DIRECTION('',(1.,0.,0.));
#11554=DIRECTION('',(0.,-1.,0.));
#11555=DIRECTION('',(1.,0.,0.));
#11556=DIRECTION('',(0.,0.,-1.));
#11557=DIRECTION('',(0.,0.,-1.));
#11558=DIRECTION('',(0.,0.,-1.));
#11559=DIRECTION('',(0.,0.,-1.));
#11560=DIRECTION('',(-1.,0.,0.));
#11561=DIRECTION('',(0.,0.,-1.));
#11562=DIRECTION('',(-1.,0.,0.));
#11563=DIRECTION('',(0.,-1.,0.));
#11564=DIRECTION('',(0.,0.,-1.));
#11565=DIRECTION('',(0.,0.,1.));
#11566=DIRECTION('',(0.,0.,1.));
#11567=DIRECTION('',(-1.,0.,0.));
#11568=DIRECTION('',(0.,0.,1.));
#11569=DIRECTION('',(0.,0.,1.));
#11570=DIRECTION('',(0.,-1.,0.));
#11571=DIRECTION('',(0.,0.,-1.));
#11572=DIRECTION('',(0.,0.,1.));
#11573=DIRECTION('',(-1.,0.,0.));
#11574=DIRECTION('',(0.,0.,1.));
#11575=DIRECTION('',(0.,-1.,0.));
#11576=DIRECTION('',(0.,0.,-1.));
#11577=DIRECTION('',(0.,0.,1.));
#11578=DIRECTION('',(0.,0.,1.));
#11579=DIRECTION('',(-1.,0.,0.));
#11580=DIRECTION('',(0.,0.,1.));
#11581=DIRECTION('',(0.,0.,1.));
#11582=DIRECTION('',(0.,-1.,0.));
#11583=DIRECTION('',(0.,0.,-1.));
#11584=DIRECTION('',(0.,0.,1.));
#11585=DIRECTION('',(-1.,0.,0.));
#11586=DIRECTION('',(0.,0.,1.));
#11587=DIRECTION('',(0.,-1.,0.));
#11588=DIRECTION('',(0.,0.,-1.));
#11589=DIRECTION('',(0.,0.,1.));
#11590=DIRECTION('',(0.,0.,1.));
#11591=DIRECTION('',(-1.,0.,0.));
#11592=DIRECTION('',(0.,0.,1.));
#11593=DIRECTION('',(0.,0.,1.));
#11594=DIRECTION('',(0.,-1.,0.));
#11595=DIRECTION('',(0.,0.,-1.));
#11596=DIRECTION('',(0.,0.,1.));
#11597=DIRECTION('',(-1.,0.,0.));
#11598=DIRECTION('',(0.,0.,1.));
#11599=DIRECTION('',(0.,-1.,0.));
#11600=DIRECTION('',(0.,0.,-1.));
#11601=DIRECTION('',(0.,0.,1.));
#11602=DIRECTION('',(0.,0.,1.));
#11603=DIRECTION('',(-1.,0.,0.));
#11604=DIRECTION('',(0.,0.,1.));
#11605=DIRECTION('',(0.,0.,1.));
#11606=DIRECTION('',(0.,-1.,0.));
#11607=DIRECTION('',(0.,0.,-1.));
#11608=DIRECTION('',(0.,0.,1.));
#11609=DIRECTION('',(-1.,0.,0.));
#11610=DIRECTION('',(0.,0.,1.));
#11611=DIRECTION('',(0.,-1.,0.));
#11612=DIRECTION('',(0.,0.,-1.));
#11613=DIRECTION('',(0.,0.,1.));
#11614=DIRECTION('',(0.,0.,1.));
#11615=DIRECTION('',(-1.,0.,0.));
#11616=DIRECTION('',(0.,0.,1.));
#11617=DIRECTION('',(0.,0.,1.));
#11618=DIRECTION('',(0.,-1.,0.));
#11619=DIRECTION('',(0.,0.,-1.));
#11620=DIRECTION('',(0.,0.,1.));
#11621=DIRECTION('',(-1.,0.,0.));
#11622=DIRECTION('',(0.,0.,1.));
#11623=DIRECTION('',(0.,-1.,0.));
#11624=DIRECTION('',(0.,0.,-1.));
#11625=DIRECTION('',(0.,0.,1.));
#11626=DIRECTION('',(0.,0.,1.));
#11627=DIRECTION('',(-1.,0.,0.));
#11628=DIRECTION('',(0.,0.,1.));
#11629=DIRECTION('',(0.,0.,1.));
#11630=DIRECTION('',(0.,-1.,0.));
#11631=DIRECTION('',(0.,0.,-1.));
#11632=DIRECTION('',(0.,0.,1.));
#11633=DIRECTION('',(-1.,0.,0.));
#11634=DIRECTION('',(0.,0.,1.));
#11635=DIRECTION('',(0.,-1.,0.));
#11636=DIRECTION('',(0.,0.,-1.));
#11637=DIRECTION('',(0.,0.,1.));
#11638=DIRECTION('',(0.,0.,1.));
#11639=DIRECTION('',(-1.,0.,0.));
#11640=DIRECTION('',(0.,0.,1.));
#11641=DIRECTION('',(0.,0.,1.));
#11642=DIRECTION('',(0.,-1.,0.));
#11643=DIRECTION('',(0.,0.,-1.));
#11644=DIRECTION('',(0.,0.,1.));
#11645=DIRECTION('',(-1.,0.,0.));
#11646=DIRECTION('',(0.,0.,1.));
#11647=DIRECTION('',(0.,-1.,0.));
#11648=DIRECTION('',(0.,0.,-1.));
#11649=DIRECTION('',(0.,0.,1.));
#11650=DIRECTION('',(0.,0.,1.));
#11651=DIRECTION('',(-1.,0.,0.));
#11652=DIRECTION('',(0.,0.,1.));
#11653=DIRECTION('',(0.,0.,1.));
#11654=DIRECTION('',(0.,-1.,0.));
#11655=DIRECTION('',(0.,0.,-1.));
#11656=DIRECTION('',(0.,0.,1.));
#11657=DIRECTION('',(-1.,0.,0.));
#11658=DIRECTION('',(0.,0.,1.));
#11659=DIRECTION('',(0.,-1.,0.));
#11660=DIRECTION('',(0.,0.,-1.));
#11661=DIRECTION('',(0.,0.,1.));
#11662=DIRECTION('',(0.,0.,1.));
#11663=DIRECTION('',(-1.,0.,0.));
#11664=DIRECTION('',(0.,0.,1.));
#11665=DIRECTION('',(0.,0.,1.));
#11666=DIRECTION('',(0.,-1.,0.));
#11667=DIRECTION('',(0.,0.,-1.));
#11668=DIRECTION('',(0.,0.,1.));
#11669=DIRECTION('',(-1.,0.,0.));
#11670=DIRECTION('',(0.,0.,1.));
#11671=DIRECTION('',(0.,-1.,0.));
#11672=DIRECTION('',(0.,0.,-1.));
#11673=DIRECTION('',(0.,0.,1.));
#11674=DIRECTION('',(0.,0.,1.));
#11675=DIRECTION('',(-1.,0.,0.));
#11676=DIRECTION('',(0.,0.,1.));
#11677=DIRECTION('',(0.,0.,1.));
#11678=DIRECTION('',(0.,-1.,0.));
#11679=DIRECTION('',(0.,0.,-1.));
#11680=DIRECTION('',(0.,0.,1.));
#11681=DIRECTION('',(-1.,0.,0.));
#11682=DIRECTION('',(0.,0.,1.));
#11683=DIRECTION('',(-1.,0.,0.));
#11684=DIRECTION('',(0.,0.,1.));
#11685=DIRECTION('',(0.,0.,1.));
#11686=DIRECTION('',(0.,0.,1.));
#11687=DIRECTION('',(0.,-1.,0.));
#11688=DIRECTION('',(0.,0.,-1.));
#11689=DIRECTION('',(0.,0.,1.));
#11690=DIRECTION('',(-1.,0.,0.));
#11691=DIRECTION('',(0.,0.,1.));
#11692=DIRECTION('',(0.,0.,1.));
#11693=DIRECTION('',(0.,-1.,0.));
#11694=DIRECTION('',(0.,0.,-1.));
#11695=DIRECTION('',(-1.,0.,0.));
#11696=DIRECTION('',(0.,0.,1.));
#11697=DIRECTION('',(0.,0.,1.));
#11698=DIRECTION('',(0.,0.,1.));
#11699=DIRECTION('',(0.,-1.,0.));
#11700=DIRECTION('',(0.,0.,-1.));
#11701=DIRECTION('',(0.,0.,1.));
#11702=DIRECTION('',(-1.,0.,0.));
#11703=DIRECTION('',(0.,0.,1.));
#11704=DIRECTION('',(0.,0.,1.));
#11705=DIRECTION('',(0.,-1.,0.));
#11706=DIRECTION('',(0.,0.,-1.));
#11707=DIRECTION('',(-1.,0.,0.));
#11708=DIRECTION('',(0.,0.,1.));
#11709=DIRECTION('',(0.,0.,1.));
#11710=DIRECTION('',(0.,0.,1.));
#11711=DIRECTION('',(0.,-1.,0.));
#11712=DIRECTION('',(0.,0.,-1.));
#11713=DIRECTION('',(0.,0.,1.));
#11714=DIRECTION('',(-1.,0.,0.));
#11715=DIRECTION('',(0.,0.,1.));
#11716=DIRECTION('',(0.,0.,1.));
#11717=DIRECTION('',(0.,-1.,0.));
#11718=DIRECTION('',(0.,0.,-1.));
#11719=DIRECTION('',(-1.,0.,0.));
#11720=DIRECTION('',(0.,0.,1.));
#11721=DIRECTION('',(0.,0.,1.));
#11722=DIRECTION('',(0.,0.,1.));
#11723=DIRECTION('',(0.,-1.,0.));
#11724=DIRECTION('',(0.,0.,-1.));
#11725=DIRECTION('',(0.,0.,1.));
#11726=DIRECTION('',(-1.,0.,0.));
#11727=DIRECTION('',(0.,0.,1.));
#11728=DIRECTION('',(0.,0.,1.));
#11729=DIRECTION('',(0.,-1.,0.));
#11730=DIRECTION('',(0.,0.,-1.));
#11731=DIRECTION('',(-1.,0.,0.));
#11732=DIRECTION('',(0.,0.,1.));
#11733=DIRECTION('',(0.,0.,1.));
#11734=DIRECTION('',(0.,0.,1.));
#11735=DIRECTION('',(0.,-1.,0.));
#11736=DIRECTION('',(0.,0.,-1.));
#11737=DIRECTION('',(0.,0.,1.));
#11738=DIRECTION('',(-1.,0.,0.));
#11739=DIRECTION('',(0.,0.,1.));
#11740=DIRECTION('',(0.,0.,1.));
#11741=DIRECTION('',(0.,-1.,0.));
#11742=DIRECTION('',(0.,0.,-1.));
#11743=DIRECTION('',(-1.,0.,0.));
#11744=DIRECTION('',(0.,0.,1.));
#11745=DIRECTION('',(0.,0.,1.));
#11746=DIRECTION('',(0.,0.,1.));
#11747=DIRECTION('',(0.,-1.,0.));
#11748=DIRECTION('',(0.,0.,-1.));
#11749=DIRECTION('',(0.,0.,1.));
#11750=DIRECTION('',(-1.,0.,0.));
#11751=DIRECTION('',(0.,0.,1.));
#11752=DIRECTION('',(0.,0.,1.));
#11753=DIRECTION('',(0.,-1.,0.));
#11754=DIRECTION('',(0.,0.,-1.));
#11755=DIRECTION('',(-1.,0.,0.));
#11756=DIRECTION('',(0.,0.,1.));
#11757=DIRECTION('',(0.,0.,1.));
#11758=DIRECTION('',(0.,0.,1.));
#11759=DIRECTION('',(0.,-1.,0.));
#11760=DIRECTION('',(0.,0.,-1.));
#11761=DIRECTION('',(0.,0.,1.));
#11762=DIRECTION('',(-1.,0.,0.));
#11763=DIRECTION('',(0.,0.,1.));
#11764=DIRECTION('',(0.,0.,1.));
#11765=DIRECTION('',(0.,-1.,0.));
#11766=DIRECTION('',(0.,0.,-1.));
#11767=DIRECTION('',(-1.,0.,0.));
#11768=DIRECTION('',(0.,0.,1.));
#11769=DIRECTION('',(0.,0.,1.));
#11770=DIRECTION('',(0.,0.,1.));
#11771=DIRECTION('',(0.,-1.,0.));
#11772=DIRECTION('',(0.,0.,-1.));
#11773=DIRECTION('',(0.,0.,1.));
#11774=DIRECTION('',(-1.,0.,0.));
#11775=DIRECTION('',(0.,0.,1.));
#11776=DIRECTION('',(0.,0.,1.));
#11777=DIRECTION('',(0.,-1.,0.));
#11778=DIRECTION('',(0.,0.,-1.));
#11779=DIRECTION('',(-1.,0.,0.));
#11780=DIRECTION('',(0.,0.,1.));
#11781=DIRECTION('',(0.,0.,1.));
#11782=DIRECTION('',(0.,0.,1.));
#11783=DIRECTION('',(0.,-1.,0.));
#11784=DIRECTION('',(0.,0.,-1.));
#11785=DIRECTION('',(0.,0.,1.));
#11786=DIRECTION('',(-1.,0.,0.));
#11787=DIRECTION('',(0.,0.,1.));
#11788=DIRECTION('',(0.,0.,1.));
#11789=DIRECTION('',(0.,-1.,0.));
#11790=DIRECTION('',(0.,0.,-1.));
#11791=DIRECTION('',(-1.,0.,0.));
#11792=DIRECTION('',(0.,0.,1.));
#11793=DIRECTION('',(0.,0.,1.));
#11794=DIRECTION('',(0.,0.,1.));
#11795=DIRECTION('',(0.,-1.,0.));
#11796=DIRECTION('',(0.,0.,-1.));
#11797=DIRECTION('',(0.,0.,1.));
#11798=DIRECTION('',(-1.,0.,0.));
#11799=DIRECTION('',(0.,0.,1.));
#11800=DIRECTION('',(0.,0.,1.));
#11801=DIRECTION('',(0.,-1.,0.));
#11802=DIRECTION('',(0.,0.,-1.));
#11803=DIRECTION('',(-1.,0.,0.));
#11804=DIRECTION('',(0.,0.,1.));
#11805=DIRECTION('',(0.,0.,1.));
#11806=DIRECTION('',(0.,0.,1.));
#11807=DIRECTION('',(0.,-1.,0.));
#11808=DIRECTION('',(0.,0.,-1.));
#11809=DIRECTION('',(0.,0.,1.));
#11810=DIRECTION('',(-1.,0.,0.));
#11811=DIRECTION('',(0.,0.,1.));
#11812=DIRECTION('',(0.,0.,1.));
#11813=DIRECTION('',(0.,-1.,0.));
#11814=DIRECTION('',(0.,0.,-1.));
#11815=DIRECTION('',(-1.,0.,0.));
#11816=DIRECTION('',(0.,0.,1.));
#11817=DIRECTION('',(0.,0.,1.));
#11818=DIRECTION('',(0.,0.,1.));
#11819=DIRECTION('',(0.,-1.,0.));
#11820=DIRECTION('',(0.,0.,-1.));
#11821=DIRECTION('',(0.,0.,1.));
#11822=DIRECTION('',(-1.,0.,0.));
#11823=DIRECTION('',(0.,0.,1.));
#11824=DIRECTION('',(0.,0.,1.));
#11825=DIRECTION('',(0.,-1.,0.));
#11826=DIRECTION('',(0.,0.,-1.));
#11827=DIRECTION('',(-1.,0.,0.));
#11828=DIRECTION('',(0.,0.,1.));
#11829=DIRECTION('',(0.,0.,1.));
#11830=DIRECTION('',(0.,0.,1.));
#11831=DIRECTION('',(0.,-1.,0.));
#11832=DIRECTION('',(0.,0.,-1.));
#11833=DIRECTION('',(0.,0.,1.));
#11834=DIRECTION('',(-1.,0.,0.));
#11835=DIRECTION('',(0.,0.,1.));
#11836=DIRECTION('',(0.,0.,1.));
#11837=DIRECTION('',(0.,-1.,0.));
#11838=DIRECTION('',(0.,0.,-1.));
#11839=DIRECTION('',(-1.,0.,0.));
#11840=DIRECTION('',(0.,0.,1.));
#11841=DIRECTION('',(0.,0.,1.));
#11842=DIRECTION('',(0.,0.,1.));
#11843=DIRECTION('',(0.,-1.,0.));
#11844=DIRECTION('',(0.,0.,-1.));
#11845=DIRECTION('',(0.,0.,1.));
#11846=DIRECTION('',(-1.,0.,0.));
#11847=DIRECTION('',(0.,0.,1.));
#11848=DIRECTION('',(0.,0.,1.));
#11849=DIRECTION('',(0.,-1.,0.));
#11850=DIRECTION('',(0.,0.,-1.));
#11851=DIRECTION('',(-1.,0.,0.));
#11852=DIRECTION('',(0.,0.,1.));
#11853=DIRECTION('',(0.,0.,1.));
#11854=DIRECTION('',(0.,0.,1.));
#11855=DIRECTION('',(0.,-1.,0.));
#11856=DIRECTION('',(0.,0.,-1.));
#11857=DIRECTION('',(0.,0.,1.));
#11858=DIRECTION('',(-1.,0.,0.));
#11859=DIRECTION('',(0.,0.,1.));
#11860=DIRECTION('',(0.,0.,1.));
#11861=DIRECTION('',(0.,-1.,0.));
#11862=DIRECTION('',(0.,0.,-1.));
#11863=DIRECTION('',(-1.,2.47817639425258E-16,0.));
#11864=DIRECTION('',(-2.47817639425258E-16,-1.,0.));
#11865=DIRECTION('',(-1.,2.47817639425258E-16,0.));
#11866=DIRECTION('',(-2.47817639425258E-16,-1.,0.));
#11867=DIRECTION('',(-1.,2.47817639425258E-16,0.));
#11868=DIRECTION('',(-2.47817639425258E-16,-1.,0.));
#11869=DIRECTION('',(-1.,0.,0.));
#11870=DIRECTION('',(0.,0.,1.));
#11871=DIRECTION('',(0.,0.,1.));
#11872=DIRECTION('',(0.,0.,1.));
#11873=DIRECTION('',(0.,-1.,0.));
#11874=DIRECTION('',(0.,0.,-1.));
#11875=DIRECTION('',(0.,0.,1.));
#11876=DIRECTION('',(-1.,0.,0.));
#11877=DIRECTION('',(0.,0.,1.));
#11878=DIRECTION('',(0.,0.,1.));
#11879=DIRECTION('',(0.,-1.,0.));
#11880=DIRECTION('',(0.,0.,-1.));
#11881=DIRECTION('',(-1.,0.,0.));
#11882=DIRECTION('',(0.,0.,1.));
#11883=DIRECTION('',(0.,0.,1.));
#11884=DIRECTION('',(0.,0.,1.));
#11885=DIRECTION('',(0.,-1.,0.));
#11886=DIRECTION('',(0.,0.,-1.));
#11887=DIRECTION('',(0.,0.,1.));
#11888=DIRECTION('',(-1.,0.,0.));
#11889=DIRECTION('',(0.,0.,1.));
#11890=DIRECTION('',(0.,0.,1.));
#11891=DIRECTION('',(0.,-1.,0.));
#11892=DIRECTION('',(0.,0.,-1.));
#11893=DIRECTION('',(-1.,0.,0.));
#11894=DIRECTION('',(0.,0.,1.));
#11895=DIRECTION('',(0.,0.,1.));
#11896=DIRECTION('',(0.,0.,1.));
#11897=DIRECTION('',(0.,-1.,0.));
#11898=DIRECTION('',(0.,0.,-1.));
#11899=DIRECTION('',(0.,0.,1.));
#11900=DIRECTION('',(-1.,0.,0.));
#11901=DIRECTION('',(0.,0.,1.));
#11902=DIRECTION('',(0.,0.,1.));
#11903=DIRECTION('',(0.,-1.,0.));
#11904=DIRECTION('',(0.,0.,-1.));
#11905=DIRECTION('',(-1.,0.,0.));
#11906=DIRECTION('',(0.,0.,1.));
#11907=DIRECTION('',(0.,0.,1.));
#11908=DIRECTION('',(0.,0.,1.));
#11909=DIRECTION('',(0.,-1.,0.));
#11910=DIRECTION('',(0.,0.,-1.));
#11911=DIRECTION('',(0.,0.,1.));
#11912=DIRECTION('',(-1.,0.,0.));
#11913=DIRECTION('',(0.,0.,1.));
#11914=DIRECTION('',(0.,0.,1.));
#11915=DIRECTION('',(0.,-1.,0.));
#11916=DIRECTION('',(0.,0.,-1.));
#11917=DIRECTION('',(-1.,0.,0.));
#11918=DIRECTION('',(0.,0.,1.));
#11919=DIRECTION('',(0.,0.,1.));
#11920=DIRECTION('',(0.,0.,1.));
#11921=DIRECTION('',(0.,-1.,0.));
#11922=DIRECTION('',(0.,0.,-1.));
#11923=DIRECTION('',(0.,0.,1.));
#11924=DIRECTION('',(-1.,0.,0.));
#11925=DIRECTION('',(0.,0.,1.));
#11926=DIRECTION('',(0.,0.,1.));
#11927=DIRECTION('',(0.,-1.,0.));
#11928=DIRECTION('',(0.,0.,-1.));
#11929=DIRECTION('',(-1.,0.,0.));
#11930=DIRECTION('',(0.,0.,1.));
#11931=DIRECTION('',(0.,0.,1.));
#11932=DIRECTION('',(0.,0.,1.));
#11933=DIRECTION('',(0.,-1.,0.));
#11934=DIRECTION('',(0.,0.,-1.));
#11935=DIRECTION('',(0.,0.,1.));
#11936=DIRECTION('',(-1.,0.,0.));
#11937=DIRECTION('',(0.,0.,1.));
#11938=DIRECTION('',(0.,0.,1.));
#11939=DIRECTION('',(0.,-1.,0.));
#11940=DIRECTION('',(0.,0.,-1.));
#11941=DIRECTION('',(-1.,0.,0.));
#11942=DIRECTION('',(0.,0.,1.));
#11943=DIRECTION('',(0.,0.,1.));
#11944=DIRECTION('',(0.,0.,1.));
#11945=DIRECTION('',(0.,-1.,0.));
#11946=DIRECTION('',(0.,0.,-1.));
#11947=DIRECTION('',(0.,0.,1.));
#11948=DIRECTION('',(-1.,0.,0.));
#11949=DIRECTION('',(0.,0.,1.));
#11950=DIRECTION('',(0.,0.,1.));
#11951=DIRECTION('',(0.,-1.,0.));
#11952=DIRECTION('',(0.,0.,-1.));
#11953=DIRECTION('',(-1.,0.,0.));
#11954=DIRECTION('',(0.,0.,1.));
#11955=DIRECTION('',(0.,0.,1.));
#11956=DIRECTION('',(0.,0.,1.));
#11957=DIRECTION('',(0.,-1.,0.));
#11958=DIRECTION('',(0.,0.,-1.));
#11959=DIRECTION('',(0.,0.,1.));
#11960=DIRECTION('',(-1.,0.,0.));
#11961=DIRECTION('',(0.,0.,1.));
#11962=DIRECTION('',(0.,0.,1.));
#11963=DIRECTION('',(0.,-1.,0.));
#11964=DIRECTION('',(0.,0.,-1.));
#11965=DIRECTION('',(-1.,0.,0.));
#11966=DIRECTION('',(0.,0.,1.));
#11967=DIRECTION('',(0.,0.,1.));
#11968=DIRECTION('',(0.,0.,1.));
#11969=DIRECTION('',(0.,-1.,0.));
#11970=DIRECTION('',(0.,0.,-1.));
#11971=DIRECTION('',(0.,0.,1.));
#11972=DIRECTION('',(-1.,0.,0.));
#11973=DIRECTION('',(0.,0.,1.));
#11974=DIRECTION('',(0.,0.,1.));
#11975=DIRECTION('',(0.,-1.,0.));
#11976=DIRECTION('',(0.,0.,-1.));
#11977=DIRECTION('',(-1.,2.47817639425258E-16,0.));
#11978=DIRECTION('',(-2.47817639425258E-16,-1.,0.));
#11979=DIRECTION('',(-1.,2.47817639425258E-16,0.));
#11980=DIRECTION('',(-2.47817639425258E-16,-1.,0.));
#11981=DIRECTION('',(-1.,2.47817639425258E-16,0.));
#11982=DIRECTION('',(-2.47817639425258E-16,-1.,0.));
#11983=DIRECTION('',(0.,0.,1.));
#11984=DIRECTION('',(1.,0.,0.));
#11985=DIRECTION('',(0.,0.,1.));
#11986=DIRECTION('',(1.,0.,0.));
#11987=DIRECTION('',(0.,0.,1.));
#11988=DIRECTION('',(1.,0.,0.));
#11989=DIRECTION('',(-1.,0.,0.));
#11990=DIRECTION('',(0.,0.,1.));
#11991=DIRECTION('',(0.,-1.,0.));
#11992=DIRECTION('',(0.,0.,-1.));
#11993=DIRECTION('',(1.,0.,0.));
#11994=DIRECTION('',(0.,0.,1.));
#11995=DIRECTION('',(-1.,0.,0.));
#11996=DIRECTION('',(0.,0.,1.));
#11997=DIRECTION('',(0.,-1.,0.));
#11998=DIRECTION('',(0.,0.,1.));
#11999=DIRECTION('',(0.,-1.,0.));
#12000=DIRECTION('',(0.,0.,-1.));
#12001=DIRECTION('',(1.,0.,0.));
#12002=DIRECTION('',(0.,0.,1.));
#12003=DIRECTION('',(1.,0.,0.));
#12004=DIRECTION('',(1.,0.,0.));
#12005=DIRECTION('',(0.,0.,-1.));
#12006=DIRECTION('',(0.,-1.,0.));
#12007=DIRECTION('',(0.,0.,-1.));
#12008=DIRECTION('',(0.,-1.,0.));
#12009=DIRECTION('',(0.,1.,0.));
#12010=DIRECTION('',(0.,0.,1.));
#12011=DIRECTION('',(0.,0.,-1.));
#12012=DIRECTION('',(1.,0.,0.));
#12013=DIRECTION('',(0.,0.,-1.));
#12014=DIRECTION('',(1.,0.,0.));
#12015=DIRECTION('',(1.,0.,0.));
#12016=DIRECTION('',(0.,0.,-1.));
#12017=DIRECTION('',(0.,-1.,0.));
#12018=DIRECTION('',(0.,0.,-1.));
#12019=DIRECTION('',(0.,-1.,0.));
#12020=DIRECTION('',(0.,0.,1.));
#12021=DIRECTION('',(1.,0.,0.));
#12022=DIRECTION('',(0.,-1.,0.));
#12023=DIRECTION('',(1.,0.,0.));
#12024=DIRECTION('',(0.,-1.,0.));
#12025=DIRECTION('',(0.,1.,0.));
#12026=DIRECTION('',(-1.,0.,0.));
#12027=DIRECTION('',(0.,1.,0.));
#12028=DIRECTION('',(0.,0.,1.));
#12029=DIRECTION('',(0.,1.,0.));
#12030=DIRECTION('',(0.,0.,1.));
#12031=DIRECTION('',(0.,-1.,0.));
#12032=DIRECTION('',(0.,0.,-1.));
#12033=DIRECTION('',(0.,-1.,0.));
#12034=DIRECTION('',(0.,0.,-1.));
#12035=DIRECTION('',(0.,-1.,0.));
#12036=DIRECTION('',(0.,0.,-1.));
#12037=DIRECTION('',(0.,1.,0.));
#12038=DIRECTION('',(0.,0.,1.));
#12039=DIRECTION('',(0.,1.,0.));
#12040=DIRECTION('',(0.,0.,1.));
#12041=DIRECTION('',(0.,1.,0.));
#12042=DIRECTION('',(0.,0.,1.));
#12043=DIRECTION('',(0.,0.,1.));
#12044=DIRECTION('',(1.,0.,0.));
#12045=DIRECTION('',(0.,0.,1.));
#12046=DIRECTION('',(1.,0.,0.));
#12047=DIRECTION('',(0.,0.,1.));
#12048=DIRECTION('',(1.,0.,0.));
#12049=DIRECTION('',(0.,1.,0.));
#12050=DIRECTION('',(0.,0.,1.));
#12051=DIRECTION('',(-1.,0.,0.));
#12052=DIRECTION('',(0.,0.,1.));
#12053=DIRECTION('',(-1.,0.,0.));
#12054=DIRECTION('',(0.,0.,1.));
#12055=DIRECTION('',(-1.,0.,0.));
#12056=DIRECTION('',(0.,0.,1.));
#12057=DIRECTION('',(0.,1.,0.));
#12058=DIRECTION('',(0.,0.,1.));
#12059=DIRECTION('',(0.,0.,-1.));
#12060=DIRECTION('',(-1.,0.,0.));
#12061=DIRECTION('',(0.,0.,-1.));
#12062=DIRECTION('',(-1.,0.,0.));
#12063=DIRECTION('',(0.,0.,-1.));
#12064=DIRECTION('',(-1.,0.,0.));
#12065=DIRECTION('',(0.,0.,1.));
#12066=DIRECTION('',(1.,0.,0.));
#12067=DIRECTION('',(1.,0.,0.));
#12068=DIRECTION('',(0.,0.,-1.));
#12069=DIRECTION('',(1.,0.,0.));
#12070=DIRECTION('',(0.,0.,-1.));
#12071=DIRECTION('',(-1.,0.,0.));
#12072=DIRECTION('',(0.,0.,1.));
#12073=DIRECTION('',(0.,0.,1.));
#12074=DIRECTION('',(1.,0.,0.));
#12075=DIRECTION('',(0.,0.,1.));
#12076=DIRECTION('',(1.,0.,0.));
#12077=DIRECTION('',(0.,0.,1.));
#12078=DIRECTION('',(1.,0.,0.));
#12079=DIRECTION('',(-1.,0.,0.));
#12080=DIRECTION('',(0.,-1.,0.));
#12081=DIRECTION('',(-1.,0.,0.));
#12082=DIRECTION('',(0.,-1.,0.));
#12083=DIRECTION('',(-1.,0.,0.));
#12084=DIRECTION('',(0.,-1.,0.));
#12085=DIRECTION('',(-1.,0.,0.));
#12086=DIRECTION('',(0.,-1.,0.));
#12087=DIRECTION('',(-1.,0.,0.));
#12088=DIRECTION('',(0.,-1.,0.));
#12089=DIRECTION('',(-1.,0.,0.));
#12090=DIRECTION('',(0.,-1.,0.));
#12091=DIRECTION('',(-1.,0.,0.));
#12092=DIRECTION('',(0.,-1.,0.));
#12093=DIRECTION('',(0.,0.,-1.));
#12094=DIRECTION('',(-1.,0.,0.));
#12095=DIRECTION('',(0.,1.,0.));
#12096=DIRECTION('',(0.,1.,0.));
#12097=DIRECTION('',(-1.,0.,0.));
#12098=DIRECTION('',(0.,1.,0.));
#12099=DIRECTION('',(-1.,0.,0.));
#12100=DIRECTION('',(0.,0.,-1.));
#12101=DIRECTION('',(1.,0.,2.04085114820801E-16));
#12102=DIRECTION('',(0.,0.,-1.));
#12103=DIRECTION('',(1.,0.,1.020425574104E-16));
#12104=DIRECTION('',(0.,1.,0.));
#12105=DIRECTION('',(0.,0.,1.));
#12106=DIRECTION('',(-1.,0.,0.));
#12107=DIRECTION('',(0.,1.,0.));
#12108=DIRECTION('',(0.,0.,1.));
#12109=DIRECTION('',(-1.,0.,0.));
#12110=DIRECTION('',(0.,-1.,0.));
#12111=DIRECTION('',(1.,0.,0.));
#12112=DIRECTION('',(0.,0.,-1.));
#12113=DIRECTION('',(1.,0.,0.));
#12114=DIRECTION('',(0.,0.,-1.));
#12115=DIRECTION('',(0.,-1.,0.));
#12116=DIRECTION('',(0.,0.,-1.));
#12117=DIRECTION('',(1.,0.,0.));
#12118=DIRECTION('',(0.,-1.,0.));
#12119=DIRECTION('',(0.,0.,-1.));
#12120=DIRECTION('',(1.,0.,0.));
#12121=DIRECTION('',(1.,0.,0.));
#12122=DIRECTION('',(0.,0.,-1.));
#12123=DIRECTION('',(0.,0.,-1.));
#12124=DIRECTION('',(0.,1.,0.));
#12125=DIRECTION('',(0.,0.,1.));
#12126=DIRECTION('',(1.,0.,0.));
#12127=DIRECTION('',(1.,0.,0.));
#12128=DIRECTION('',(0.,1.,0.));
#12129=DIRECTION('',(1.,0.,0.));
#12130=DIRECTION('',(0.,0.,-1.));
#12131=DIRECTION('',(0.,0.,-1.));
#12132=DIRECTION('',(1.,0.,0.));
#12133=DIRECTION('',(0.,0.,-1.));
#12134=DIRECTION('',(0.,1.,0.));
#12135=DIRECTION('',(0.,0.,-1.));
#12136=DIRECTION('',(0.,1.,0.));
#12137=DIRECTION('',(-2.04085114820801E-16,0.,1.));
#12138=DIRECTION('',(1.,0.,2.04085114820801E-16));
#12139=DIRECTION('',(1.,0.,2.04085114820801E-16));
#12140=DIRECTION('',(0.,1.,0.));
#12141=DIRECTION('',(1.,0.,0.));
#12142=DIRECTION('',(0.,0.,-1.));
#12143=DIRECTION('',(0.,0.,-1.));
#12144=DIRECTION('',(0.,1.,0.));
#12145=DIRECTION('',(-1.020425574104E-16,0.,1.));
#12146=DIRECTION('',(1.,0.,1.020425574104E-16));
#12147=DIRECTION('',(1.,0.,1.020425574104E-16));
#12148=DIRECTION('',(0.,0.,-1.));
#12149=DIRECTION('',(-1.,0.,0.));
#12150=DIRECTION('',(0.,1.,0.));
#12151=DIRECTION('',(0.,1.,0.));
#12152=DIRECTION('',(0.,0.,-1.));
#12153=DIRECTION('',(-1.,0.,0.));
#12154=DIRECTION('',(0.,1.,0.));
#12155=DIRECTION('',(0.,1.,0.));
#12156=DIRECTION('',(0.,-1.,0.));
#12157=DIRECTION('',(0.,0.,-1.));
#12158=DIRECTION('',(0.,1.,0.));
#12159=DIRECTION('',(0.,0.,1.));
#12160=DIRECTION('',(0.,1.,0.));
#12161=DIRECTION('',(-1.,0.,0.));
#12162=DIRECTION('',(0.,0.,1.));
#12163=DIRECTION('',(1.,0.,0.));
#12164=DIRECTION('',(-1.,0.,0.));
#12165=DIRECTION('',(0.,-1.,0.));
#12166=DIRECTION('',(0.,-1.,0.));
#12167=DIRECTION('',(0.,0.,1.));
#12168=DIRECTION('',(0.,-1.,0.));
#12169=DIRECTION('',(0.,0.,1.));
#12170=DIRECTION('',(0.,-1.,0.));
#12171=DIRECTION('',(0.,0.,1.));
#12172=DIRECTION('',(0.,-1.,0.));
#12173=DIRECTION('',(0.,0.,1.));
#12174=DIRECTION('',(0.,0.,1.));
#12175=DIRECTION('',(1.,0.,0.));
#12176=DIRECTION('',(0.,0.,1.));
#12177=DIRECTION('',(1.,0.,0.));
#12178=DIRECTION('',(0.,0.,1.));
#12179=DIRECTION('',(1.,0.,0.));
#12180=DIRECTION('',(0.,0.,1.));
#12181=DIRECTION('',(1.,0.,0.));
#12182=DIRECTION('',(0.,0.,-1.));
#12183=DIRECTION('',(-1.,0.,0.));
#12184=DIRECTION('',(0.,0.,1.));
#12185=DIRECTION('',(1.,0.,0.));
#12186=DIRECTION('',(0.,0.,-1.));
#12187=DIRECTION('',(0.,0.,1.));
#12188=DIRECTION('',(1.,0.,0.));
#12189=DIRECTION('',(0.,0.,-1.));
#12190=DIRECTION('',(1.,0.,0.));
#12191=DIRECTION('',(0.,0.,-1.));
#12192=DIRECTION('',(0.,-1.,0.));
#12193=DIRECTION('',(0.,0.,-1.));
#12194=DIRECTION('',(0.,-1.,0.));
#12195=DIRECTION('',(0.,0.,-1.));
#12196=DIRECTION('',(-1.,0.,0.));
#12197=DIRECTION('',(0.,0.,1.));
#12198=DIRECTION('',(1.,0.,0.));
#12199=DIRECTION('',(0.,0.,1.));
#12200=DIRECTION('',(1.,0.,0.));
#12201=DIRECTION('',(0.,0.,-1.));
#12202=DIRECTION('',(0.,0.,-1.));
#12203=DIRECTION('',(-1.,0.,0.));
#12204=DIRECTION('',(0.,0.,1.));
#12205=DIRECTION('',(1.,0.,0.));
#12206=DIRECTION('',(0.,0.,-1.));
#12207=DIRECTION('',(-1.,0.,0.));
#12208=DIRECTION('',(0.,0.,1.));
#12209=DIRECTION('',(1.,0.,0.));
#12210=DIRECTION('',(1.,0.,0.));
#12211=DIRECTION('',(0.,0.,-1.));
#12212=DIRECTION('',(0.,1.,0.));
#12213=DIRECTION('',(0.,0.,-1.));
#12214=DIRECTION('',(0.,1.,0.));
#12215=DIRECTION('',(0.,0.,1.));
#12216=DIRECTION('',(0.,0.,-1.));
#12217=DIRECTION('',(-1.,0.,0.));
#12218=DIRECTION('',(-1.,0.,0.));
#12219=DIRECTION('',(0.,1.,0.));
#12220=DIRECTION('',(1.,0.,0.));
#12221=DIRECTION('',(1.,0.,0.));
#12222=DIRECTION('',(0.,0.,-1.));
#12223=DIRECTION('',(0.,0.,-1.));
#12224=DIRECTION('',(0.,0.,-1.));
#12225=DIRECTION('',(0.,1.,0.));
#12226=DIRECTION('',(0.,0.,1.));
#12227=DIRECTION('',(1.,0.,0.));
#12228=DIRECTION('',(0.,0.,1.));
#12229=DIRECTION('',(0.,0.,1.));
#12230=DIRECTION('',(1.,0.,0.));
#12231=DIRECTION('',(0.,0.,1.));
#12232=DIRECTION('',(0.,0.,1.));
#12233=DIRECTION('',(1.,0.,0.));
#12234=DIRECTION('',(-1.,0.,0.));
#12235=DIRECTION('',(0.,0.,1.));
#12236=DIRECTION('',(0.,0.,1.));
#12237=DIRECTION('',(0.,-1.,0.));
#12238=DIRECTION('',(0.,-1.,0.));
#12239=DIRECTION('',(0.,0.,1.));
#12240=DIRECTION('',(1.,0.,0.));
#12241=DIRECTION('',(0.,0.,1.));
#12242=DIRECTION('',(0.,0.,1.));
#12243=DIRECTION('',(1.,0.,0.));
#12244=DIRECTION('',(0.,0.,1.));
#12245=DIRECTION('',(1.,0.,0.));
#12246=DIRECTION('',(0.,0.,1.));
#12247=DIRECTION('',(1.,0.,0.));
#12248=DIRECTION('',(0.,0.,1.));
#12249=DIRECTION('',(1.,0.,0.));
#12250=DIRECTION('',(0.,0.,1.));
#12251=DIRECTION('',(1.,0.,0.));
#12252=DIRECTION('',(0.,0.,1.));
#12253=DIRECTION('',(1.,0.,0.));
#12254=DIRECTION('',(0.,0.,1.));
#12255=DIRECTION('',(1.,0.,0.));
#12256=DIRECTION('',(0.,0.,1.));
#12257=DIRECTION('',(1.,0.,0.));
#12258=DIRECTION('',(0.,0.,1.));
#12259=DIRECTION('',(1.,0.,0.));
#12260=DIRECTION('',(-1.,0.,0.));
#12261=DIRECTION('',(-1.,0.,0.));
#12262=DIRECTION('',(0.,1.,0.));
#12263=DIRECTION('',(0.,0.,1.));
#12264=DIRECTION('',(-1.,0.,0.));
#12265=DIRECTION('',(0.,1.,0.));
#12266=DIRECTION('',(0.,0.,1.));
#12267=DIRECTION('',(-1.,0.,0.));
#12268=DIRECTION('',(-1.,0.,0.));
#12269=DIRECTION('',(0.,0.,1.));
#12270=DIRECTION('',(1.,0.,0.));
#12271=DIRECTION('',(1.,0.,0.));
#12272=DIRECTION('',(1.,0.,0.));
#12273=DIRECTION('',(0.,0.,1.));
#12274=DIRECTION('',(1.,0.,0.));
#12275=DIRECTION('',(1.,0.,0.));
#12276=DIRECTION('',(0.,0.,1.));
#12277=DIRECTION('',(1.,0.,0.));
#12278=DIRECTION('',(1.,0.,0.));
#12279=DIRECTION('',(1.,0.,0.));
#12280=DIRECTION('',(0.,1.,0.));
#12281=DIRECTION('',(0.,0.,1.));
#12282=DIRECTION('',(0.,1.,0.));
#12283=DIRECTION('',(0.,0.,1.));
#12284=DIRECTION('',(0.,0.,1.));
#12285=DIRECTION('',(1.,0.,0.));
#12286=DIRECTION('',(-1.,0.,0.));
#12287=DIRECTION('',(0.,0.,1.));
#12288=DIRECTION('',(0.,-1.,0.));
#12289=DIRECTION('',(0.,0.,1.));
#12290=DIRECTION('',(0.,-1.,0.));
#12291=DIRECTION('',(0.,0.,1.));
#12292=DIRECTION('',(0.,-1.,0.));
#12293=DIRECTION('',(0.,0.,-1.));
#12294=DIRECTION('',(0.,0.,1.));
#12295=DIRECTION('',(1.,0.,0.));
#12296=DIRECTION('',(1.,0.,0.));
#12297=DIRECTION('',(-1.,0.,0.));
#12298=DIRECTION('',(0.,0.,1.));
#12299=DIRECTION('',(0.,0.,1.));
#12300=DIRECTION('',(0.,-1.,0.));
#12301=DIRECTION('',(0.,-1.,0.));
#12302=DIRECTION('',(0.,-1.,0.));
#12303=DIRECTION('',(0.,0.,-1.));
#12304=DIRECTION('',(1.,0.,0.));
#12305=DIRECTION('',(1.,0.,0.));
#12306=DIRECTION('',(-1.,0.,0.));
#12307=DIRECTION('',(0.,0.,1.));
#12308=DIRECTION('',(0.,-1.,0.));
#12309=DIRECTION('',(0.,0.,1.));
#12310=DIRECTION('',(0.,-1.,0.));
#12311=DIRECTION('',(0.,0.,1.));
#12312=DIRECTION('',(0.,-1.,0.));
#12313=DIRECTION('',(0.,0.,-1.));
#12314=DIRECTION('',(0.,0.,1.));
#12315=DIRECTION('',(1.,0.,0.));
#12316=DIRECTION('',(1.,0.,0.));
#12317=DIRECTION('',(-1.,0.,0.));
#12318=DIRECTION('',(0.,0.,1.));
#12319=DIRECTION('',(0.,0.,1.));
#12320=DIRECTION('',(0.,-1.,0.));
#12321=DIRECTION('',(0.,-1.,0.));
#12322=DIRECTION('',(0.,-1.,0.));
#12323=DIRECTION('',(0.,0.,-1.));
#12324=DIRECTION('',(1.,0.,0.));
#12325=DIRECTION('',(1.,0.,0.));
#12326=DIRECTION('',(-1.,0.,0.));
#12327=DIRECTION('',(0.,0.,1.));
#12328=DIRECTION('',(0.,-1.,0.));
#12329=DIRECTION('',(0.,0.,1.));
#12330=DIRECTION('',(0.,-1.,0.));
#12331=DIRECTION('',(0.,0.,1.));
#12332=DIRECTION('',(0.,-1.,0.));
#12333=DIRECTION('',(0.,0.,-1.));
#12334=DIRECTION('',(0.,0.,1.));
#12335=DIRECTION('',(1.,0.,0.));
#12336=DIRECTION('',(1.,0.,0.));
#12337=DIRECTION('',(-1.,0.,0.));
#12338=DIRECTION('',(0.,0.,1.));
#12339=DIRECTION('',(0.,0.,1.));
#12340=DIRECTION('',(0.,-1.,0.));
#12341=DIRECTION('',(0.,-1.,0.));
#12342=DIRECTION('',(0.,-1.,0.));
#12343=DIRECTION('',(0.,0.,-1.));
#12344=DIRECTION('',(1.,0.,0.));
#12345=DIRECTION('',(1.,0.,0.));
#12346=DIRECTION('',(-1.,0.,0.));
#12347=DIRECTION('',(0.,0.,1.));
#12348=DIRECTION('',(0.,-1.,0.));
#12349=DIRECTION('',(0.,0.,1.));
#12350=DIRECTION('',(0.,-1.,0.));
#12351=DIRECTION('',(0.,0.,1.));
#12352=DIRECTION('',(0.,-1.,0.));
#12353=DIRECTION('',(0.,0.,-1.));
#12354=DIRECTION('',(0.,0.,1.));
#12355=DIRECTION('',(1.,0.,0.));
#12356=DIRECTION('',(1.,0.,0.));
#12357=DIRECTION('',(-1.,0.,0.));
#12358=DIRECTION('',(0.,0.,1.));
#12359=DIRECTION('',(0.,0.,1.));
#12360=DIRECTION('',(0.,-1.,0.));
#12361=DIRECTION('',(0.,-1.,0.));
#12362=DIRECTION('',(0.,-1.,0.));
#12363=DIRECTION('',(0.,0.,-1.));
#12364=DIRECTION('',(1.,0.,0.));
#12365=DIRECTION('',(1.,0.,0.));
#12366=DIRECTION('',(-1.,0.,0.));
#12367=DIRECTION('',(0.,0.,1.));
#12368=DIRECTION('',(0.,-1.,0.));
#12369=DIRECTION('',(0.,0.,1.));
#12370=DIRECTION('',(0.,-1.,0.));
#12371=DIRECTION('',(0.,0.,1.));
#12372=DIRECTION('',(0.,-1.,0.));
#12373=DIRECTION('',(0.,0.,-1.));
#12374=DIRECTION('',(0.,0.,1.));
#12375=DIRECTION('',(1.,0.,0.));
#12376=DIRECTION('',(1.,0.,0.));
#12377=DIRECTION('',(-1.,0.,0.));
#12378=DIRECTION('',(0.,0.,1.));
#12379=DIRECTION('',(0.,0.,1.));
#12380=DIRECTION('',(0.,-1.,0.));
#12381=DIRECTION('',(0.,-1.,0.));
#12382=DIRECTION('',(0.,-1.,0.));
#12383=DIRECTION('',(0.,0.,-1.));
#12384=DIRECTION('',(1.,0.,0.));
#12385=DIRECTION('',(1.,0.,0.));
#12386=DIRECTION('',(-1.,0.,0.));
#12387=DIRECTION('',(0.,0.,1.));
#12388=DIRECTION('',(0.,-1.,0.));
#12389=DIRECTION('',(0.,0.,1.));
#12390=DIRECTION('',(0.,-1.,0.));
#12391=DIRECTION('',(0.,0.,1.));
#12392=DIRECTION('',(0.,-1.,0.));
#12393=DIRECTION('',(0.,0.,-1.));
#12394=DIRECTION('',(0.,0.,1.));
#12395=DIRECTION('',(1.,0.,0.));
#12396=DIRECTION('',(1.,0.,0.));
#12397=DIRECTION('',(-1.,0.,0.));
#12398=DIRECTION('',(0.,0.,1.));
#12399=DIRECTION('',(0.,0.,1.));
#12400=DIRECTION('',(0.,-1.,0.));
#12401=DIRECTION('',(0.,-1.,0.));
#12402=DIRECTION('',(0.,-1.,0.));
#12403=DIRECTION('',(0.,0.,-1.));
#12404=DIRECTION('',(1.,0.,0.));
#12405=DIRECTION('',(1.,0.,0.));
#12406=DIRECTION('',(-1.,0.,0.));
#12407=DIRECTION('',(0.,0.,1.));
#12408=DIRECTION('',(0.,-1.,0.));
#12409=DIRECTION('',(0.,0.,1.));
#12410=DIRECTION('',(0.,-1.,0.));
#12411=DIRECTION('',(0.,0.,1.));
#12412=DIRECTION('',(0.,-1.,0.));
#12413=DIRECTION('',(0.,0.,-1.));
#12414=DIRECTION('',(0.,0.,1.));
#12415=DIRECTION('',(1.,0.,0.));
#12416=DIRECTION('',(1.,0.,0.));
#12417=DIRECTION('',(-1.,0.,0.));
#12418=DIRECTION('',(0.,0.,1.));
#12419=DIRECTION('',(0.,0.,1.));
#12420=DIRECTION('',(0.,-1.,0.));
#12421=DIRECTION('',(0.,-1.,0.));
#12422=DIRECTION('',(0.,-1.,0.));
#12423=DIRECTION('',(0.,0.,-1.));
#12424=DIRECTION('',(1.,0.,0.));
#12425=DIRECTION('',(1.,0.,0.));
#12426=DIRECTION('',(-1.,0.,0.));
#12427=DIRECTION('',(0.,0.,1.));
#12428=DIRECTION('',(0.,-1.,0.));
#12429=DIRECTION('',(0.,0.,1.));
#12430=DIRECTION('',(0.,-1.,0.));
#12431=DIRECTION('',(0.,0.,1.));
#12432=DIRECTION('',(0.,-1.,0.));
#12433=DIRECTION('',(0.,0.,-1.));
#12434=DIRECTION('',(0.,0.,1.));
#12435=DIRECTION('',(1.,0.,0.));
#12436=DIRECTION('',(1.,0.,0.));
#12437=DIRECTION('',(-1.,0.,0.));
#12438=DIRECTION('',(0.,0.,1.));
#12439=DIRECTION('',(0.,0.,1.));
#12440=DIRECTION('',(0.,-1.,0.));
#12441=DIRECTION('',(0.,-1.,0.));
#12442=DIRECTION('',(0.,-1.,0.));
#12443=DIRECTION('',(0.,0.,-1.));
#12444=DIRECTION('',(1.,0.,0.));
#12445=DIRECTION('',(1.,0.,0.));
#12446=DIRECTION('',(-1.,0.,0.));
#12447=DIRECTION('',(0.,0.,1.));
#12448=DIRECTION('',(0.,-1.,0.));
#12449=DIRECTION('',(0.,0.,1.));
#12450=DIRECTION('',(0.,-1.,0.));
#12451=DIRECTION('',(0.,0.,1.));
#12452=DIRECTION('',(0.,-1.,0.));
#12453=DIRECTION('',(0.,0.,-1.));
#12454=DIRECTION('',(0.,0.,1.));
#12455=DIRECTION('',(1.,0.,0.));
#12456=DIRECTION('',(1.,0.,0.));
#12457=DIRECTION('',(-1.,0.,0.));
#12458=DIRECTION('',(0.,0.,1.));
#12459=DIRECTION('',(0.,0.,1.));
#12460=DIRECTION('',(0.,-1.,0.));
#12461=DIRECTION('',(0.,-1.,0.));
#12462=DIRECTION('',(0.,-1.,0.));
#12463=DIRECTION('',(0.,0.,-1.));
#12464=DIRECTION('',(1.,0.,0.));
#12465=DIRECTION('',(1.,0.,0.));
#12466=DIRECTION('',(-1.,0.,0.));
#12467=DIRECTION('',(0.,0.,1.));
#12468=DIRECTION('',(0.,-1.,0.));
#12469=DIRECTION('',(0.,0.,1.));
#12470=DIRECTION('',(0.,-1.,0.));
#12471=DIRECTION('',(0.,0.,1.));
#12472=DIRECTION('',(0.,-1.,0.));
#12473=DIRECTION('',(0.,0.,-1.));
#12474=DIRECTION('',(0.,0.,1.));
#12475=DIRECTION('',(1.,0.,0.));
#12476=DIRECTION('',(1.,0.,0.));
#12477=DIRECTION('',(-1.,0.,0.));
#12478=DIRECTION('',(0.,0.,1.));
#12479=DIRECTION('',(0.,0.,1.));
#12480=DIRECTION('',(0.,-1.,0.));
#12481=DIRECTION('',(0.,-1.,0.));
#12482=DIRECTION('',(0.,-1.,0.));
#12483=DIRECTION('',(0.,0.,-1.));
#12484=DIRECTION('',(1.,0.,0.));
#12485=DIRECTION('',(1.,0.,0.));
#12486=DIRECTION('',(-1.,0.,0.));
#12487=DIRECTION('',(0.,0.,1.));
#12488=DIRECTION('',(0.,-1.,0.));
#12489=DIRECTION('',(0.,0.,1.));
#12490=DIRECTION('',(0.,-1.,0.));
#12491=DIRECTION('',(0.,0.,1.));
#12492=DIRECTION('',(0.,-1.,0.));
#12493=DIRECTION('',(0.,0.,-1.));
#12494=DIRECTION('',(0.,0.,1.));
#12495=DIRECTION('',(1.,0.,0.));
#12496=DIRECTION('',(1.,0.,0.));
#12497=DIRECTION('',(-1.,0.,0.));
#12498=DIRECTION('',(0.,0.,1.));
#12499=DIRECTION('',(0.,0.,1.));
#12500=DIRECTION('',(0.,-1.,0.));
#12501=DIRECTION('',(0.,-1.,0.));
#12502=DIRECTION('',(0.,-1.,0.));
#12503=DIRECTION('',(0.,0.,-1.));
#12504=DIRECTION('',(1.,0.,0.));
#12505=DIRECTION('',(1.,0.,0.));
#12506=DIRECTION('',(-1.,0.,0.));
#12507=DIRECTION('',(0.,0.,1.));
#12508=DIRECTION('',(0.,-1.,0.));
#12509=DIRECTION('',(0.,0.,1.));
#12510=DIRECTION('',(0.,-1.,0.));
#12511=DIRECTION('',(0.,0.,1.));
#12512=DIRECTION('',(0.,-1.,0.));
#12513=DIRECTION('',(0.,0.,-1.));
#12514=DIRECTION('',(0.,0.,1.));
#12515=DIRECTION('',(1.,0.,0.));
#12516=DIRECTION('',(1.,0.,0.));
#12517=DIRECTION('',(-1.,0.,0.));
#12518=DIRECTION('',(0.,0.,1.));
#12519=DIRECTION('',(0.,0.,1.));
#12520=DIRECTION('',(0.,-1.,0.));
#12521=DIRECTION('',(0.,-1.,0.));
#12522=DIRECTION('',(0.,-1.,0.));
#12523=DIRECTION('',(0.,0.,-1.));
#12524=DIRECTION('',(1.,0.,0.));
#12525=DIRECTION('',(1.,0.,0.));
#12526=DIRECTION('',(-1.,0.,0.));
#12527=DIRECTION('',(0.,0.,1.));
#12528=DIRECTION('',(0.,-1.,0.));
#12529=DIRECTION('',(0.,0.,1.));
#12530=DIRECTION('',(0.,-1.,0.));
#12531=DIRECTION('',(0.,0.,1.));
#12532=DIRECTION('',(0.,-1.,0.));
#12533=DIRECTION('',(0.,0.,-1.));
#12534=DIRECTION('',(0.,0.,1.));
#12535=DIRECTION('',(1.,0.,0.));
#12536=DIRECTION('',(1.,0.,0.));
#12537=DIRECTION('',(-1.,0.,0.));
#12538=DIRECTION('',(0.,0.,1.));
#12539=DIRECTION('',(0.,0.,1.));
#12540=DIRECTION('',(0.,-1.,0.));
#12541=DIRECTION('',(0.,-1.,0.));
#12542=DIRECTION('',(0.,-1.,0.));
#12543=DIRECTION('',(0.,0.,-1.));
#12544=DIRECTION('',(1.,0.,0.));
#12545=DIRECTION('',(1.,0.,0.));
#12546=DIRECTION('',(-1.,0.,0.));
#12547=DIRECTION('',(0.,0.,1.));
#12548=DIRECTION('',(0.,-1.,0.));
#12549=DIRECTION('',(0.,0.,1.));
#12550=DIRECTION('',(0.,-1.,0.));
#12551=DIRECTION('',(0.,0.,1.));
#12552=DIRECTION('',(0.,-1.,0.));
#12553=DIRECTION('',(0.,0.,-1.));
#12554=DIRECTION('',(0.,0.,1.));
#12555=DIRECTION('',(1.,0.,0.));
#12556=DIRECTION('',(1.,0.,0.));
#12557=DIRECTION('',(-1.,0.,0.));
#12558=DIRECTION('',(0.,0.,1.));
#12559=DIRECTION('',(0.,0.,1.));
#12560=DIRECTION('',(0.,-1.,0.));
#12561=DIRECTION('',(0.,-1.,0.));
#12562=DIRECTION('',(0.,-1.,0.));
#12563=DIRECTION('',(0.,0.,-1.));
#12564=DIRECTION('',(1.,0.,0.));
#12565=DIRECTION('',(1.,0.,0.));
#12566=DIRECTION('',(-1.,0.,0.));
#12567=DIRECTION('',(0.,0.,1.));
#12568=DIRECTION('',(0.,-1.,0.));
#12569=DIRECTION('',(0.,0.,1.));
#12570=DIRECTION('',(0.,-1.,0.));
#12571=DIRECTION('',(0.,0.,1.));
#12572=DIRECTION('',(0.,-1.,0.));
#12573=DIRECTION('',(0.,0.,-1.));
#12574=DIRECTION('',(0.,0.,1.));
#12575=DIRECTION('',(1.,0.,0.));
#12576=DIRECTION('',(1.,0.,0.));
#12577=DIRECTION('',(-1.,0.,0.));
#12578=DIRECTION('',(0.,0.,1.));
#12579=DIRECTION('',(0.,0.,1.));
#12580=DIRECTION('',(0.,-1.,0.));
#12581=DIRECTION('',(0.,-1.,0.));
#12582=DIRECTION('',(0.,-1.,0.));
#12583=DIRECTION('',(0.,0.,-1.));
#12584=DIRECTION('',(1.,0.,0.));
#12585=DIRECTION('',(1.,0.,0.));
#12586=DIRECTION('',(-1.,0.,0.));
#12587=DIRECTION('',(0.,0.,1.));
#12588=DIRECTION('',(0.,-1.,0.));
#12589=DIRECTION('',(0.,0.,1.));
#12590=DIRECTION('',(0.,-1.,0.));
#12591=DIRECTION('',(0.,0.,1.));
#12592=DIRECTION('',(0.,-1.,0.));
#12593=DIRECTION('',(0.,0.,-1.));
#12594=DIRECTION('',(0.,0.,1.));
#12595=DIRECTION('',(1.,0.,0.));
#12596=DIRECTION('',(1.,0.,0.));
#12597=DIRECTION('',(-1.,0.,0.));
#12598=DIRECTION('',(0.,0.,1.));
#12599=DIRECTION('',(0.,0.,1.));
#12600=DIRECTION('',(0.,-1.,0.));
#12601=DIRECTION('',(0.,-1.,0.));
#12602=DIRECTION('',(0.,-1.,0.));
#12603=DIRECTION('',(0.,0.,-1.));
#12604=DIRECTION('',(1.,0.,0.));
#12605=DIRECTION('',(1.,0.,0.));
#12606=DIRECTION('',(-1.,0.,0.));
#12607=DIRECTION('',(0.,0.,1.));
#12608=DIRECTION('',(0.,-1.,0.));
#12609=DIRECTION('',(0.,0.,1.));
#12610=DIRECTION('',(0.,-1.,0.));
#12611=DIRECTION('',(0.,0.,1.));
#12612=DIRECTION('',(0.,-1.,0.));
#12613=DIRECTION('',(0.,0.,-1.));
#12614=DIRECTION('',(0.,0.,1.));
#12615=DIRECTION('',(1.,0.,0.));
#12616=DIRECTION('',(1.,0.,0.));
#12617=DIRECTION('',(-1.,0.,0.));
#12618=DIRECTION('',(0.,0.,1.));
#12619=DIRECTION('',(0.,0.,1.));
#12620=DIRECTION('',(0.,-1.,0.));
#12621=DIRECTION('',(0.,-1.,0.));
#12622=DIRECTION('',(0.,-1.,0.));
#12623=DIRECTION('',(0.,0.,-1.));
#12624=DIRECTION('',(1.,0.,0.));
#12625=DIRECTION('',(1.,0.,0.));
#12626=DIRECTION('',(-1.,0.,0.));
#12627=DIRECTION('',(0.,0.,1.));
#12628=DIRECTION('',(0.,-1.,0.));
#12629=DIRECTION('',(0.,0.,1.));
#12630=DIRECTION('',(0.,-1.,0.));
#12631=DIRECTION('',(0.,0.,1.));
#12632=DIRECTION('',(0.,-1.,0.));
#12633=DIRECTION('',(0.,0.,-1.));
#12634=DIRECTION('',(0.,0.,1.));
#12635=DIRECTION('',(1.,0.,0.));
#12636=DIRECTION('',(1.,0.,0.));
#12637=DIRECTION('',(-1.,0.,0.));
#12638=DIRECTION('',(0.,0.,1.));
#12639=DIRECTION('',(0.,0.,1.));
#12640=DIRECTION('',(0.,-1.,0.));
#12641=DIRECTION('',(0.,-1.,0.));
#12642=DIRECTION('',(0.,-1.,0.));
#12643=DIRECTION('',(0.,0.,-1.));
#12644=DIRECTION('',(1.,0.,0.));
#12645=DIRECTION('',(1.,0.,0.));
#12646=DIRECTION('',(-1.,0.,0.));
#12647=DIRECTION('',(0.,0.,1.));
#12648=DIRECTION('',(0.,-1.,0.));
#12649=DIRECTION('',(0.,0.,1.));
#12650=DIRECTION('',(0.,-1.,0.));
#12651=DIRECTION('',(0.,0.,1.));
#12652=DIRECTION('',(0.,-1.,0.));
#12653=DIRECTION('',(0.,0.,-1.));
#12654=DIRECTION('',(0.,0.,1.));
#12655=DIRECTION('',(1.,0.,0.));
#12656=DIRECTION('',(1.,0.,0.));
#12657=DIRECTION('',(-1.,0.,0.));
#12658=DIRECTION('',(0.,0.,1.));
#12659=DIRECTION('',(0.,0.,1.));
#12660=DIRECTION('',(0.,-1.,0.));
#12661=DIRECTION('',(0.,-1.,0.));
#12662=DIRECTION('',(0.,-1.,0.));
#12663=DIRECTION('',(0.,0.,-1.));
#12664=DIRECTION('',(1.,0.,0.));
#12665=DIRECTION('',(1.,0.,0.));
#12666=DIRECTION('',(-1.,0.,0.));
#12667=DIRECTION('',(0.,0.,1.));
#12668=DIRECTION('',(0.,-1.,0.));
#12669=DIRECTION('',(0.,0.,1.));
#12670=DIRECTION('',(0.,-1.,0.));
#12671=DIRECTION('',(0.,0.,1.));
#12672=DIRECTION('',(0.,-1.,0.));
#12673=DIRECTION('',(0.,0.,-1.));
#12674=DIRECTION('',(0.,0.,1.));
#12675=DIRECTION('',(1.,0.,0.));
#12676=DIRECTION('',(1.,0.,0.));
#12677=DIRECTION('',(-1.,0.,0.));
#12678=DIRECTION('',(0.,0.,1.));
#12679=DIRECTION('',(0.,0.,1.));
#12680=DIRECTION('',(0.,-1.,0.));
#12681=DIRECTION('',(0.,-1.,0.));
#12682=DIRECTION('',(0.,-1.,0.));
#12683=DIRECTION('',(0.,0.,-1.));
#12684=DIRECTION('',(1.,0.,0.));
#12685=DIRECTION('',(1.,0.,0.));
#12686=DIRECTION('',(-1.,0.,0.));
#12687=DIRECTION('',(0.,0.,1.));
#12688=DIRECTION('',(0.,-1.,0.));
#12689=DIRECTION('',(0.,0.,1.));
#12690=DIRECTION('',(0.,-1.,0.));
#12691=DIRECTION('',(0.,0.,1.));
#12692=DIRECTION('',(0.,-1.,0.));
#12693=DIRECTION('',(0.,0.,-1.));
#12694=DIRECTION('',(0.,0.,1.));
#12695=DIRECTION('',(1.,0.,0.));
#12696=DIRECTION('',(1.,0.,0.));
#12697=DIRECTION('',(-1.,0.,0.));
#12698=DIRECTION('',(0.,0.,1.));
#12699=DIRECTION('',(0.,0.,1.));
#12700=DIRECTION('',(0.,-1.,0.));
#12701=DIRECTION('',(0.,-1.,0.));
#12702=DIRECTION('',(0.,-1.,0.));
#12703=DIRECTION('',(0.,0.,-1.));
#12704=DIRECTION('',(1.,0.,0.));
#12705=DIRECTION('',(1.,0.,0.));
#12706=DIRECTION('',(-1.,2.47817639425258E-16,0.));
#12707=DIRECTION('',(-2.47817639425258E-16,-1.,0.));
#12708=DIRECTION('',(-2.47817639425258E-16,-1.,0.));
#12709=DIRECTION('',(0.,0.,1.));
#12710=DIRECTION('',(-2.47817639425258E-16,-1.,0.));
#12711=DIRECTION('',(0.,0.,1.));
#12712=DIRECTION('',(0.,-1.,0.));
#12713=DIRECTION('',(0.,0.,-1.));
#12714=DIRECTION('',(0.,0.,1.));
#12715=DIRECTION('',(1.,0.,0.));
#12716=DIRECTION('',(1.,0.,0.));
#12717=DIRECTION('',(-1.,0.,0.));
#12718=DIRECTION('',(0.,0.,1.));
#12719=DIRECTION('',(0.,0.,1.));
#12720=DIRECTION('',(0.,-1.,0.));
#12721=DIRECTION('',(0.,-1.,0.));
#12722=DIRECTION('',(0.,-1.,0.));
#12723=DIRECTION('',(0.,0.,-1.));
#12724=DIRECTION('',(1.,0.,0.));
#12725=DIRECTION('',(1.,0.,0.));
#12726=DIRECTION('',(-1.,2.47817639425258E-16,0.));
#12727=DIRECTION('',(-2.47817639425258E-16,-1.,0.));
#12728=DIRECTION('',(-2.47817639425258E-16,-1.,0.));
#12729=DIRECTION('',(0.,0.,1.));
#12730=DIRECTION('',(-2.47817639425258E-16,-1.,0.));
#12731=DIRECTION('',(0.,0.,1.));
#12732=DIRECTION('',(0.,-1.,0.));
#12733=DIRECTION('',(0.,0.,-1.));
#12734=DIRECTION('',(0.,0.,1.));
#12735=DIRECTION('',(1.,0.,0.));
#12736=DIRECTION('',(1.,0.,0.));
#12737=DIRECTION('',(-1.,0.,0.));
#12738=DIRECTION('',(0.,0.,1.));
#12739=DIRECTION('',(0.,0.,1.));
#12740=DIRECTION('',(0.,-1.,0.));
#12741=DIRECTION('',(0.,-1.,0.));
#12742=DIRECTION('',(0.,-1.,0.));
#12743=DIRECTION('',(0.,0.,-1.));
#12744=DIRECTION('',(1.,0.,0.));
#12745=DIRECTION('',(1.,0.,0.));
#12746=DIRECTION('',(-1.,0.,0.));
#12747=DIRECTION('',(0.,0.,1.));
#12748=DIRECTION('',(0.,-1.,0.));
#12749=DIRECTION('',(0.,0.,1.));
#12750=DIRECTION('',(0.,-1.,0.));
#12751=DIRECTION('',(0.,0.,1.));
#12752=DIRECTION('',(0.,-1.,0.));
#12753=DIRECTION('',(0.,0.,-1.));
#12754=DIRECTION('',(0.,0.,1.));
#12755=DIRECTION('',(1.,0.,0.));
#12756=DIRECTION('',(1.,0.,0.));
#12757=DIRECTION('',(-1.,0.,0.));
#12758=DIRECTION('',(0.,0.,1.));
#12759=DIRECTION('',(0.,0.,1.));
#12760=DIRECTION('',(0.,-1.,0.));
#12761=DIRECTION('',(0.,-1.,0.));
#12762=DIRECTION('',(0.,-1.,0.));
#12763=DIRECTION('',(0.,0.,-1.));
#12764=DIRECTION('',(1.,0.,0.));
#12765=DIRECTION('',(1.,0.,0.));
#12766=DIRECTION('',(-1.,2.47817639425258E-16,0.));
#12767=DIRECTION('',(-2.47817639425258E-16,-1.,0.));
#12768=DIRECTION('',(-2.47817639425258E-16,-1.,0.));
#12769=DIRECTION('',(0.,0.,1.));
#12770=DIRECTION('',(-2.47817639425258E-16,-1.,0.));
#12771=DIRECTION('',(0.,0.,1.));
#12772=DIRECTION('',(0.,-1.,0.));
#12773=DIRECTION('',(0.,0.,-1.));
#12774=DIRECTION('',(0.,0.,1.));
#12775=DIRECTION('',(1.,0.,0.));
#12776=DIRECTION('',(1.,0.,0.));
#12777=DIRECTION('',(-1.,0.,0.));
#12778=DIRECTION('',(0.,0.,1.));
#12779=DIRECTION('',(0.,0.,1.));
#12780=DIRECTION('',(0.,-1.,0.));
#12781=DIRECTION('',(0.,-1.,0.));
#12782=DIRECTION('',(0.,-1.,0.));
#12783=DIRECTION('',(0.,0.,-1.));
#12784=DIRECTION('',(1.,0.,0.));
#12785=DIRECTION('',(1.,0.,0.));
#12786=DIRECTION('',(-1.,2.47817639425258E-16,0.));
#12787=DIRECTION('',(-2.47817639425258E-16,-1.,0.));
#12788=DIRECTION('',(-2.47817639425258E-16,-1.,0.));
#12789=DIRECTION('',(0.,0.,1.));
#12790=DIRECTION('',(-2.47817639425258E-16,-1.,0.));
#12791=DIRECTION('',(0.,0.,1.));
#12792=DIRECTION('',(0.,-1.,0.));
#12793=DIRECTION('',(0.,0.,-1.));
#12794=DIRECTION('',(0.,0.,1.));
#12795=DIRECTION('',(1.,0.,0.));
#12796=DIRECTION('',(1.,0.,0.));
#12797=DIRECTION('',(-1.,0.,0.));
#12798=DIRECTION('',(0.,0.,1.));
#12799=DIRECTION('',(0.,0.,1.));
#12800=DIRECTION('',(0.,-1.,0.));
#12801=DIRECTION('',(0.,-1.,0.));
#12802=DIRECTION('',(0.,-1.,0.));
#12803=DIRECTION('',(0.,0.,-1.));
#12804=DIRECTION('',(1.,0.,0.));
#12805=DIRECTION('',(1.,0.,0.));
#12806=DIRECTION('',(-1.,2.47817639425258E-16,0.));
#12807=DIRECTION('',(-2.47817639425258E-16,-1.,0.));
#12808=DIRECTION('',(-2.47817639425258E-16,-1.,0.));
#12809=DIRECTION('',(0.,0.,1.));
#12810=DIRECTION('',(-2.47817639425258E-16,-1.,0.));
#12811=DIRECTION('',(0.,0.,1.));
#12812=DIRECTION('',(0.,-1.,0.));
#12813=DIRECTION('',(0.,0.,-1.));
#12814=DIRECTION('',(0.,0.,1.));
#12815=DIRECTION('',(1.,0.,0.));
#12816=DIRECTION('',(1.,0.,0.));
#12817=DIRECTION('',(-1.,0.,0.));
#12818=DIRECTION('',(0.,0.,1.));
#12819=DIRECTION('',(0.,0.,1.));
#12820=DIRECTION('',(0.,-1.,0.));
#12821=DIRECTION('',(0.,-1.,0.));
#12822=DIRECTION('',(0.,-1.,0.));
#12823=DIRECTION('',(0.,0.,-1.));
#12824=DIRECTION('',(1.,0.,0.));
#12825=DIRECTION('',(1.,0.,0.));
#12826=DIRECTION('',(-1.,0.,0.));
#12827=DIRECTION('',(0.,0.,1.));
#12828=DIRECTION('',(0.,-1.,0.));
#12829=DIRECTION('',(0.,0.,1.));
#12830=DIRECTION('',(0.,-1.,0.));
#12831=DIRECTION('',(0.,0.,1.));
#12832=DIRECTION('',(0.,-1.,0.));
#12833=DIRECTION('',(0.,0.,-1.));
#12834=DIRECTION('',(0.,0.,1.));
#12835=DIRECTION('',(1.,0.,0.));
#12836=DIRECTION('',(1.,0.,0.));
#12837=DIRECTION('',(-1.,0.,0.));
#12838=DIRECTION('',(0.,0.,1.));
#12839=DIRECTION('',(0.,0.,1.));
#12840=DIRECTION('',(0.,-1.,0.));
#12841=DIRECTION('',(0.,-1.,0.));
#12842=DIRECTION('',(0.,-1.,0.));
#12843=DIRECTION('',(0.,0.,-1.));
#12844=DIRECTION('',(1.,0.,0.));
#12845=DIRECTION('',(1.,0.,0.));
#12846=DIRECTION('',(-1.,0.,0.));
#12847=DIRECTION('',(0.,0.,1.));
#12848=DIRECTION('',(0.,-1.,0.));
#12849=DIRECTION('',(0.,0.,1.));
#12850=DIRECTION('',(0.,-1.,0.));
#12851=DIRECTION('',(0.,0.,1.));
#12852=DIRECTION('',(0.,-1.,0.));
#12853=DIRECTION('',(0.,0.,-1.));
#12854=DIRECTION('',(0.,0.,1.));
#12855=DIRECTION('',(1.,0.,0.));
#12856=DIRECTION('',(1.,0.,0.));
#12857=DIRECTION('',(-1.,0.,0.));
#12858=DIRECTION('',(0.,0.,1.));
#12859=DIRECTION('',(0.,0.,1.));
#12860=DIRECTION('',(0.,-1.,0.));
#12861=DIRECTION('',(0.,-1.,0.));
#12862=DIRECTION('',(0.,-1.,0.));
#12863=DIRECTION('',(0.,0.,-1.));
#12864=DIRECTION('',(1.,0.,0.));
#12865=DIRECTION('',(1.,0.,0.));
#12866=DIRECTION('',(-1.,0.,0.));
#12867=DIRECTION('',(0.,0.,1.));
#12868=DIRECTION('',(0.,-1.,0.));
#12869=DIRECTION('',(0.,0.,1.));
#12870=DIRECTION('',(0.,-1.,0.));
#12871=DIRECTION('',(0.,0.,1.));
#12872=DIRECTION('',(0.,-1.,0.));
#12873=DIRECTION('',(0.,0.,-1.));
#12874=DIRECTION('',(0.,0.,1.));
#12875=DIRECTION('',(1.,0.,0.));
#12876=DIRECTION('',(1.,0.,0.));
#12877=DIRECTION('',(-1.,0.,0.));
#12878=DIRECTION('',(0.,0.,1.));
#12879=DIRECTION('',(0.,0.,1.));
#12880=DIRECTION('',(0.,-1.,0.));
#12881=DIRECTION('',(0.,-1.,0.));
#12882=DIRECTION('',(0.,-1.,0.));
#12883=DIRECTION('',(0.,0.,-1.));
#12884=DIRECTION('',(1.,0.,0.));
#12885=DIRECTION('',(1.,0.,0.));
#12886=DIRECTION('',(-1.,0.,0.));
#12887=DIRECTION('',(0.,0.,1.));
#12888=DIRECTION('',(0.,-1.,0.));
#12889=DIRECTION('',(0.,0.,1.));
#12890=DIRECTION('',(0.,-1.,0.));
#12891=DIRECTION('',(0.,0.,1.));
#12892=DIRECTION('',(0.,-1.,0.));
#12893=DIRECTION('',(0.,0.,-1.));
#12894=DIRECTION('',(0.,0.,1.));
#12895=DIRECTION('',(1.,0.,0.));
#12896=DIRECTION('',(1.,0.,0.));
#12897=DIRECTION('',(-1.,0.,0.));
#12898=DIRECTION('',(0.,0.,1.));
#12899=DIRECTION('',(0.,0.,1.));
#12900=DIRECTION('',(0.,-1.,0.));
#12901=DIRECTION('',(0.,-1.,0.));
#12902=DIRECTION('',(0.,-1.,0.));
#12903=DIRECTION('',(0.,0.,-1.));
#12904=DIRECTION('',(1.,0.,0.));
#12905=DIRECTION('',(1.,0.,0.));
#12906=DIRECTION('',(-1.,0.,0.));
#12907=DIRECTION('',(0.,0.,1.));
#12908=DIRECTION('',(0.,-1.,0.));
#12909=DIRECTION('',(0.,0.,1.));
#12910=DIRECTION('',(0.,-1.,0.));
#12911=DIRECTION('',(0.,0.,1.));
#12912=DIRECTION('',(0.,-1.,0.));
#12913=DIRECTION('',(0.,0.,-1.));
#12914=DIRECTION('',(0.,0.,1.));
#12915=DIRECTION('',(1.,0.,0.));
#12916=DIRECTION('',(1.,0.,0.));
#12917=DIRECTION('',(-1.,0.,0.));
#12918=DIRECTION('',(0.,0.,1.));
#12919=DIRECTION('',(0.,0.,1.));
#12920=DIRECTION('',(0.,-1.,0.));
#12921=DIRECTION('',(0.,-1.,0.));
#12922=DIRECTION('',(0.,-1.,0.));
#12923=DIRECTION('',(0.,0.,-1.));
#12924=DIRECTION('',(1.,0.,0.));
#12925=DIRECTION('',(1.,0.,0.));
#12926=DIRECTION('',(-1.,0.,0.));
#12927=DIRECTION('',(0.,0.,1.));
#12928=DIRECTION('',(0.,-1.,0.));
#12929=DIRECTION('',(0.,0.,1.));
#12930=DIRECTION('',(0.,-1.,0.));
#12931=DIRECTION('',(0.,0.,1.));
#12932=DIRECTION('',(0.,-1.,0.));
#12933=DIRECTION('',(0.,0.,-1.));
#12934=DIRECTION('',(0.,0.,1.));
#12935=DIRECTION('',(1.,0.,0.));
#12936=DIRECTION('',(1.,0.,0.));
#12937=DIRECTION('',(-1.,0.,0.));
#12938=DIRECTION('',(0.,0.,1.));
#12939=DIRECTION('',(0.,0.,1.));
#12940=DIRECTION('',(0.,-1.,0.));
#12941=DIRECTION('',(0.,-1.,0.));
#12942=DIRECTION('',(0.,-1.,0.));
#12943=DIRECTION('',(0.,0.,-1.));
#12944=DIRECTION('',(1.,0.,0.));
#12945=DIRECTION('',(1.,0.,0.));
#12946=DIRECTION('',(-1.,0.,0.));
#12947=DIRECTION('',(0.,0.,1.));
#12948=DIRECTION('',(0.,-1.,0.));
#12949=DIRECTION('',(0.,0.,1.));
#12950=DIRECTION('',(0.,-1.,0.));
#12951=DIRECTION('',(0.,0.,1.));
#12952=DIRECTION('',(0.,-1.,0.));
#12953=DIRECTION('',(0.,0.,-1.));
#12954=DIRECTION('',(0.,0.,1.));
#12955=DIRECTION('',(1.,0.,0.));
#12956=DIRECTION('',(1.,0.,0.));
#12957=DIRECTION('',(-1.,0.,0.));
#12958=DIRECTION('',(0.,0.,1.));
#12959=DIRECTION('',(0.,0.,1.));
#12960=DIRECTION('',(0.,-1.,0.));
#12961=DIRECTION('',(0.,-1.,0.));
#12962=DIRECTION('',(0.,-1.,0.));
#12963=DIRECTION('',(0.,0.,-1.));
#12964=DIRECTION('',(1.,0.,0.));
#12965=DIRECTION('',(1.,0.,0.));
#12966=DIRECTION('',(-1.,0.,0.));
#12967=DIRECTION('',(0.,0.,1.));
#12968=DIRECTION('',(0.,-1.,0.));
#12969=DIRECTION('',(0.,0.,1.));
#12970=DIRECTION('',(0.,-1.,0.));
#12971=DIRECTION('',(0.,0.,1.));
#12972=DIRECTION('',(0.,-1.,0.));
#12973=DIRECTION('',(0.,0.,-1.));
#12974=DIRECTION('',(0.,0.,1.));
#12975=DIRECTION('',(1.,0.,0.));
#12976=DIRECTION('',(1.,0.,0.));
#12977=DIRECTION('',(-1.,0.,0.));
#12978=DIRECTION('',(0.,0.,1.));
#12979=DIRECTION('',(0.,0.,1.));
#12980=DIRECTION('',(0.,-1.,0.));
#12981=DIRECTION('',(0.,-1.,0.));
#12982=DIRECTION('',(0.,-1.,0.));
#12983=DIRECTION('',(0.,0.,-1.));
#12984=DIRECTION('',(1.,0.,0.));
#12985=DIRECTION('',(1.,0.,0.));
#12986=DIRECTION('',(-1.,0.,0.));
#12987=DIRECTION('',(0.,0.,1.));
#12988=DIRECTION('',(0.,-1.,0.));
#12989=DIRECTION('',(0.,0.,1.));
#12990=DIRECTION('',(0.,-1.,0.));
#12991=DIRECTION('',(0.,0.,1.));
#12992=DIRECTION('',(0.,-1.,0.));
#12993=DIRECTION('',(0.,0.,-1.));
#12994=DIRECTION('',(0.,0.,1.));
#12995=DIRECTION('',(1.,0.,0.));
#12996=DIRECTION('',(1.,0.,0.));
#12997=DIRECTION('',(-1.,0.,0.));
#12998=DIRECTION('',(0.,0.,1.));
#12999=DIRECTION('',(0.,0.,1.));
#13000=DIRECTION('',(0.,-1.,0.));
#13001=DIRECTION('',(0.,-1.,0.));
#13002=DIRECTION('',(0.,-1.,0.));
#13003=DIRECTION('',(0.,0.,-1.));
#13004=DIRECTION('',(1.,0.,0.));
#13005=DIRECTION('',(1.,0.,0.));
#13006=DIRECTION('',(-1.,0.,0.));
#13007=DIRECTION('',(0.,0.,1.));
#13008=DIRECTION('',(0.,-1.,0.));
#13009=DIRECTION('',(0.,0.,1.));
#13010=DIRECTION('',(0.,-1.,0.));
#13011=DIRECTION('',(0.,0.,1.));
#13012=DIRECTION('',(0.,-1.,0.));
#13013=DIRECTION('',(0.,0.,-1.));
#13014=DIRECTION('',(0.,0.,1.));
#13015=DIRECTION('',(1.,0.,0.));
#13016=DIRECTION('',(1.,0.,0.));
#13017=DIRECTION('',(-1.,0.,0.));
#13018=DIRECTION('',(0.,0.,1.));
#13019=DIRECTION('',(0.,0.,1.));
#13020=DIRECTION('',(0.,-1.,0.));
#13021=DIRECTION('',(0.,-1.,0.));
#13022=DIRECTION('',(0.,-1.,0.));
#13023=DIRECTION('',(0.,0.,-1.));
#13024=DIRECTION('',(1.,0.,0.));
#13025=DIRECTION('',(1.,0.,0.));
#13026=DIRECTION('',(-1.,0.,0.));
#13027=DIRECTION('',(0.,0.,1.));
#13028=DIRECTION('',(0.,-1.,0.));
#13029=DIRECTION('',(0.,0.,1.));
#13030=DIRECTION('',(0.,-1.,0.));
#13031=DIRECTION('',(0.,0.,1.));
#13032=DIRECTION('',(0.,-1.,0.));
#13033=DIRECTION('',(0.,0.,-1.));
#13034=DIRECTION('',(0.,0.,1.));
#13035=DIRECTION('',(1.,0.,0.));
#13036=DIRECTION('',(1.,0.,0.));
#13037=DIRECTION('',(-1.,0.,0.));
#13038=DIRECTION('',(0.,0.,1.));
#13039=DIRECTION('',(0.,0.,1.));
#13040=DIRECTION('',(0.,-1.,0.));
#13041=DIRECTION('',(0.,-1.,0.));
#13042=DIRECTION('',(0.,-1.,0.));
#13043=DIRECTION('',(0.,0.,-1.));
#13044=DIRECTION('',(1.,0.,0.));
#13045=DIRECTION('',(1.,0.,0.));
#13046=DIRECTION('',(-1.,0.,0.));
#13047=DIRECTION('',(0.,0.,1.));
#13048=DIRECTION('',(0.,-1.,0.));
#13049=DIRECTION('',(0.,0.,1.));
#13050=DIRECTION('',(0.,-1.,0.));
#13051=DIRECTION('',(0.,0.,1.));
#13052=DIRECTION('',(0.,-1.,0.));
#13053=DIRECTION('',(0.,0.,-1.));
#13054=DIRECTION('',(0.,0.,1.));
#13055=DIRECTION('',(1.,0.,0.));
#13056=DIRECTION('',(1.,0.,0.));
#13057=DIRECTION('',(-1.,0.,0.));
#13058=DIRECTION('',(0.,0.,1.));
#13059=DIRECTION('',(0.,0.,1.));
#13060=DIRECTION('',(0.,-1.,0.));
#13061=DIRECTION('',(0.,-1.,0.));
#13062=DIRECTION('',(0.,-1.,0.));
#13063=DIRECTION('',(0.,0.,-1.));
#13064=DIRECTION('',(1.,0.,0.));
#13065=DIRECTION('',(1.,0.,0.));
#13066=DIRECTION('',(-1.,0.,0.));
#13067=DIRECTION('',(0.,0.,1.));
#13068=DIRECTION('',(0.,-1.,0.));
#13069=DIRECTION('',(0.,0.,1.));
#13070=DIRECTION('',(0.,-1.,0.));
#13071=DIRECTION('',(0.,0.,1.));
#13072=DIRECTION('',(0.,-1.,0.));
#13073=DIRECTION('',(0.,0.,-1.));
#13074=DIRECTION('',(0.,0.,1.));
#13075=DIRECTION('',(1.,0.,0.));
#13076=DIRECTION('',(1.,0.,0.));
#13077=DIRECTION('',(-1.,0.,0.));
#13078=DIRECTION('',(0.,0.,1.));
#13079=DIRECTION('',(0.,0.,1.));
#13080=DIRECTION('',(0.,-1.,0.));
#13081=DIRECTION('',(0.,-1.,0.));
#13082=DIRECTION('',(0.,-1.,0.));
#13083=DIRECTION('',(0.,0.,-1.));
#13084=DIRECTION('',(1.,0.,0.));
#13085=DIRECTION('',(1.,0.,0.));
#13086=DIRECTION('',(-1.,0.,0.));
#13087=DIRECTION('',(0.,0.,1.));
#13088=DIRECTION('',(0.,-1.,0.));
#13089=DIRECTION('',(0.,0.,1.));
#13090=DIRECTION('',(0.,-1.,0.));
#13091=DIRECTION('',(0.,0.,1.));
#13092=DIRECTION('',(0.,-1.,0.));
#13093=DIRECTION('',(0.,0.,-1.));
#13094=DIRECTION('',(0.,0.,1.));
#13095=DIRECTION('',(1.,0.,0.));
#13096=DIRECTION('',(1.,0.,0.));
#13097=DIRECTION('',(-1.,0.,0.));
#13098=DIRECTION('',(0.,0.,1.));
#13099=DIRECTION('',(0.,0.,1.));
#13100=DIRECTION('',(0.,-1.,0.));
#13101=DIRECTION('',(0.,-1.,0.));
#13102=DIRECTION('',(0.,-1.,0.));
#13103=DIRECTION('',(0.,0.,-1.));
#13104=DIRECTION('',(1.,0.,0.));
#13105=DIRECTION('',(1.,0.,0.));
#13106=DIRECTION('',(-1.,0.,0.));
#13107=DIRECTION('',(0.,0.,1.));
#13108=DIRECTION('',(0.,-1.,0.));
#13109=DIRECTION('',(0.,0.,1.));
#13110=DIRECTION('',(0.,-1.,0.));
#13111=DIRECTION('',(0.,0.,1.));
#13112=DIRECTION('',(0.,-1.,0.));
#13113=DIRECTION('',(0.,0.,-1.));
#13114=DIRECTION('',(0.,0.,1.));
#13115=DIRECTION('',(1.,0.,0.));
#13116=DIRECTION('',(1.,0.,0.));
#13117=DIRECTION('',(-1.,0.,0.));
#13118=DIRECTION('',(0.,0.,1.));
#13119=DIRECTION('',(0.,0.,1.));
#13120=DIRECTION('',(0.,-1.,0.));
#13121=DIRECTION('',(0.,-1.,0.));
#13122=DIRECTION('',(0.,-1.,0.));
#13123=DIRECTION('',(0.,0.,-1.));
#13124=DIRECTION('',(1.,0.,0.));
#13125=DIRECTION('',(1.,0.,0.));
#13126=DIRECTION('',(-1.,0.,0.));
#13127=DIRECTION('',(0.,0.,1.));
#13128=DIRECTION('',(0.,-1.,0.));
#13129=DIRECTION('',(0.,0.,1.));
#13130=DIRECTION('',(0.,-1.,0.));
#13131=DIRECTION('',(0.,0.,1.));
#13132=DIRECTION('',(0.,-1.,0.));
#13133=DIRECTION('',(0.,0.,-1.));
#13134=DIRECTION('',(0.,0.,1.));
#13135=DIRECTION('',(1.,0.,0.));
#13136=DIRECTION('',(1.,0.,0.));
#13137=DIRECTION('',(-1.,0.,0.));
#13138=DIRECTION('',(0.,0.,1.));
#13139=DIRECTION('',(0.,0.,1.));
#13140=DIRECTION('',(0.,-1.,0.));
#13141=DIRECTION('',(0.,-1.,0.));
#13142=DIRECTION('',(0.,-1.,0.));
#13143=DIRECTION('',(0.,0.,-1.));
#13144=DIRECTION('',(1.,0.,0.));
#13145=DIRECTION('',(1.,0.,0.));
#13146=DIRECTION('',(1.,0.,0.));
#13147=DIRECTION('',(0.,0.,-1.));
#13148=DIRECTION('',(0.,-1.,0.));
#13149=DIRECTION('',(0.,0.,-1.));
#13150=DIRECTION('',(0.,-1.,0.));
#13151=DIRECTION('',(0.,0.,-1.));
#13152=DIRECTION('',(-1.,0.,0.));
#13153=DIRECTION('',(0.,0.,1.));
#13154=DIRECTION('',(0.,-1.,0.));
#13155=DIRECTION('',(0.,0.,1.));
#13156=DIRECTION('',(0.,-1.,0.));
#13157=DIRECTION('',(0.,0.,1.));
#13158=DIRECTION('',(0.,-1.,0.));
#13159=DIRECTION('',(0.,0.,-1.));
#13160=DIRECTION('',(0.,0.,1.));
#13161=DIRECTION('',(1.,0.,0.));
#13162=DIRECTION('',(1.,0.,0.));
#13163=DIRECTION('',(-1.,0.,0.));
#13164=DIRECTION('',(0.,0.,1.));
#13165=DIRECTION('',(0.,0.,1.));
#13166=DIRECTION('',(0.,-1.,0.));
#13167=DIRECTION('',(0.,-1.,0.));
#13168=DIRECTION('',(0.,-1.,0.));
#13169=DIRECTION('',(0.,0.,-1.));
#13170=DIRECTION('',(1.,0.,0.));
#13171=DIRECTION('',(1.,0.,0.));
#13172=DIRECTION('',(-1.,0.,0.));
#13173=DIRECTION('',(0.,0.,1.));
#13174=DIRECTION('',(0.,-1.,0.));
#13175=DIRECTION('',(0.,0.,1.));
#13176=DIRECTION('',(0.,-1.,0.));
#13177=DIRECTION('',(0.,0.,1.));
#13178=DIRECTION('',(0.,-1.,0.));
#13179=DIRECTION('',(0.,0.,-1.));
#13180=DIRECTION('',(0.,0.,1.));
#13181=DIRECTION('',(1.,0.,0.));
#13182=DIRECTION('',(1.,0.,0.));
#13183=DIRECTION('',(-1.,0.,0.));
#13184=DIRECTION('',(0.,0.,1.));
#13185=DIRECTION('',(0.,0.,1.));
#13186=DIRECTION('',(0.,-1.,0.));
#13187=DIRECTION('',(0.,-1.,0.));
#13188=DIRECTION('',(0.,-1.,0.));
#13189=DIRECTION('',(0.,0.,-1.));
#13190=DIRECTION('',(1.,0.,0.));
#13191=DIRECTION('',(1.,0.,0.));
#13192=DIRECTION('',(-1.,0.,0.));
#13193=DIRECTION('',(0.,0.,1.));
#13194=DIRECTION('',(0.,-1.,0.));
#13195=DIRECTION('',(0.,0.,1.));
#13196=DIRECTION('',(0.,-1.,0.));
#13197=DIRECTION('',(0.,0.,1.));
#13198=DIRECTION('',(0.,-1.,0.));
#13199=DIRECTION('',(0.,0.,-1.));
#13200=DIRECTION('',(0.,0.,1.));
#13201=DIRECTION('',(1.,0.,0.));
#13202=DIRECTION('',(1.,0.,0.));
#13203=DIRECTION('',(-1.,0.,0.));
#13204=DIRECTION('',(0.,0.,1.));
#13205=DIRECTION('',(0.,0.,1.));
#13206=DIRECTION('',(0.,-1.,0.));
#13207=DIRECTION('',(0.,-1.,0.));
#13208=DIRECTION('',(0.,-1.,0.));
#13209=DIRECTION('',(0.,0.,-1.));
#13210=DIRECTION('',(1.,0.,0.));
#13211=DIRECTION('',(1.,0.,0.));
#13212=DIRECTION('',(-1.,0.,0.));
#13213=DIRECTION('',(0.,0.,1.));
#13214=DIRECTION('',(0.,-1.,0.));
#13215=DIRECTION('',(0.,0.,1.));
#13216=DIRECTION('',(0.,-1.,0.));
#13217=DIRECTION('',(0.,0.,1.));
#13218=DIRECTION('',(0.,-1.,0.));
#13219=DIRECTION('',(0.,0.,-1.));
#13220=DIRECTION('',(0.,0.,1.));
#13221=DIRECTION('',(1.,0.,0.));
#13222=DIRECTION('',(1.,0.,0.));
#13223=DIRECTION('',(-1.,0.,0.));
#13224=DIRECTION('',(0.,0.,1.));
#13225=DIRECTION('',(0.,0.,1.));
#13226=DIRECTION('',(0.,-1.,0.));
#13227=DIRECTION('',(0.,-1.,0.));
#13228=DIRECTION('',(0.,-1.,0.));
#13229=DIRECTION('',(0.,0.,-1.));
#13230=DIRECTION('',(1.,0.,0.));
#13231=DIRECTION('',(1.,0.,0.));
#13232=DIRECTION('',(-1.,0.,0.));
#13233=DIRECTION('',(0.,0.,1.));
#13234=DIRECTION('',(0.,-1.,0.));
#13235=DIRECTION('',(0.,0.,1.));
#13236=DIRECTION('',(0.,-1.,0.));
#13237=DIRECTION('',(0.,0.,1.));
#13238=DIRECTION('',(0.,-1.,0.));
#13239=DIRECTION('',(0.,0.,-1.));
#13240=DIRECTION('',(0.,0.,1.));
#13241=DIRECTION('',(1.,0.,0.));
#13242=DIRECTION('',(1.,0.,0.));
#13243=DIRECTION('',(-1.,0.,0.));
#13244=DIRECTION('',(0.,0.,1.));
#13245=DIRECTION('',(0.,0.,1.));
#13246=DIRECTION('',(0.,-1.,0.));
#13247=DIRECTION('',(0.,-1.,0.));
#13248=DIRECTION('',(0.,-1.,0.));
#13249=DIRECTION('',(0.,0.,-1.));
#13250=DIRECTION('',(1.,0.,0.));
#13251=DIRECTION('',(1.,0.,0.));
#13252=DIRECTION('',(-1.,0.,0.));
#13253=DIRECTION('',(0.,0.,1.));
#13254=DIRECTION('',(0.,-1.,0.));
#13255=DIRECTION('',(0.,0.,1.));
#13256=DIRECTION('',(0.,-1.,0.));
#13257=DIRECTION('',(0.,0.,1.));
#13258=DIRECTION('',(0.,-1.,0.));
#13259=DIRECTION('',(0.,0.,-1.));
#13260=DIRECTION('',(0.,0.,1.));
#13261=DIRECTION('',(1.,0.,0.));
#13262=DIRECTION('',(1.,0.,0.));
#13263=DIRECTION('',(-1.,0.,0.));
#13264=DIRECTION('',(0.,0.,1.));
#13265=DIRECTION('',(0.,0.,1.));
#13266=DIRECTION('',(0.,-1.,0.));
#13267=DIRECTION('',(0.,-1.,0.));
#13268=DIRECTION('',(0.,-1.,0.));
#13269=DIRECTION('',(0.,0.,-1.));
#13270=DIRECTION('',(1.,0.,0.));
#13271=DIRECTION('',(1.,0.,0.));
#13272=DIRECTION('',(0.,0.,1.));
#13273=DIRECTION('',(1.,0.,0.));
#13274=DIRECTION('',(0.,0.,1.));
#13275=DIRECTION('',(1.,0.,0.));
#13276=DIRECTION('',(0.,0.,1.));
#13277=DIRECTION('',(1.,0.,0.));
#13278=DIRECTION('',(0.,0.,1.));
#13279=DIRECTION('',(1.,0.,0.));
#13280=DIRECTION('',(0.,0.,1.));
#13281=DIRECTION('',(1.,0.,0.));
#13282=DIRECTION('',(0.,0.,1.));
#13283=DIRECTION('',(1.,0.,0.));
#13284=DIRECTION('',(0.,0.,-1.));
#13285=DIRECTION('',(-1.,0.,0.));
#13286=DIRECTION('',(0.,0.,1.));
#13287=DIRECTION('',(1.,0.,0.));
#13288=DIRECTION('',(0.,0.,1.));
#13289=DIRECTION('',(1.,0.,0.));
#13290=DIRECTION('',(0.,0.,-1.));
#13291=DIRECTION('',(0.,0.,-1.));
#13292=DIRECTION('',(-1.,0.,0.));
#13293=DIRECTION('',(0.,0.,1.));
#13294=DIRECTION('',(1.,0.,0.));
#13295=DIRECTION('',(0.,0.,-1.));
#13296=DIRECTION('',(0.,0.,1.));
#13297=DIRECTION('',(1.,0.,0.));
#13298=DIRECTION('',(-1.,1.85863229568943E-16,0.));
#13299=DIRECTION('',(-1.85863229568943E-16,-1.,0.));
#13300=DIRECTION('',(0.,0.,1.));
#13301=DIRECTION('',(-1.85863229568943E-16,-1.,0.));
#13302=DIRECTION('',(0.,0.,1.));
#13303=DIRECTION('',(-1.85863229568943E-16,-1.,0.));
#13304=DIRECTION('',(-1.,1.85863229568943E-16,0.));
#13305=DIRECTION('',(-1.85863229568943E-16,-1.,0.));
#13306=DIRECTION('',(0.,0.,1.));
#13307=DIRECTION('',(-1.85863229568943E-16,-1.,0.));
#13308=DIRECTION('',(0.,0.,1.));
#13309=DIRECTION('',(-1.85863229568943E-16,-1.,0.));
#13310=DIRECTION('',(-1.,1.85863229568943E-16,0.));
#13311=DIRECTION('',(-1.85863229568943E-16,-1.,0.));
#13312=DIRECTION('',(0.,0.,1.));
#13313=DIRECTION('',(-1.85863229568943E-16,-1.,0.));
#13314=DIRECTION('',(0.,0.,1.));
#13315=DIRECTION('',(-1.85863229568943E-16,-1.,0.));
#13316=DIRECTION('',(-1.,1.85863229568943E-16,0.));
#13317=DIRECTION('',(-1.85863229568943E-16,-1.,0.));
#13318=DIRECTION('',(0.,0.,1.));
#13319=DIRECTION('',(-1.85863229568943E-16,-1.,0.));
#13320=DIRECTION('',(0.,0.,1.));
#13321=DIRECTION('',(-1.85863229568943E-16,-1.,0.));
#13322=DIRECTION('',(-1.,1.85863229568943E-16,0.));
#13323=DIRECTION('',(-1.85863229568943E-16,-1.,0.));
#13324=DIRECTION('',(0.,0.,1.));
#13325=DIRECTION('',(-1.85863229568943E-16,-1.,0.));
#13326=DIRECTION('',(0.,0.,1.));
#13327=DIRECTION('',(-1.85863229568943E-16,-1.,0.));
#13328=DIRECTION('',(-1.,1.85863229568943E-16,0.));
#13329=DIRECTION('',(-1.85863229568943E-16,-1.,0.));
#13330=DIRECTION('',(0.,0.,1.));
#13331=DIRECTION('',(-1.85863229568943E-16,-1.,0.));
#13332=DIRECTION('',(0.,0.,1.));
#13333=DIRECTION('',(-1.85863229568943E-16,-1.,0.));
#13334=DIRECTION('',(0.,-1.,0.));
#13335=DIRECTION('',(0.,0.,-1.));
#13336=DIRECTION('',(0.,0.,-1.));
#13337=DIRECTION('',(-1.,0.,0.));
#13338=DIRECTION('',(-1.,0.,0.));
#13339=DIRECTION('',(0.,-1.,0.));
#13340=DIRECTION('',(0.,0.,-1.));
#13341=DIRECTION('',(1.,0.,0.));
#13342=DIRECTION('',(0.,0.,-1.));
#13343=DIRECTION('',(1.,0.,0.));
#13344=DIRECTION('',(0.,-1.,0.));
#13345=DIRECTION('',(0.,0.,-1.));
#13346=DIRECTION('',(0.,0.,-1.));
#13347=DIRECTION('',(1.,0.,0.));
#13348=DIRECTION('',(1.,0.,0.));
#13349=DIRECTION('',(0.,-1.,0.));
#13350=DIRECTION('',(0.,0.,-1.));
#13351=DIRECTION('',(1.,0.,0.));
#13352=DIRECTION('',(0.,0.,-1.));
#13353=DIRECTION('',(1.,0.,0.));
#13354=DIRECTION('',(0.,-1.,0.));
#13355=DIRECTION('',(0.,0.,-1.));
#13356=DIRECTION('',(0.,0.,-1.));
#13357=DIRECTION('',(1.,0.,0.));
#13358=DIRECTION('',(1.,0.,0.));
#13359=DIRECTION('',(0.,-1.,0.));
#13360=DIRECTION('',(0.,0.,-1.));
#13361=DIRECTION('',(1.,0.,0.));
#13362=DIRECTION('',(0.,0.,-1.));
#13363=DIRECTION('',(1.,0.,0.));
#13364=DIRECTION('',(0.,-1.,0.));
#13365=DIRECTION('',(0.,0.,-1.));
#13366=DIRECTION('',(0.,0.,-1.));
#13367=DIRECTION('',(1.,0.,0.));
#13368=DIRECTION('',(1.,0.,0.));
#13369=DIRECTION('',(0.,-1.,0.));
#13370=DIRECTION('',(0.,0.,-1.));
#13371=DIRECTION('',(1.,0.,0.));
#13372=DIRECTION('',(0.,0.,-1.));
#13373=DIRECTION('',(1.,0.,0.));
#13374=DIRECTION('',(0.,-1.,0.));
#13375=DIRECTION('',(0.,0.,-1.));
#13376=DIRECTION('',(0.,0.,-1.));
#13377=DIRECTION('',(1.,0.,0.));
#13378=DIRECTION('',(1.,0.,0.));
#13379=DIRECTION('',(0.,-1.,0.));
#13380=DIRECTION('',(0.,0.,-1.));
#13381=DIRECTION('',(1.,0.,0.));
#13382=DIRECTION('',(0.,0.,-1.));
#13383=DIRECTION('',(1.,0.,0.));
#13384=DIRECTION('',(0.,-1.,0.));
#13385=DIRECTION('',(0.,0.,-1.));
#13386=DIRECTION('',(0.,0.,-1.));
#13387=DIRECTION('',(1.,0.,0.));
#13388=DIRECTION('',(1.,0.,0.));
#13389=DIRECTION('',(0.,-1.,0.));
#13390=DIRECTION('',(0.,0.,-1.));
#13391=DIRECTION('',(1.,0.,0.));
#13392=DIRECTION('',(0.,0.,-1.));
#13393=DIRECTION('',(1.,0.,0.));
#13394=DIRECTION('',(0.,-1.,0.));
#13395=DIRECTION('',(0.,0.,-1.));
#13396=DIRECTION('',(0.,0.,-1.));
#13397=DIRECTION('',(1.,0.,0.));
#13398=DIRECTION('',(1.,0.,0.));
#13399=DIRECTION('',(0.,-1.,0.));
#13400=DIRECTION('',(0.,0.,-1.));
#13401=DIRECTION('',(-1.,0.,0.));
#13402=DIRECTION('',(0.,0.,-1.));
#13403=DIRECTION('',(-1.,0.,0.));
#13404=DIRECTION('',(0.,0.,1.));
#13405=DIRECTION('',(1.,0.,0.));
#13406=DIRECTION('',(0.,-1.,0.));
#13407=DIRECTION('',(0.,-1.,0.));
#13408=DIRECTION('',(0.,-1.,0.));
#13409=DIRECTION('',(0.,-1.,0.));
#13410=DIRECTION('',(0.,-1.,0.));
#13411=DIRECTION('',(0.,-1.,0.));
#13412=DIRECTION('',(0.,-1.,0.));
#13413=DIRECTION('',(0.,0.,1.));
#13414=DIRECTION('',(1.,0.,0.));
#13415=DIRECTION('',(0.,-1.,0.));
#13416=DIRECTION('',(0.,-1.,0.));
#13417=DIRECTION('',(0.,-1.,0.));
#13418=DIRECTION('',(0.,-1.,0.));
#13419=DIRECTION('',(0.,-1.,0.));
#13420=DIRECTION('',(0.,-1.,0.));
#13421=DIRECTION('',(0.,-1.,0.));
#13422=DIRECTION('',(-1.,0.,0.));
#13423=DIRECTION('',(0.,-1.,0.));
#13424=DIRECTION('',(-1.,0.,0.));
#13425=DIRECTION('',(0.,-1.,0.));
#13426=DIRECTION('',(-1.,0.,0.));
#13427=DIRECTION('',(0.,-1.,0.));
#13428=DIRECTION('',(-1.,0.,0.));
#13429=DIRECTION('',(0.,-1.,0.));
#13430=DIRECTION('',(-1.,0.,0.));
#13431=DIRECTION('',(0.,-1.,0.));
#13432=DIRECTION('',(-1.,0.,0.));
#13433=DIRECTION('',(0.,-1.,0.));
#13434=DIRECTION('',(-1.,0.,0.));
#13435=DIRECTION('',(0.,-1.,0.));
#13436=CARTESIAN_POINT('',(0.,0.,0.));
#13437=CARTESIAN_POINT('',(-0.196317,0.,0.0064));
#13438=CARTESIAN_POINT('',(-0.196317,0.0700376957571356,0.0064));
#13439=CARTESIAN_POINT('',(-0.196317,0.0700376957571356,0.0064));
#13440=CARTESIAN_POINT('',(-0.196317,0.0700376957571356,-0.0056));
#13441=CARTESIAN_POINT('',(-0.196317,0.,0.0064));
#13442=CARTESIAN_POINT('',(-0.196317,-0.0700634957571356,0.0064));
#13443=CARTESIAN_POINT('',(-0.196317,-0.0700634957571356,0.0064));
#13444=CARTESIAN_POINT('',(-0.196317,-0.0700634957571356,-0.0056));
#13445=CARTESIAN_POINT('',(-0.196317,0.,-0.0056));
#13446=CARTESIAN_POINT('',(0.,0.0722565,0.0064));
#13447=CARTESIAN_POINT('',(0.,0.0722565,-0.0056));
#13448=CARTESIAN_POINT('',(-0.19409830745042,0.0722565,-0.0056));
#13449=CARTESIAN_POINT('',(-1.7000000000017E-5,0.0722565,-0.0056));
#13450=CARTESIAN_POINT('',(-1.7000000000017E-5,0.0722565,0.0064));
#13451=CARTESIAN_POINT('',(-1.7000000000017E-5,0.0722565,0.0064));
#13452=CARTESIAN_POINT('',(0.,0.0722565,0.0064));
#13453=CARTESIAN_POINT('',(-0.19409830745042,0.0722565,0.0064));
#13454=CARTESIAN_POINT('',(-0.19409830745042,0.0722565,0.0064));
#13455=CARTESIAN_POINT('',(0.,-0.0722565,0.0064));
#13456=CARTESIAN_POINT('',(-1.7000000000017E-5,-0.0722565,0.0064));
#13457=CARTESIAN_POINT('',(-1.7000000000017E-5,-0.0722565,-0.0056));
#13458=CARTESIAN_POINT('',(-1.7000000000017E-5,-0.0722565,0.0064));
#13459=CARTESIAN_POINT('',(0.,-0.0722565,-0.0056));
#13460=CARTESIAN_POINT('',(-0.194095459510543,-0.0722565,-0.0056));
#13461=CARTESIAN_POINT('',(-0.194095459510543,-0.0722565,0.0064));
#13462=CARTESIAN_POINT('',(-0.194095459510543,-0.0722565,0.0064));
#13463=CARTESIAN_POINT('',(0.,-0.0722565,0.0064));
#13464=CARTESIAN_POINT('',(0.,0.,-0.0056));
#13465=CARTESIAN_POINT('',(-1.7000000000017E-5,0.,-0.0056));
#13466=CARTESIAN_POINT('',(-0.196084766952967,0.0720241669529664,-0.0056));
#13467=CARTESIAN_POINT('',(-0.196084766952967,-0.0720499669529664,-0.0056));
#13468=CARTESIAN_POINT('',(-0.1887611,0.0543029,-0.0056));
#13469=CARTESIAN_POINT('',(-0.1872611,0.0543029,-0.0056));
#13470=CARTESIAN_POINT('',(-0.1887611,-0.0647521,-0.0056));
#13471=CARTESIAN_POINT('',(-0.1872611,-0.0647521,-0.0056));
#13472=CARTESIAN_POINT('',(0.,0.,-0.0056));
#13473=CARTESIAN_POINT('',(-0.196084766952967,0.0720241669529664,-0.0056));
#13474=CARTESIAN_POINT('',(-0.194334766952967,0.0720241669529664,-0.0056));
#13475=CARTESIAN_POINT('',(0.,0.,0.0064));
#13476=CARTESIAN_POINT('',(-1.7000000000017E-5,0.,0.0064));
#13477=CARTESIAN_POINT('',(-1.7000000000017E-5,0.0752564,0.0064));
#13478=CARTESIAN_POINT('',(0.,0.0752564,0.0064));
#13479=CARTESIAN_POINT('',(-0.194317,0.0752564,0.0064));
#13480=CARTESIAN_POINT('',(-0.194317,0.0702564,0.0064));
#13481=CARTESIAN_POINT('',(-0.199317,0.0702564,0.0064));
#13482=CARTESIAN_POINT('',(-0.199317,0.,0.0064));
#13483=CARTESIAN_POINT('',(-0.199317,-0.0702564,0.0064));
#13484=CARTESIAN_POINT('',(-0.194317,-0.0702564,0.0064));
#13485=CARTESIAN_POINT('',(-0.194317,-0.0752564,0.0064));
#13486=CARTESIAN_POINT('',(0.,-0.0752564,0.0064));
#13487=CARTESIAN_POINT('',(-1.7000000000017E-5,-0.0752564,0.0064));
#13488=CARTESIAN_POINT('',(-1.7000000000017E-5,0.,0.0064));
#13489=CARTESIAN_POINT('',(-0.196084766952967,-0.0720499669529664,0.0064));
#13490=CARTESIAN_POINT('',(-0.196084766952967,0.0720241669529664,0.0064));
#13491=CARTESIAN_POINT('',(-0.196084766952967,-0.0720499669529664,0.0064));
#13492=CARTESIAN_POINT('',(-0.194334766952967,-0.0720499669529664,0.0064));
#13493=CARTESIAN_POINT('',(-0.196084766952967,0.0720241669529664,0.0064));
#13494=CARTESIAN_POINT('',(-0.194334766952967,0.0720241669529664,0.0064));
#13495=CARTESIAN_POINT('',(0.,0.,-0.0056));
#13496=CARTESIAN_POINT('',(-0.196084766952967,-0.0720499669529664,-0.0056));
#13497=CARTESIAN_POINT('',(-0.194334766952967,-0.0720499669529664,-0.0056));
#13498=CARTESIAN_POINT('',(0.,0.0752564,-0.0096));
#13499=CARTESIAN_POINT('',(-1.7000000000017E-5,0.0752564,-0.0096));
#13500=CARTESIAN_POINT('',(-1.7000000000017E-5,0.0752564,-0.0096));
#13501=CARTESIAN_POINT('',(0.,0.0752564,-0.0096));
#13502=CARTESIAN_POINT('',(-0.194317,0.0752564,-0.0096));
#13503=CARTESIAN_POINT('',(-0.194317,0.0752564,-0.0096));
#13504=CARTESIAN_POINT('',(-0.194317,0.0702564,-0.0096));
#13505=CARTESIAN_POINT('',(-0.199317,0.0702564,-0.0096));
#13506=CARTESIAN_POINT('',(-0.199317,0.0702564,-0.0096));
#13507=CARTESIAN_POINT('',(-0.194317,0.0702564,-0.0096));
#13508=CARTESIAN_POINT('',(-0.199317,0.,-0.0096));
#13509=CARTESIAN_POINT('',(-0.199317,-0.0702564,-0.0096));
#13510=CARTESIAN_POINT('',(-0.199317,-0.0702564,-0.0096));
#13511=CARTESIAN_POINT('',(-0.199317,0.,-0.0096));
#13512=CARTESIAN_POINT('',(-0.194317,-0.0702564,-0.0096));
#13513=CARTESIAN_POINT('',(-0.194317,-0.0752564,-0.0096));
#13514=CARTESIAN_POINT('',(-0.194317,-0.0752564,-0.0096));
#13515=CARTESIAN_POINT('',(-0.194317,-0.0702564,-0.0096));
#13516=CARTESIAN_POINT('',(0.,-0.0752564,-0.0096));
#13517=CARTESIAN_POINT('',(0.,-0.0752564,-0.0096));
#13518=CARTESIAN_POINT('',(-1.7000000000017E-5,-0.0752564,-0.0096));
#13519=CARTESIAN_POINT('',(-1.7000000000017E-5,-0.0752564,-0.0096));
#13520=CARTESIAN_POINT('',(-0.1887611,0.0543029,-0.0096));
#13521=CARTESIAN_POINT('',(-0.1887611,0.0543029,-0.0096));
#13522=CARTESIAN_POINT('',(-0.1872611,0.0543029,-0.0096));
#13523=CARTESIAN_POINT('',(-0.1887611,-0.0647521,-0.0096));
#13524=CARTESIAN_POINT('',(-0.1887611,-0.0647521,-0.0096));
#13525=CARTESIAN_POINT('',(-0.1872611,-0.0647521,-0.0096));
#13526=CARTESIAN_POINT('',(0.,0.,-0.0096));
#13527=CARTESIAN_POINT('',(-1.7000000000017E-5,0.,-0.0096));
#13528=CARTESIAN_POINT('',(-0.196084766952967,-0.0720499669529664,0.0194));
#13529=CARTESIAN_POINT('',(-0.196084766952967,0.0720241669529664,0.0194));
#13530=CARTESIAN_POINT('',(-0.196084766952967,-0.0720499669529664,0.0064));
#13531=CARTESIAN_POINT('',(-0.196084766952967,0.0720241669529664,0.0064));
#13532=CARTESIAN_POINT('',(-1.7000000000017E-5,0.,-0.0016));
#13533=CARTESIAN_POINT('',(0.,0.,0.));
#13534=CARTESIAN_POINT('',(0.1114412,0.0722564,0.00636));
#13535=CARTESIAN_POINT('',(0.1114412,0.0722564,0.01136));
#13536=CARTESIAN_POINT('',(0.1114412,0.0732564,0.01136));
#13537=CARTESIAN_POINT('',(0.1114412,0.0752564,0.01136));
#13538=CARTESIAN_POINT('',(0.1114412,0.0732564,0.00636));
#13539=CARTESIAN_POINT('',(0.1114412,0.0732564,0.0064));
#13540=CARTESIAN_POINT('',(0.1114412,0.0722564,0.0064));
#13541=CARTESIAN_POINT('',(0.1114412,0.0752564,0.0064));
#13542=CARTESIAN_POINT('',(0.1114412,0.0752564,0.00636));
#13543=CARTESIAN_POINT('',(0.1209412,0.0722564,0.01136));
#13544=CARTESIAN_POINT('',(0.1304412,0.0722564,0.01136));
#13545=CARTESIAN_POINT('',(0.1304412,0.0732564,0.01136));
#13546=CARTESIAN_POINT('',(0.1304412,0.0752564,0.01136));
#13547=CARTESIAN_POINT('',(0.1209412,0.0732564,0.01136));
#13548=CARTESIAN_POINT('',(0.1209412,0.0752564,0.01136));
#13549=CARTESIAN_POINT('',(0.1304412,0.0722564,0.00636));
#13550=CARTESIAN_POINT('',(0.1304412,0.0732564,0.00636));
#13551=CARTESIAN_POINT('',(0.1304412,0.0732564,0.0064));
#13552=CARTESIAN_POINT('',(0.1304412,0.0752564,0.00636));
#13553=CARTESIAN_POINT('',(0.1304412,0.0752564,0.0064));
#13554=CARTESIAN_POINT('',(0.1304412,0.0722564,0.0064));
#13555=CARTESIAN_POINT('',(0.,0.0722564,0.0114));
#13556=CARTESIAN_POINT('',(0.1114412,0.0722564,0.00636));
#13557=CARTESIAN_POINT('',(0.1114412,0.0722564,0.01136));
#13558=CARTESIAN_POINT('',(0.1114412,0.0722564,0.0064));
#13559=CARTESIAN_POINT('',(0.1209412,0.0722564,0.01136));
#13560=CARTESIAN_POINT('',(0.1304412,0.0722564,0.01136));
#13561=CARTESIAN_POINT('',(0.1304412,0.0722564,0.00636));
#13562=CARTESIAN_POINT('',(0.1304412,0.0722564,0.0064));
#13563=CARTESIAN_POINT('',(0.1209412,0.0722564,0.0064));
#13564=CARTESIAN_POINT('',(0.1334412,0.0722564,0.0064));
#13565=CARTESIAN_POINT('',(0.1334412,0.0722564,0.00636));
#13566=CARTESIAN_POINT('',(0.1334412,0.0722564,0.0134));
#13567=CARTESIAN_POINT('',(0.1209412,0.0722564,0.0134));
#13568=CARTESIAN_POINT('',(0.1084412,0.0722564,0.0134));
#13569=CARTESIAN_POINT('',(0.1084412,0.0722564,0.00636));
#13570=CARTESIAN_POINT('',(0.1084412,0.0722564,0.0064));
#13571=CARTESIAN_POINT('',(0.1209412,0.0722564,0.0064));
#13572=CARTESIAN_POINT('',(0.,0.0752564,0.0114));
#13573=CARTESIAN_POINT('',(0.1209412,0.0752564,0.0064));
#13574=CARTESIAN_POINT('',(-1.7000000000017E-5,0.0752564,0.0064));
#13575=CARTESIAN_POINT('',(-1.7000000000017E-5,0.0752564,0.0084));
#13576=CARTESIAN_POINT('',(-1.7000000000017E-5,0.0752564,0.0084));
#13577=CARTESIAN_POINT('',(0.,0.0752564,0.0084));
#13578=CARTESIAN_POINT('',(0.1029412,0.0752564,0.0084));
#13579=CARTESIAN_POINT('',(0.1029412,0.0752564,0.0109));
#13580=CARTESIAN_POINT('',(0.1054412,0.0752564,0.0109));
#13581=CARTESIAN_POINT('',(0.1054412,0.0752564,0.0164));
#13582=CARTESIAN_POINT('',(0.1054412,0.0752564,0.0139));
#13583=CARTESIAN_POINT('',(0.1079412,0.0752564,0.0139));
#13584=CARTESIAN_POINT('',(0.1079412,0.0752564,0.0164));
#13585=CARTESIAN_POINT('',(0.1209412,0.0752564,0.0164));
#13586=CARTESIAN_POINT('',(0.1339412,0.0752564,0.0164));
#13587=CARTESIAN_POINT('',(0.1339412,0.0752564,0.0139));
#13588=CARTESIAN_POINT('',(0.1364412,0.0752564,0.0139));
#13589=CARTESIAN_POINT('',(0.1364412,0.0752564,0.0164));
#13590=CARTESIAN_POINT('',(0.1364412,0.0752564,0.0109));
#13591=CARTESIAN_POINT('',(0.1389412,0.0752564,0.0109));
#13592=CARTESIAN_POINT('',(0.1389412,0.0752564,0.0084));
#13593=CARTESIAN_POINT('',(0.,0.0752564,0.0084));
#13594=CARTESIAN_POINT('',(0.194317,0.0752564,0.0084));
#13595=CARTESIAN_POINT('',(0.194317,0.0752564,0.0084));
#13596=CARTESIAN_POINT('',(0.194317,0.0752564,0.0064));
#13597=CARTESIAN_POINT('',(0.1209412,0.0752564,0.0064));
#13598=CARTESIAN_POINT('',(0.1209412,0.0722564,0.0064));
#13599=CARTESIAN_POINT('',(0.194317,0.0702564,0.0064));
#13600=CARTESIAN_POINT('',(0.199317,0.0702564,0.0064));
#13601=CARTESIAN_POINT('',(0.199317,0.,0.0064));
#13602=CARTESIAN_POINT('',(0.199317,-0.0702564,0.0064));
#13603=CARTESIAN_POINT('',(0.194317,-0.0702564,0.0064));
#13604=CARTESIAN_POINT('',(0.194317,-0.0752564,0.0064));
#13605=CARTESIAN_POINT('',(0.,-0.0752564,0.0064));
#13606=CARTESIAN_POINT('',(-1.7000000000017E-5,-0.0752564,0.0064));
#13607=CARTESIAN_POINT('',(-1.7000000000017E-5,0.,0.0064));
#13608=CARTESIAN_POINT('',(-1.7000000000017E-5,-0.0580105289332919,0.0064));
#13609=CARTESIAN_POINT('',(0.,-0.0580105289332919,0.0064));
#13610=CARTESIAN_POINT('',(0.0111950601323793,-0.0580105289332919,0.0064));
#13611=CARTESIAN_POINT('',(0.0111950601323793,-2.77433337523006E-18,0.0064));
#13612=CARTESIAN_POINT('',(0.0111950601323793,-0.0440105289332919,0.0064));
#13613=CARTESIAN_POINT('',(0.,-0.0440105289332919,0.0064));
#13614=CARTESIAN_POINT('',(-1.7000000000017E-5,-0.0440105289332919,0.0064));
#13615=CARTESIAN_POINT('',(-1.7000000000017E-5,0.,0.0064));
#13616=CARTESIAN_POINT('',(-1.7000000000017E-5,-0.0382105289332918,0.0064));
#13617=CARTESIAN_POINT('',(0.,-0.0382105289332918,0.0064));
#13618=CARTESIAN_POINT('',(0.0111950601323793,-0.0382105289332918,0.0064));
#13619=CARTESIAN_POINT('',(0.0111950601323793,-2.77433337523006E-18,0.0064));
#13620=CARTESIAN_POINT('',(0.0111950601323793,-0.0242105289332919,0.0064));
#13621=CARTESIAN_POINT('',(0.,-0.0242105289332919,0.0064));
#13622=CARTESIAN_POINT('',(-1.7000000000017E-5,-0.0242105289332919,0.0064));
#13623=CARTESIAN_POINT('',(-1.7000000000017E-5,0.,0.0064));
#13624=CARTESIAN_POINT('',(-1.7000000000017E-5,-0.0184105289332918,0.0064));
#13625=CARTESIAN_POINT('',(0.,-0.0184105289332918,0.0064));
#13626=CARTESIAN_POINT('',(0.0111950601323793,-0.0184105289332918,0.0064));
#13627=CARTESIAN_POINT('',(0.0111950601323793,-2.77433337523006E-18,0.0064));
#13628=CARTESIAN_POINT('',(0.0111950601323793,-0.00441052893329189,0.0064));
#13629=CARTESIAN_POINT('',(0.,-0.00441052893329189,0.0064));
#13630=CARTESIAN_POINT('',(-1.7000000000017E-5,-0.00441052893329189,0.0064));
#13631=CARTESIAN_POINT('',(-1.7000000000017E-5,0.,0.0064));
#13632=CARTESIAN_POINT('',(-1.7000000000017E-5,0.00138947106670813,0.0064));
#13633=CARTESIAN_POINT('',(0.,0.00138947106670813,0.0064));
#13634=CARTESIAN_POINT('',(0.0111950601323793,0.00138947106670813,0.0064));
#13635=CARTESIAN_POINT('',(0.0111950601323793,-2.77433337523006E-18,0.0064));
#13636=CARTESIAN_POINT('',(0.0111950601323793,0.0153894710667081,0.0064));
#13637=CARTESIAN_POINT('',(0.,0.0153894710667081,0.0064));
#13638=CARTESIAN_POINT('',(-1.7000000000017E-5,0.0153894710667081,0.0064));
#13639=CARTESIAN_POINT('',(-1.7000000000017E-5,0.,0.0064));
#13640=CARTESIAN_POINT('',(-1.7000000000017E-5,0.0211894710667082,0.0064));
#13641=CARTESIAN_POINT('',(0.,0.0211894710667082,0.0064));
#13642=CARTESIAN_POINT('',(0.0111950601323793,0.0211894710667082,0.0064));
#13643=CARTESIAN_POINT('',(0.0111950601323793,-2.77433337523006E-18,0.0064));
#13644=CARTESIAN_POINT('',(0.0111950601323793,0.0351894710667081,0.0064));
#13645=CARTESIAN_POINT('',(0.,0.0351894710667081,0.0064));
#13646=CARTESIAN_POINT('',(-1.7000000000017E-5,0.0351894710667081,0.0064));
#13647=CARTESIAN_POINT('',(-1.7000000000017E-5,0.,0.0064));
#13648=CARTESIAN_POINT('',(-1.7000000000017E-5,0.0409894710667082,0.0064));
#13649=CARTESIAN_POINT('',(0.,0.0409894710667082,0.0064));
#13650=CARTESIAN_POINT('',(0.0111950601323793,0.0409894710667082,0.0064));
#13651=CARTESIAN_POINT('',(0.0111950601323793,-2.77433337523006E-18,0.0064));
#13652=CARTESIAN_POINT('',(0.0111950601323793,0.0549894710667081,0.0064));
#13653=CARTESIAN_POINT('',(0.,0.0549894710667081,0.0064));
#13654=CARTESIAN_POINT('',(-1.7000000000017E-5,0.0549894710667081,0.0064));
#13655=CARTESIAN_POINT('',(-1.7000000000017E-5,0.,0.0064));
#13656=CARTESIAN_POINT('',(0.1114412,0.0722564,0.0064));
#13657=CARTESIAN_POINT('',(0.1084412,0.,0.0064));
#13658=CARTESIAN_POINT('',(0.1084412,0.0720574092119932,0.0064));
#13659=CARTESIAN_POINT('',(0.,0.0720574092119932,0.0064));
#13660=CARTESIAN_POINT('',(0.108406960091518,0.0720574092119932,0.0064));
#13661=CARTESIAN_POINT('',(0.108406960091518,0.,0.0064));
#13662=CARTESIAN_POINT('',(0.108406960091518,0.0139595907880068,0.0064));
#13663=CARTESIAN_POINT('',(0.,0.0139595907880068,0.0064));
#13664=CARTESIAN_POINT('',(0.1084412,0.0139595907880068,0.0064));
#13665=CARTESIAN_POINT('',(0.1084412,0.,0.0064));
#13666=CARTESIAN_POINT('',(0.1084412,0.0137606,0.0064));
#13667=CARTESIAN_POINT('',(0.,0.0137606,0.0064));
#13668=CARTESIAN_POINT('',(0.1334412,0.0137606,0.0064));
#13669=CARTESIAN_POINT('',(0.1334412,0.,0.0064));
#13670=CARTESIAN_POINT('',(0.1334412,0.0139595907880068,0.0064));
#13671=CARTESIAN_POINT('',(0.,0.0139595907880068,0.0064));
#13672=CARTESIAN_POINT('',(0.133475439908482,0.0139595907880068,0.0064));
#13673=CARTESIAN_POINT('',(0.133475439908482,0.,0.0064));
#13674=CARTESIAN_POINT('',(0.133475439908482,0.0720574092119932,0.0064));
#13675=CARTESIAN_POINT('',(0.,0.0720574092119932,0.0064));
#13676=CARTESIAN_POINT('',(0.1334412,0.0720574092119932,0.0064));
#13677=CARTESIAN_POINT('',(0.1334412,0.,0.0064));
#13678=CARTESIAN_POINT('',(0.1304412,0.0722564,0.0064));
#13679=CARTESIAN_POINT('',(0.0505950601323793,0.,0.0064));
#13680=CARTESIAN_POINT('',(0.0505950601323793,-0.00441052893329189,0.0064));
#13681=CARTESIAN_POINT('',(0.0505950601323793,-0.0184105289332918,0.0064));
#13682=CARTESIAN_POINT('',(0.,-0.00441052893329189,0.0064));
#13683=CARTESIAN_POINT('',(0.0365950601323793,-0.00441052893329189,0.0064));
#13684=CARTESIAN_POINT('',(0.0365950601323793,0.,0.0064));
#13685=CARTESIAN_POINT('',(0.0365950601323793,-0.0184105289332918,0.0064));
#13686=CARTESIAN_POINT('',(0.,-0.0184105289332918,0.0064));
#13687=CARTESIAN_POINT('',(0.0505950601323793,0.,0.0064));
#13688=CARTESIAN_POINT('',(0.0505950601323793,-0.0440105289332919,0.0064));
#13689=CARTESIAN_POINT('',(0.0505950601323793,-0.0580105289332919,0.0064));
#13690=CARTESIAN_POINT('',(0.,-0.0440105289332919,0.0064));
#13691=CARTESIAN_POINT('',(0.0365950601323793,-0.0440105289332919,0.0064));
#13692=CARTESIAN_POINT('',(0.0365950601323793,0.,0.0064));
#13693=CARTESIAN_POINT('',(0.0365950601323793,-0.0580105289332919,0.0064));
#13694=CARTESIAN_POINT('',(0.,-0.0580105289332919,0.0064));
#13695=CARTESIAN_POINT('',(0.0702950601323793,0.,0.0064));
#13696=CARTESIAN_POINT('',(0.0702950601323793,-0.0440105289332919,0.0064));
#13697=CARTESIAN_POINT('',(0.0702950601323793,-0.0580105289332919,0.0064));
#13698=CARTESIAN_POINT('',(0.,-0.0440105289332919,0.0064));
#13699=CARTESIAN_POINT('',(0.0562950601323793,-0.0440105289332919,0.0064));
#13700=CARTESIAN_POINT('',(0.0562950601323793,0.,0.0064));
#13701=CARTESIAN_POINT('',(0.0562950601323793,-0.0580105289332919,0.0064));
#13702=CARTESIAN_POINT('',(0.,-0.0580105289332919,0.0064));
#13703=CARTESIAN_POINT('',(0.0505950601323793,0.,0.0064));
#13704=CARTESIAN_POINT('',(0.0505950601323793,0.0351894710667081,0.0064));
#13705=CARTESIAN_POINT('',(0.0505950601323793,0.0211894710667082,0.0064));
#13706=CARTESIAN_POINT('',(0.,0.0351894710667081,0.0064));
#13707=CARTESIAN_POINT('',(0.0365950601323793,0.0351894710667081,0.0064));
#13708=CARTESIAN_POINT('',(0.0365950601323793,0.,0.0064));
#13709=CARTESIAN_POINT('',(0.0365950601323793,0.0211894710667082,0.0064));
#13710=CARTESIAN_POINT('',(0.,0.0211894710667082,0.0064));
#13711=CARTESIAN_POINT('',(0.0308950601323793,0.,0.0064));
#13712=CARTESIAN_POINT('',(0.0308950601323793,-0.0440105289332919,0.0064));
#13713=CARTESIAN_POINT('',(0.0308950601323793,-0.0580105289332919,0.0064));
#13714=CARTESIAN_POINT('',(0.,-0.0440105289332919,0.0064));
#13715=CARTESIAN_POINT('',(0.0168950601323793,-0.0440105289332919,0.0064));
#13716=CARTESIAN_POINT('',(0.0168950601323793,0.,0.0064));
#13717=CARTESIAN_POINT('',(0.0168950601323793,-0.0580105289332919,0.0064));
#13718=CARTESIAN_POINT('',(0.,-0.0580105289332919,0.0064));
#13719=CARTESIAN_POINT('',(0.0308950601323793,0.,0.0064));
#13720=CARTESIAN_POINT('',(0.0308950601323793,-0.0242105289332919,0.0064));
#13721=CARTESIAN_POINT('',(0.0308950601323793,-0.0382105289332918,0.0064));
#13722=CARTESIAN_POINT('',(0.,-0.0242105289332919,0.0064));
#13723=CARTESIAN_POINT('',(0.0168950601323793,-0.0242105289332919,0.0064));
#13724=CARTESIAN_POINT('',(0.0168950601323793,0.,0.0064));
#13725=CARTESIAN_POINT('',(0.0168950601323793,-0.0382105289332918,0.0064));
#13726=CARTESIAN_POINT('',(0.,-0.0382105289332918,0.0064));
#13727=CARTESIAN_POINT('',(0.0308950601323793,0.,0.0064));
#13728=CARTESIAN_POINT('',(0.0308950601323793,0.0153894710667081,0.0064));
#13729=CARTESIAN_POINT('',(0.0308950601323793,0.00138947106670813,0.0064));
#13730=CARTESIAN_POINT('',(0.,0.0153894710667081,0.0064));
#13731=CARTESIAN_POINT('',(0.0168950601323793,0.0153894710667081,0.0064));
#13732=CARTESIAN_POINT('',(0.0168950601323793,0.,0.0064));
#13733=CARTESIAN_POINT('',(0.0168950601323793,0.00138947106670813,0.0064));
#13734=CARTESIAN_POINT('',(0.,0.00138947106670813,0.0064));
#13735=CARTESIAN_POINT('',(0.0899950601323793,0.,0.0064));
#13736=CARTESIAN_POINT('',(0.0899950601323793,0.0153894710667081,0.0064));
#13737=CARTESIAN_POINT('',(0.0899950601323793,0.00138947106670813,0.0064));
#13738=CARTESIAN_POINT('',(0.,0.0153894710667081,0.0064));
#13739=CARTESIAN_POINT('',(0.0759950601323793,0.0153894710667081,0.0064));
#13740=CARTESIAN_POINT('',(0.0759950601323793,0.,0.0064));
#13741=CARTESIAN_POINT('',(0.0759950601323793,0.00138947106670813,0.0064));
#13742=CARTESIAN_POINT('',(0.,0.00138947106670813,0.0064));
#13743=CARTESIAN_POINT('',(0.0899950601323793,0.,0.0064));
#13744=CARTESIAN_POINT('',(0.0899950601323793,0.0549894710667081,0.0064));
#13745=CARTESIAN_POINT('',(0.0899950601323793,0.0409894710667082,0.0064));
#13746=CARTESIAN_POINT('',(0.,0.0549894710667081,0.0064));
#13747=CARTESIAN_POINT('',(0.0759950601323793,0.0549894710667081,0.0064));
#13748=CARTESIAN_POINT('',(0.0759950601323793,0.,0.0064));
#13749=CARTESIAN_POINT('',(0.0759950601323793,0.0409894710667082,0.0064));
#13750=CARTESIAN_POINT('',(0.,0.0409894710667082,0.0064));
#13751=CARTESIAN_POINT('',(0.0702950601323793,0.,0.0064));
#13752=CARTESIAN_POINT('',(0.0702950601323793,-0.0242105289332919,0.0064));
#13753=CARTESIAN_POINT('',(0.0702950601323793,-0.0382105289332918,0.0064));
#13754=CARTESIAN_POINT('',(0.,-0.0242105289332919,0.0064));
#13755=CARTESIAN_POINT('',(0.0562950601323793,-0.0242105289332919,0.0064));
#13756=CARTESIAN_POINT('',(0.0562950601323793,0.,0.0064));
#13757=CARTESIAN_POINT('',(0.0562950601323793,-0.0382105289332918,0.0064));
#13758=CARTESIAN_POINT('',(0.,-0.0382105289332918,0.0064));
#13759=CARTESIAN_POINT('',(0.0702950601323793,0.,0.0064));
#13760=CARTESIAN_POINT('',(0.0702950601323793,0.0153894710667081,0.0064));
#13761=CARTESIAN_POINT('',(0.0702950601323793,0.00138947106670813,0.0064));
#13762=CARTESIAN_POINT('',(0.,0.0153894710667081,0.0064));
#13763=CARTESIAN_POINT('',(0.0562950601323793,0.0153894710667081,0.0064));
#13764=CARTESIAN_POINT('',(0.0562950601323793,0.,0.0064));
#13765=CARTESIAN_POINT('',(0.0562950601323793,0.00138947106670813,0.0064));
#13766=CARTESIAN_POINT('',(0.,0.00138947106670813,0.0064));
#13767=CARTESIAN_POINT('',(0.0899950601323793,0.,0.0064));
#13768=CARTESIAN_POINT('',(0.0899950601323793,-0.00441052893329189,0.0064));
#13769=CARTESIAN_POINT('',(0.0899950601323793,-0.0184105289332918,0.0064));
#13770=CARTESIAN_POINT('',(0.,-0.00441052893329189,0.0064));
#13771=CARTESIAN_POINT('',(0.0759950601323793,-0.00441052893329189,0.0064));
#13772=CARTESIAN_POINT('',(0.0759950601323793,0.,0.0064));
#13773=CARTESIAN_POINT('',(0.0759950601323793,-0.0184105289332918,0.0064));
#13774=CARTESIAN_POINT('',(0.,-0.0184105289332918,0.0064));
#13775=CARTESIAN_POINT('',(0.0899950601323793,0.,0.0064));
#13776=CARTESIAN_POINT('',(0.0899950601323793,-0.0440105289332919,0.0064));
#13777=CARTESIAN_POINT('',(0.0899950601323793,-0.0580105289332919,0.0064));
#13778=CARTESIAN_POINT('',(0.,-0.0440105289332919,0.0064));
#13779=CARTESIAN_POINT('',(0.0759950601323793,-0.0440105289332919,0.0064));
#13780=CARTESIAN_POINT('',(0.0759950601323793,0.,0.0064));
#13781=CARTESIAN_POINT('',(0.0759950601323793,-0.0580105289332919,0.0064));
#13782=CARTESIAN_POINT('',(0.,-0.0580105289332919,0.0064));
#13783=CARTESIAN_POINT('',(0.,-0.0242105289332919,0.0064));
#13784=CARTESIAN_POINT('',(0.141895060132379,-0.0242105289332919,0.0064));
#13785=CARTESIAN_POINT('',(0.155895060132379,-0.0242105289332919,0.0064));
#13786=CARTESIAN_POINT('',(0.141895060132379,0.,0.0064));
#13787=CARTESIAN_POINT('',(0.141895060132379,-0.0382105289332918,0.0064));
#13788=CARTESIAN_POINT('',(0.,-0.0382105289332918,0.0064));
#13789=CARTESIAN_POINT('',(0.155895060132379,-0.0382105289332919,0.0064));
#13790=CARTESIAN_POINT('',(0.155895060132379,0.,0.0064));
#13791=CARTESIAN_POINT('',(0.,0.0549894710667081,0.0064));
#13792=CARTESIAN_POINT('',(0.161595060132379,0.0549894710667081,0.0064));
#13793=CARTESIAN_POINT('',(0.175595060132379,0.0549894710667081,0.0064));
#13794=CARTESIAN_POINT('',(0.161595060132379,0.,0.0064));
#13795=CARTESIAN_POINT('',(0.161595060132379,0.0409894710667082,0.0064));
#13796=CARTESIAN_POINT('',(0.,0.0409894710667082,0.0064));
#13797=CARTESIAN_POINT('',(0.175595060132379,0.0409894710667081,0.0064));
#13798=CARTESIAN_POINT('',(0.175595060132379,0.,0.0064));
#13799=CARTESIAN_POINT('',(0.,0.0351894710667081,0.0064));
#13800=CARTESIAN_POINT('',(0.141895060132379,0.0351894710667081,0.0064));
#13801=CARTESIAN_POINT('',(0.155895060132379,0.0351894710667081,0.0064));
#13802=CARTESIAN_POINT('',(0.141895060132379,0.,0.0064));
#13803=CARTESIAN_POINT('',(0.141895060132379,0.0211894710667082,0.0064));
#13804=CARTESIAN_POINT('',(0.,0.0211894710667082,0.0064));
#13805=CARTESIAN_POINT('',(0.155895060132379,0.0211894710667081,0.0064));
#13806=CARTESIAN_POINT('',(0.155895060132379,0.,0.0064));
#13807=CARTESIAN_POINT('',(0.,0.0351894710667081,0.0064));
#13808=CARTESIAN_POINT('',(0.161595060132379,0.0351894710667081,0.0064));
#13809=CARTESIAN_POINT('',(0.175595060132379,0.0351894710667081,0.0064));
#13810=CARTESIAN_POINT('',(0.161595060132379,0.,0.0064));
#13811=CARTESIAN_POINT('',(0.161595060132379,0.0211894710667082,0.0064));
#13812=CARTESIAN_POINT('',(0.,0.0211894710667082,0.0064));
#13813=CARTESIAN_POINT('',(0.175595060132379,0.0211894710667081,0.0064));
#13814=CARTESIAN_POINT('',(0.175595060132379,0.,0.0064));
#13815=CARTESIAN_POINT('',(0.,-0.0440105289332919,0.0064));
#13816=CARTESIAN_POINT('',(0.121995060132379,-0.0440105289332919,0.0064));
#13817=CARTESIAN_POINT('',(0.135995060132379,-0.0440105289332919,0.0064));
#13818=CARTESIAN_POINT('',(0.121995060132379,0.,0.0064));
#13819=CARTESIAN_POINT('',(0.121995060132379,-0.0580105289332919,0.0064));
#13820=CARTESIAN_POINT('',(0.,-0.0580105289332919,0.0064));
#13821=CARTESIAN_POINT('',(0.135995060132379,-0.0580105289332919,0.0064));
#13822=CARTESIAN_POINT('',(0.135995060132379,0.,0.0064));
#13823=CARTESIAN_POINT('',(0.,-0.0440105289332919,0.0064));
#13824=CARTESIAN_POINT('',(0.141895060132379,-0.0440105289332919,0.0064));
#13825=CARTESIAN_POINT('',(0.155895060132379,-0.0440105289332919,0.0064));
#13826=CARTESIAN_POINT('',(0.141895060132379,0.,0.0064));
#13827=CARTESIAN_POINT('',(0.141895060132379,-0.0580105289332919,0.0064));
#13828=CARTESIAN_POINT('',(0.,-0.0580105289332919,0.0064));
#13829=CARTESIAN_POINT('',(0.155895060132379,-0.0580105289332919,0.0064));
#13830=CARTESIAN_POINT('',(0.155895060132379,0.,0.0064));
#13831=CARTESIAN_POINT('',(0.,0.0153894710667081,0.0064));
#13832=CARTESIAN_POINT('',(0.161595060132379,0.0153894710667081,0.0064));
#13833=CARTESIAN_POINT('',(0.175595060132379,0.0153894710667081,0.0064));
#13834=CARTESIAN_POINT('',(0.161595060132379,0.,0.0064));
#13835=CARTESIAN_POINT('',(0.161595060132379,0.00138947106670813,0.0064));
#13836=CARTESIAN_POINT('',(0.,0.00138947106670813,0.0064));
#13837=CARTESIAN_POINT('',(0.175595060132379,0.00138947106670811,0.0064));
#13838=CARTESIAN_POINT('',(0.175595060132379,0.,0.0064));
#13839=CARTESIAN_POINT('',(0.,0.0549894710667081,0.0064));
#13840=CARTESIAN_POINT('',(0.141895060132379,0.0549894710667081,0.0064));
#13841=CARTESIAN_POINT('',(0.155895060132379,0.0549894710667081,0.0064));
#13842=CARTESIAN_POINT('',(0.141895060132379,0.,0.0064));
#13843=CARTESIAN_POINT('',(0.141895060132379,0.0409894710667082,0.0064));
#13844=CARTESIAN_POINT('',(0.,0.0409894710667082,0.0064));
#13845=CARTESIAN_POINT('',(0.155895060132379,0.0409894710667081,0.0064));
#13846=CARTESIAN_POINT('',(0.155895060132379,0.,0.0064));
#13847=CARTESIAN_POINT('',(0.,0.0153894710667081,0.0064));
#13848=CARTESIAN_POINT('',(0.141895060132379,0.0153894710667081,0.0064));
#13849=CARTESIAN_POINT('',(0.155895060132379,0.0153894710667081,0.0064));
#13850=CARTESIAN_POINT('',(0.141895060132379,0.,0.0064));
#13851=CARTESIAN_POINT('',(0.141895060132379,0.00138947106670813,0.0064));
#13852=CARTESIAN_POINT('',(0.,0.00138947106670813,0.0064));
#13853=CARTESIAN_POINT('',(0.155895060132379,0.00138947106670811,0.0064));
#13854=CARTESIAN_POINT('',(0.155895060132379,0.,0.0064));
#13855=CARTESIAN_POINT('',(0.,-0.0440105289332919,0.0064));
#13856=CARTESIAN_POINT('',(0.161795060132379,-0.0440105289332919,0.0064));
#13857=CARTESIAN_POINT('',(0.175795060132379,-0.0440105289332919,0.0064));
#13858=CARTESIAN_POINT('',(0.161795060132379,0.,0.0064));
#13859=CARTESIAN_POINT('',(0.161795060132379,-0.0580105289332919,0.0064));
#13860=CARTESIAN_POINT('',(0.,-0.0580105289332919,0.0064));
#13861=CARTESIAN_POINT('',(0.175795060132379,-0.0580105289332919,0.0064));
#13862=CARTESIAN_POINT('',(0.175795060132379,0.,0.0064));
#13863=CARTESIAN_POINT('',(0.0702950601323793,0.,0.0064));
#13864=CARTESIAN_POINT('',(0.0702950601323793,0.0549894710667081,0.0064));
#13865=CARTESIAN_POINT('',(0.0702950601323793,0.0409894710667082,0.0064));
#13866=CARTESIAN_POINT('',(0.,0.0549894710667081,0.0064));
#13867=CARTESIAN_POINT('',(0.0562950601323793,0.0549894710667081,0.0064));
#13868=CARTESIAN_POINT('',(0.0562950601323793,0.,0.0064));
#13869=CARTESIAN_POINT('',(0.0562950601323793,0.0409894710667082,0.0064));
#13870=CARTESIAN_POINT('',(0.,0.0409894710667082,0.0064));
#13871=CARTESIAN_POINT('',(0.0899950601323793,0.,0.0064));
#13872=CARTESIAN_POINT('',(0.0899950601323793,-0.0242105289332919,0.0064));
#13873=CARTESIAN_POINT('',(0.0899950601323793,-0.0382105289332918,0.0064));
#13874=CARTESIAN_POINT('',(0.,-0.0242105289332919,0.0064));
#13875=CARTESIAN_POINT('',(0.0759950601323793,-0.0242105289332919,0.0064));
#13876=CARTESIAN_POINT('',(0.0759950601323793,0.,0.0064));
#13877=CARTESIAN_POINT('',(0.0759950601323793,-0.0382105289332918,0.0064));
#13878=CARTESIAN_POINT('',(0.,-0.0382105289332918,0.0064));
#13879=CARTESIAN_POINT('',(0.0702950601323793,0.,0.0064));
#13880=CARTESIAN_POINT('',(0.0702950601323793,0.0351894710667081,0.0064));
#13881=CARTESIAN_POINT('',(0.0702950601323793,0.0211894710667082,0.0064));
#13882=CARTESIAN_POINT('',(0.,0.0351894710667081,0.0064));
#13883=CARTESIAN_POINT('',(0.0562950601323793,0.0351894710667081,0.0064));
#13884=CARTESIAN_POINT('',(0.0562950601323793,0.,0.0064));
#13885=CARTESIAN_POINT('',(0.0562950601323793,0.0211894710667082,0.0064));
#13886=CARTESIAN_POINT('',(0.,0.0211894710667082,0.0064));
#13887=CARTESIAN_POINT('',(0.0702950601323793,0.,0.0064));
#13888=CARTESIAN_POINT('',(0.0702950601323793,-0.00441052893329189,0.0064));
#13889=CARTESIAN_POINT('',(0.0702950601323793,-0.0184105289332918,0.0064));
#13890=CARTESIAN_POINT('',(0.,-0.00441052893329189,0.0064));
#13891=CARTESIAN_POINT('',(0.0562950601323793,-0.00441052893329189,0.0064));
#13892=CARTESIAN_POINT('',(0.0562950601323793,0.,0.0064));
#13893=CARTESIAN_POINT('',(0.0562950601323793,-0.0184105289332918,0.0064));
#13894=CARTESIAN_POINT('',(0.,-0.0184105289332918,0.0064));
#13895=CARTESIAN_POINT('',(0.0899950601323793,0.,0.0064));
#13896=CARTESIAN_POINT('',(0.0899950601323793,0.0351894710667081,0.0064));
#13897=CARTESIAN_POINT('',(0.0899950601323793,0.0211894710667082,0.0064));
#13898=CARTESIAN_POINT('',(0.,0.0351894710667081,0.0064));
#13899=CARTESIAN_POINT('',(0.0759950601323793,0.0351894710667081,0.0064));
#13900=CARTESIAN_POINT('',(0.0759950601323793,0.,0.0064));
#13901=CARTESIAN_POINT('',(0.0759950601323793,0.0211894710667082,0.0064));
#13902=CARTESIAN_POINT('',(0.,0.0211894710667082,0.0064));
#13903=CARTESIAN_POINT('',(0.0308950601323793,0.,0.0064));
#13904=CARTESIAN_POINT('',(0.0308950601323793,0.0351894710667081,0.0064));
#13905=CARTESIAN_POINT('',(0.0308950601323793,0.0211894710667082,0.0064));
#13906=CARTESIAN_POINT('',(0.,0.0351894710667081,0.0064));
#13907=CARTESIAN_POINT('',(0.0168950601323793,0.0351894710667081,0.0064));
#13908=CARTESIAN_POINT('',(0.0168950601323793,0.,0.0064));
#13909=CARTESIAN_POINT('',(0.0168950601323793,0.0211894710667082,0.0064));
#13910=CARTESIAN_POINT('',(0.,0.0211894710667082,0.0064));
#13911=CARTESIAN_POINT('',(0.0308950601323793,0.,0.0064));
#13912=CARTESIAN_POINT('',(0.0308950601323793,-0.00441052893329189,0.0064));
#13913=CARTESIAN_POINT('',(0.0308950601323793,-0.0184105289332918,0.0064));
#13914=CARTESIAN_POINT('',(0.,-0.00441052893329189,0.0064));
#13915=CARTESIAN_POINT('',(0.0168950601323793,-0.00441052893329189,0.0064));
#13916=CARTESIAN_POINT('',(0.0168950601323793,0.,0.0064));
#13917=CARTESIAN_POINT('',(0.0168950601323793,-0.0184105289332918,0.0064));
#13918=CARTESIAN_POINT('',(0.,-0.0184105289332918,0.0064));
#13919=CARTESIAN_POINT('',(0.0505950601323793,0.,0.0064));
#13920=CARTESIAN_POINT('',(0.0505950601323793,0.0153894710667081,0.0064));
#13921=CARTESIAN_POINT('',(0.0505950601323793,0.00138947106670813,0.0064));
#13922=CARTESIAN_POINT('',(0.,0.0153894710667081,0.0064));
#13923=CARTESIAN_POINT('',(0.0365950601323793,0.0153894710667081,0.0064));
#13924=CARTESIAN_POINT('',(0.0365950601323793,0.,0.0064));
#13925=CARTESIAN_POINT('',(0.0365950601323793,0.00138947106670813,0.0064));
#13926=CARTESIAN_POINT('',(0.,0.00138947106670813,0.0064));
#13927=CARTESIAN_POINT('',(0.0505950601323793,0.,0.0064));
#13928=CARTESIAN_POINT('',(0.0505950601323793,0.0549894710667081,0.0064));
#13929=CARTESIAN_POINT('',(0.0505950601323793,0.0409894710667082,0.0064));
#13930=CARTESIAN_POINT('',(0.,0.0549894710667081,0.0064));
#13931=CARTESIAN_POINT('',(0.0365950601323793,0.0549894710667081,0.0064));
#13932=CARTESIAN_POINT('',(0.0365950601323793,0.,0.0064));
#13933=CARTESIAN_POINT('',(0.0365950601323793,0.0409894710667082,0.0064));
#13934=CARTESIAN_POINT('',(0.,0.0409894710667082,0.0064));
#13935=CARTESIAN_POINT('',(0.0308950601323793,0.,0.0064));
#13936=CARTESIAN_POINT('',(0.0308950601323793,0.0549894710667081,0.0064));
#13937=CARTESIAN_POINT('',(0.0308950601323793,0.0409894710667082,0.0064));
#13938=CARTESIAN_POINT('',(0.,0.0549894710667081,0.0064));
#13939=CARTESIAN_POINT('',(0.0168950601323793,0.0549894710667081,0.0064));
#13940=CARTESIAN_POINT('',(0.0168950601323793,0.,0.0064));
#13941=CARTESIAN_POINT('',(0.0168950601323793,0.0409894710667082,0.0064));
#13942=CARTESIAN_POINT('',(0.,0.0409894710667082,0.0064));
#13943=CARTESIAN_POINT('',(0.0505950601323793,0.,0.0064));
#13944=CARTESIAN_POINT('',(0.0505950601323793,-0.0242105289332919,0.0064));
#13945=CARTESIAN_POINT('',(0.0505950601323793,-0.0382105289332918,0.0064));
#13946=CARTESIAN_POINT('',(0.,-0.0242105289332919,0.0064));
#13947=CARTESIAN_POINT('',(0.0365950601323793,-0.0242105289332919,0.0064));
#13948=CARTESIAN_POINT('',(0.0365950601323793,0.,0.0064));
#13949=CARTESIAN_POINT('',(0.0365950601323793,-0.0382105289332918,0.0064));
#13950=CARTESIAN_POINT('',(0.,-0.0382105289332918,0.0064));
#13951=CARTESIAN_POINT('',(0.175943765282631,-0.0267097274032355,0.0064));
#13952=CARTESIAN_POINT('',(0.189443765282631,-0.0267097274032355,0.0064));
#13953=CARTESIAN_POINT('',(0.196082766952967,-0.0720499669529664,0.0064));
#13954=CARTESIAN_POINT('',(0.197682766952966,-0.0720499669529664,0.0064));
#13955=CARTESIAN_POINT('',(0.196084766952967,0.0720241669529664,0.0064));
#13956=CARTESIAN_POINT('',(0.197684766952966,0.0720241669529664,0.0064));
#13957=CARTESIAN_POINT('',(0.1334412,0.0137606,0.00636));
#13958=CARTESIAN_POINT('',(0.1334412,0.0137606,0.0134));
#13959=CARTESIAN_POINT('',(0.1334412,0.0137606,0.0134));
#13960=CARTESIAN_POINT('',(0.1334412,0.0720574092119932,-0.0016));
#13961=CARTESIAN_POINT('',(0.1334412,0.0720574092119932,0.0084));
#13962=CARTESIAN_POINT('',(0.1334412,0.,0.0084));
#13963=CARTESIAN_POINT('',(0.1334412,0.0139595907880068,0.0084));
#13964=CARTESIAN_POINT('',(0.1334412,0.0139595907880068,-0.0016));
#13965=CARTESIAN_POINT('',(0.1334412,0.0137606,0.00636));
#13966=CARTESIAN_POINT('',(0.1084412,0.0137606,0.00636));
#13967=CARTESIAN_POINT('',(0.1084412,0.0137606,0.0134));
#13968=CARTESIAN_POINT('',(0.1084412,0.0137606,0.0134));
#13969=CARTESIAN_POINT('',(0.1084412,0.0137606,0.00636));
#13970=CARTESIAN_POINT('',(0.1084412,0.0139595907880068,-0.0016));
#13971=CARTESIAN_POINT('',(0.1084412,0.0139595907880068,0.0084));
#13972=CARTESIAN_POINT('',(0.1084412,0.,0.0084));
#13973=CARTESIAN_POINT('',(0.1084412,0.0720574092119932,0.0084));
#13974=CARTESIAN_POINT('',(0.1084412,0.0720574092119932,-0.0016));
#13975=CARTESIAN_POINT('',(0.1209412,0.0137606,0.0134));
#13976=CARTESIAN_POINT('',(0.1209412,0.0137606,0.0134));
#13977=CARTESIAN_POINT('',(0.,0.,0.0084));
#13978=CARTESIAN_POINT('',(0.175943765282631,-0.0267097274032355,0.0084));
#13979=CARTESIAN_POINT('',(0.190943765282631,-0.0267097274032355,0.0084));
#13980=CARTESIAN_POINT('',(0.0435950601323793,-0.00441052893329189,0.0084));
#13981=CARTESIAN_POINT('',(0.0365950601323793,-0.00441052893329189,0.0084));
#13982=CARTESIAN_POINT('',(0.0505950601323793,-0.00441052893329189,0.0084));
#13983=CARTESIAN_POINT('',(0.0505950601323793,-0.0114105289332919,0.0084));
#13984=CARTESIAN_POINT('',(0.0505950601323793,-0.0184105289332918,0.0084));
#13985=CARTESIAN_POINT('',(0.0435950601323793,-0.0184105289332918,0.0084));
#13986=CARTESIAN_POINT('',(0.0365950601323793,-0.0184105289332918,0.0084));
#13987=CARTESIAN_POINT('',(0.0365950601323793,-0.0114105289332919,0.0084));
#13988=CARTESIAN_POINT('',(0.0435950601323793,-0.0242105289332919,0.0084));
#13989=CARTESIAN_POINT('',(0.0365950601323793,-0.0242105289332919,0.0084));
#13990=CARTESIAN_POINT('',(0.0505950601323793,-0.0242105289332919,0.0084));
#13991=CARTESIAN_POINT('',(0.0505950601323793,-0.0312105289332919,0.0084));
#13992=CARTESIAN_POINT('',(0.0505950601323793,-0.0382105289332918,0.0084));
#13993=CARTESIAN_POINT('',(0.0435950601323793,-0.0382105289332918,0.0084));
#13994=CARTESIAN_POINT('',(0.0365950601323793,-0.0382105289332918,0.0084));
#13995=CARTESIAN_POINT('',(0.0365950601323793,-0.0312105289332919,0.0084));
#13996=CARTESIAN_POINT('',(0.0435950601323793,-0.0440105289332919,0.0084));
#13997=CARTESIAN_POINT('',(0.0365950601323793,-0.0440105289332919,0.0084));
#13998=CARTESIAN_POINT('',(0.0505950601323793,-0.0440105289332919,0.0084));
#13999=CARTESIAN_POINT('',(0.0505950601323793,-0.0510105289332919,0.0084));
#14000=CARTESIAN_POINT('',(0.0505950601323793,-0.0580105289332919,0.0084));
#14001=CARTESIAN_POINT('',(0.0435950601323793,-0.0580105289332919,0.0084));
#14002=CARTESIAN_POINT('',(0.0365950601323793,-0.0580105289332919,0.0084));
#14003=CARTESIAN_POINT('',(0.0365950601323793,-0.0510105289332919,0.0084));
#14004=CARTESIAN_POINT('',(0.0238950601323793,0.0549894710667081,0.0084));
#14005=CARTESIAN_POINT('',(0.0168950601323793,0.0549894710667081,0.0084));
#14006=CARTESIAN_POINT('',(0.0308950601323793,0.0549894710667081,0.0084));
#14007=CARTESIAN_POINT('',(0.0308950601323793,0.0479894710667081,0.0084));
#14008=CARTESIAN_POINT('',(0.0308950601323793,0.0409894710667082,0.0084));
#14009=CARTESIAN_POINT('',(0.0238950601323793,0.0409894710667082,0.0084));
#14010=CARTESIAN_POINT('',(0.0168950601323793,0.0409894710667082,0.0084));
#14011=CARTESIAN_POINT('',(0.0168950601323793,0.0479894710667081,0.0084));
#14012=CARTESIAN_POINT('',(0.0632950601323793,-0.0440105289332919,0.0084));
#14013=CARTESIAN_POINT('',(0.0562950601323793,-0.0440105289332919,0.0084));
#14014=CARTESIAN_POINT('',(0.0702950601323793,-0.0440105289332919,0.0084));
#14015=CARTESIAN_POINT('',(0.0702950601323793,-0.0510105289332919,0.0084));
#14016=CARTESIAN_POINT('',(0.0702950601323793,-0.0580105289332919,0.0084));
#14017=CARTESIAN_POINT('',(0.0632950601323793,-0.0580105289332919,0.0084));
#14018=CARTESIAN_POINT('',(0.0562950601323793,-0.0580105289332919,0.0084));
#14019=CARTESIAN_POINT('',(0.0562950601323793,-0.0510105289332919,0.0084));
#14020=CARTESIAN_POINT('',(0.0435950601323793,0.0549894710667081,0.0084));
#14021=CARTESIAN_POINT('',(0.0365950601323793,0.0549894710667081,0.0084));
#14022=CARTESIAN_POINT('',(0.0505950601323793,0.0549894710667081,0.0084));
#14023=CARTESIAN_POINT('',(0.0505950601323793,0.0479894710667081,0.0084));
#14024=CARTESIAN_POINT('',(0.0505950601323793,0.0409894710667082,0.0084));
#14025=CARTESIAN_POINT('',(0.0435950601323793,0.0409894710667082,0.0084));
#14026=CARTESIAN_POINT('',(0.0365950601323793,0.0409894710667082,0.0084));
#14027=CARTESIAN_POINT('',(0.0365950601323793,0.0479894710667081,0.0084));
#14028=CARTESIAN_POINT('',(0.0435950601323793,0.0351894710667081,0.0084));
#14029=CARTESIAN_POINT('',(0.0365950601323793,0.0351894710667081,0.0084));
#14030=CARTESIAN_POINT('',(0.0505950601323793,0.0351894710667081,0.0084));
#14031=CARTESIAN_POINT('',(0.0505950601323793,0.0281894710667081,0.0084));
#14032=CARTESIAN_POINT('',(0.0505950601323793,0.0211894710667082,0.0084));
#14033=CARTESIAN_POINT('',(0.0435950601323793,0.0211894710667082,0.0084));
#14034=CARTESIAN_POINT('',(0.0365950601323793,0.0211894710667082,0.0084));
#14035=CARTESIAN_POINT('',(0.0365950601323793,0.0281894710667081,0.0084));
#14036=CARTESIAN_POINT('',(0.0435950601323793,0.0153894710667081,0.0084));
#14037=CARTESIAN_POINT('',(0.0365950601323793,0.0153894710667081,0.0084));
#14038=CARTESIAN_POINT('',(0.0505950601323793,0.0153894710667081,0.0084));
#14039=CARTESIAN_POINT('',(0.0505950601323793,0.00838947106670811,0.0084));
#14040=CARTESIAN_POINT('',(0.0505950601323793,0.00138947106670813,0.0084));
#14041=CARTESIAN_POINT('',(0.0435950601323793,0.00138947106670813,0.0084));
#14042=CARTESIAN_POINT('',(0.0365950601323793,0.00138947106670813,0.0084));
#14043=CARTESIAN_POINT('',(0.0365950601323793,0.00838947106670811,0.0084));
#14044=CARTESIAN_POINT('',(0.0238950601323793,-0.0440105289332919,0.0084));
#14045=CARTESIAN_POINT('',(0.0168950601323793,-0.0440105289332919,0.0084));
#14046=CARTESIAN_POINT('',(0.0308950601323793,-0.0440105289332919,0.0084));
#14047=CARTESIAN_POINT('',(0.0308950601323793,-0.0510105289332919,0.0084));
#14048=CARTESIAN_POINT('',(0.0308950601323793,-0.0580105289332919,0.0084));
#14049=CARTESIAN_POINT('',(0.0238950601323793,-0.0580105289332919,0.0084));
#14050=CARTESIAN_POINT('',(0.0168950601323793,-0.0580105289332919,0.0084));
#14051=CARTESIAN_POINT('',(0.0168950601323793,-0.0510105289332919,0.0084));
#14052=CARTESIAN_POINT('',(0.0238950601323793,-0.0242105289332919,0.0084));
#14053=CARTESIAN_POINT('',(0.0168950601323793,-0.0242105289332919,0.0084));
#14054=CARTESIAN_POINT('',(0.0308950601323793,-0.0242105289332919,0.0084));
#14055=CARTESIAN_POINT('',(0.0308950601323793,-0.0312105289332919,0.0084));
#14056=CARTESIAN_POINT('',(0.0308950601323793,-0.0382105289332918,0.0084));
#14057=CARTESIAN_POINT('',(0.0238950601323793,-0.0382105289332918,0.0084));
#14058=CARTESIAN_POINT('',(0.0168950601323793,-0.0382105289332918,0.0084));
#14059=CARTESIAN_POINT('',(0.0168950601323793,-0.0312105289332919,0.0084));
#14060=CARTESIAN_POINT('',(0.0238950601323793,-0.00441052893329189,0.0084));
#14061=CARTESIAN_POINT('',(0.0168950601323793,-0.00441052893329189,0.0084));
#14062=CARTESIAN_POINT('',(0.0308950601323793,-0.00441052893329189,0.0084));
#14063=CARTESIAN_POINT('',(0.0308950601323793,-0.0114105289332919,0.0084));
#14064=CARTESIAN_POINT('',(0.0308950601323793,-0.0184105289332918,0.0084));
#14065=CARTESIAN_POINT('',(0.0238950601323793,-0.0184105289332918,0.0084));
#14066=CARTESIAN_POINT('',(0.0168950601323793,-0.0184105289332918,0.0084));
#14067=CARTESIAN_POINT('',(0.0168950601323793,-0.0114105289332919,0.0084));
#14068=CARTESIAN_POINT('',(0.0238950601323793,0.0153894710667081,0.0084));
#14069=CARTESIAN_POINT('',(0.0168950601323793,0.0153894710667081,0.0084));
#14070=CARTESIAN_POINT('',(0.0308950601323793,0.0153894710667081,0.0084));
#14071=CARTESIAN_POINT('',(0.0308950601323793,0.00838947106670811,0.0084));
#14072=CARTESIAN_POINT('',(0.0308950601323793,0.00138947106670813,0.0084));
#14073=CARTESIAN_POINT('',(0.0238950601323793,0.00138947106670813,0.0084));
#14074=CARTESIAN_POINT('',(0.0168950601323793,0.00138947106670813,0.0084));
#14075=CARTESIAN_POINT('',(0.0168950601323793,0.00838947106670811,0.0084));
#14076=CARTESIAN_POINT('',(0.0238950601323793,0.0351894710667081,0.0084));
#14077=CARTESIAN_POINT('',(0.0168950601323793,0.0351894710667081,0.0084));
#14078=CARTESIAN_POINT('',(0.0308950601323793,0.0351894710667081,0.0084));
#14079=CARTESIAN_POINT('',(0.0308950601323793,0.0281894710667081,0.0084));
#14080=CARTESIAN_POINT('',(0.0308950601323793,0.0211894710667082,0.0084));
#14081=CARTESIAN_POINT('',(0.0238950601323793,0.0211894710667082,0.0084));
#14082=CARTESIAN_POINT('',(0.0168950601323793,0.0211894710667082,0.0084));
#14083=CARTESIAN_POINT('',(0.0168950601323793,0.0281894710667081,0.0084));
#14084=CARTESIAN_POINT('',(0.0829950601323793,0.0153894710667081,0.0084));
#14085=CARTESIAN_POINT('',(0.0759950601323793,0.0153894710667081,0.0084));
#14086=CARTESIAN_POINT('',(0.0899950601323793,0.0153894710667081,0.0084));
#14087=CARTESIAN_POINT('',(0.0899950601323793,0.00838947106670811,0.0084));
#14088=CARTESIAN_POINT('',(0.0899950601323793,0.00138947106670813,0.0084));
#14089=CARTESIAN_POINT('',(0.0829950601323793,0.00138947106670813,0.0084));
#14090=CARTESIAN_POINT('',(0.0759950601323793,0.00138947106670813,0.0084));
#14091=CARTESIAN_POINT('',(0.0759950601323793,0.00838947106670811,0.0084));
#14092=CARTESIAN_POINT('',(0.0829950601323793,0.0351894710667081,0.0084));
#14093=CARTESIAN_POINT('',(0.0759950601323793,0.0351894710667081,0.0084));
#14094=CARTESIAN_POINT('',(0.0899950601323793,0.0351894710667081,0.0084));
#14095=CARTESIAN_POINT('',(0.0899950601323793,0.0281894710667081,0.0084));
#14096=CARTESIAN_POINT('',(0.0899950601323793,0.0211894710667082,0.0084));
#14097=CARTESIAN_POINT('',(0.0829950601323793,0.0211894710667082,0.0084));
#14098=CARTESIAN_POINT('',(0.0759950601323793,0.0211894710667082,0.0084));
#14099=CARTESIAN_POINT('',(0.0759950601323793,0.0281894710667081,0.0084));
#14100=CARTESIAN_POINT('',(0.0829950601323793,0.0549894710667081,0.0084));
#14101=CARTESIAN_POINT('',(0.0759950601323793,0.0549894710667081,0.0084));
#14102=CARTESIAN_POINT('',(0.0899950601323793,0.0549894710667081,0.0084));
#14103=CARTESIAN_POINT('',(0.0899950601323793,0.0479894710667081,0.0084));
#14104=CARTESIAN_POINT('',(0.0899950601323793,0.0409894710667082,0.0084));
#14105=CARTESIAN_POINT('',(0.0829950601323793,0.0409894710667082,0.0084));
#14106=CARTESIAN_POINT('',(0.0759950601323793,0.0409894710667082,0.0084));
#14107=CARTESIAN_POINT('',(0.0759950601323793,0.0479894710667081,0.0084));
#14108=CARTESIAN_POINT('',(0.0632950601323793,-0.0242105289332919,0.0084));
#14109=CARTESIAN_POINT('',(0.0562950601323793,-0.0242105289332919,0.0084));
#14110=CARTESIAN_POINT('',(0.0702950601323793,-0.0242105289332919,0.0084));
#14111=CARTESIAN_POINT('',(0.0702950601323793,-0.0312105289332919,0.0084));
#14112=CARTESIAN_POINT('',(0.0702950601323793,-0.0382105289332918,0.0084));
#14113=CARTESIAN_POINT('',(0.0632950601323793,-0.0382105289332918,0.0084));
#14114=CARTESIAN_POINT('',(0.0562950601323793,-0.0382105289332918,0.0084));
#14115=CARTESIAN_POINT('',(0.0562950601323793,-0.0312105289332919,0.0084));
#14116=CARTESIAN_POINT('',(0.0632950601323793,-0.00441052893329189,0.0084));
#14117=CARTESIAN_POINT('',(0.0562950601323793,-0.00441052893329189,0.0084));
#14118=CARTESIAN_POINT('',(0.0702950601323793,-0.00441052893329189,0.0084));
#14119=CARTESIAN_POINT('',(0.0702950601323793,-0.0114105289332919,0.0084));
#14120=CARTESIAN_POINT('',(0.0702950601323793,-0.0184105289332918,0.0084));
#14121=CARTESIAN_POINT('',(0.0632950601323793,-0.0184105289332918,0.0084));
#14122=CARTESIAN_POINT('',(0.0562950601323793,-0.0184105289332918,0.0084));
#14123=CARTESIAN_POINT('',(0.0562950601323793,-0.0114105289332919,0.0084));
#14124=CARTESIAN_POINT('',(0.0632950601323793,0.0153894710667081,0.0084));
#14125=CARTESIAN_POINT('',(0.0562950601323793,0.0153894710667081,0.0084));
#14126=CARTESIAN_POINT('',(0.0702950601323793,0.0153894710667081,0.0084));
#14127=CARTESIAN_POINT('',(0.0702950601323793,0.00838947106670811,0.0084));
#14128=CARTESIAN_POINT('',(0.0702950601323793,0.00138947106670813,0.0084));
#14129=CARTESIAN_POINT('',(0.0632950601323793,0.00138947106670813,0.0084));
#14130=CARTESIAN_POINT('',(0.0562950601323793,0.00138947106670813,0.0084));
#14131=CARTESIAN_POINT('',(0.0562950601323793,0.00838947106670811,0.0084));
#14132=CARTESIAN_POINT('',(0.0632950601323793,0.0351894710667081,0.0084));
#14133=CARTESIAN_POINT('',(0.0562950601323793,0.0351894710667081,0.0084));
#14134=CARTESIAN_POINT('',(0.0702950601323793,0.0351894710667081,0.0084));
#14135=CARTESIAN_POINT('',(0.0702950601323793,0.0281894710667081,0.0084));
#14136=CARTESIAN_POINT('',(0.0702950601323793,0.0211894710667082,0.0084));
#14137=CARTESIAN_POINT('',(0.0632950601323793,0.0211894710667082,0.0084));
#14138=CARTESIAN_POINT('',(0.0562950601323793,0.0211894710667082,0.0084));
#14139=CARTESIAN_POINT('',(0.0562950601323793,0.0281894710667081,0.0084));
#14140=CARTESIAN_POINT('',(0.0829950601323793,-0.00441052893329189,0.0084));
#14141=CARTESIAN_POINT('',(0.0759950601323793,-0.00441052893329189,0.0084));
#14142=CARTESIAN_POINT('',(0.0899950601323793,-0.00441052893329189,0.0084));
#14143=CARTESIAN_POINT('',(0.0899950601323793,-0.0114105289332919,0.0084));
#14144=CARTESIAN_POINT('',(0.0899950601323793,-0.0184105289332918,0.0084));
#14145=CARTESIAN_POINT('',(0.0829950601323793,-0.0184105289332918,0.0084));
#14146=CARTESIAN_POINT('',(0.0759950601323793,-0.0184105289332918,0.0084));
#14147=CARTESIAN_POINT('',(0.0759950601323793,-0.0114105289332919,0.0084));
#14148=CARTESIAN_POINT('',(0.0829950601323793,-0.0242105289332919,0.0084));
#14149=CARTESIAN_POINT('',(0.0759950601323793,-0.0242105289332919,0.0084));
#14150=CARTESIAN_POINT('',(0.0899950601323793,-0.0242105289332919,0.0084));
#14151=CARTESIAN_POINT('',(0.0899950601323793,-0.0312105289332919,0.0084));
#14152=CARTESIAN_POINT('',(0.0899950601323793,-0.0382105289332918,0.0084));
#14153=CARTESIAN_POINT('',(0.0829950601323793,-0.0382105289332918,0.0084));
#14154=CARTESIAN_POINT('',(0.0759950601323793,-0.0382105289332918,0.0084));
#14155=CARTESIAN_POINT('',(0.0759950601323793,-0.0312105289332919,0.0084));
#14156=CARTESIAN_POINT('',(0.0829950601323793,-0.0440105289332919,0.0084));
#14157=CARTESIAN_POINT('',(0.0759950601323793,-0.0440105289332919,0.0084));
#14158=CARTESIAN_POINT('',(0.0899950601323793,-0.0440105289332919,0.0084));
#14159=CARTESIAN_POINT('',(0.0899950601323793,-0.0510105289332919,0.0084));
#14160=CARTESIAN_POINT('',(0.0899950601323793,-0.0580105289332919,0.0084));
#14161=CARTESIAN_POINT('',(0.0829950601323793,-0.0580105289332919,0.0084));
#14162=CARTESIAN_POINT('',(0.0759950601323793,-0.0580105289332919,0.0084));
#14163=CARTESIAN_POINT('',(0.0759950601323793,-0.0510105289332919,0.0084));
#14164=CARTESIAN_POINT('',(0.0632950601323793,0.0549894710667081,0.0084));
#14165=CARTESIAN_POINT('',(0.0562950601323793,0.0549894710667081,0.0084));
#14166=CARTESIAN_POINT('',(0.0702950601323793,0.0549894710667081,0.0084));
#14167=CARTESIAN_POINT('',(0.0702950601323793,0.0479894710667081,0.0084));
#14168=CARTESIAN_POINT('',(0.0702950601323793,0.0409894710667082,0.0084));
#14169=CARTESIAN_POINT('',(0.0632950601323793,0.0409894710667082,0.0084));
#14170=CARTESIAN_POINT('',(0.0562950601323793,0.0409894710667082,0.0084));
#14171=CARTESIAN_POINT('',(0.0562950601323793,0.0479894710667081,0.0084));
#14172=CARTESIAN_POINT('',(0.141895060132379,-0.0312105289332919,0.0084));
#14173=CARTESIAN_POINT('',(0.141895060132379,-0.0242105289332919,0.0084));
#14174=CARTESIAN_POINT('',(0.141895060132379,-0.0382105289332918,0.0084));
#14175=CARTESIAN_POINT('',(0.148895060132379,-0.0242105289332919,0.0084));
#14176=CARTESIAN_POINT('',(0.155895060132379,-0.0242105289332919,0.0084));
#14177=CARTESIAN_POINT('',(0.155895060132379,-0.0312105289332919,0.0084));
#14178=CARTESIAN_POINT('',(0.155895060132379,-0.0382105289332919,0.0084));
#14179=CARTESIAN_POINT('',(0.148895060132379,-0.0382105289332918,0.0084));
#14180=CARTESIAN_POINT('',(0.161795060132379,-0.0510105289332919,0.0084));
#14181=CARTESIAN_POINT('',(0.161795060132379,-0.0440105289332919,0.0084));
#14182=CARTESIAN_POINT('',(0.161795060132379,-0.0580105289332919,0.0084));
#14183=CARTESIAN_POINT('',(0.168795060132379,-0.0440105289332919,0.0084));
#14184=CARTESIAN_POINT('',(0.175795060132379,-0.0440105289332919,0.0084));
#14185=CARTESIAN_POINT('',(0.175795060132379,-0.0510105289332919,0.0084));
#14186=CARTESIAN_POINT('',(0.175795060132379,-0.0580105289332919,0.0084));
#14187=CARTESIAN_POINT('',(0.168795060132379,-0.0580105289332919,0.0084));
#14188=CARTESIAN_POINT('',(0.161595060132379,0.0479894710667081,0.0084));
#14189=CARTESIAN_POINT('',(0.161595060132379,0.0549894710667081,0.0084));
#14190=CARTESIAN_POINT('',(0.161595060132379,0.0409894710667082,0.0084));
#14191=CARTESIAN_POINT('',(0.168595060132379,0.0549894710667081,0.0084));
#14192=CARTESIAN_POINT('',(0.175595060132379,0.0549894710667081,0.0084));
#14193=CARTESIAN_POINT('',(0.175595060132379,0.0479894710667081,0.0084));
#14194=CARTESIAN_POINT('',(0.175595060132379,0.0409894710667081,0.0084));
#14195=CARTESIAN_POINT('',(0.168595060132379,0.0409894710667082,0.0084));
#14196=CARTESIAN_POINT('',(0.141895060132379,0.00838947106670811,0.0084));
#14197=CARTESIAN_POINT('',(0.141895060132379,0.0153894710667081,0.0084));
#14198=CARTESIAN_POINT('',(0.141895060132379,0.00138947106670813,0.0084));
#14199=CARTESIAN_POINT('',(0.148895060132379,0.0153894710667081,0.0084));
#14200=CARTESIAN_POINT('',(0.155895060132379,0.0153894710667081,0.0084));
#14201=CARTESIAN_POINT('',(0.155895060132379,0.00838947106670811,0.0084));
#14202=CARTESIAN_POINT('',(0.155895060132379,0.00138947106670811,0.0084));
#14203=CARTESIAN_POINT('',(0.148895060132379,0.00138947106670813,0.0084));
#14204=CARTESIAN_POINT('',(0.141895060132379,0.0281894710667081,0.0084));
#14205=CARTESIAN_POINT('',(0.141895060132379,0.0351894710667081,0.0084));
#14206=CARTESIAN_POINT('',(0.141895060132379,0.0211894710667082,0.0084));
#14207=CARTESIAN_POINT('',(0.148895060132379,0.0351894710667081,0.0084));
#14208=CARTESIAN_POINT('',(0.155895060132379,0.0351894710667081,0.0084));
#14209=CARTESIAN_POINT('',(0.155895060132379,0.0281894710667081,0.0084));
#14210=CARTESIAN_POINT('',(0.155895060132379,0.0211894710667081,0.0084));
#14211=CARTESIAN_POINT('',(0.148895060132379,0.0211894710667082,0.0084));
#14212=CARTESIAN_POINT('',(0.141895060132379,0.0479894710667081,0.0084));
#14213=CARTESIAN_POINT('',(0.141895060132379,0.0549894710667081,0.0084));
#14214=CARTESIAN_POINT('',(0.141895060132379,0.0409894710667082,0.0084));
#14215=CARTESIAN_POINT('',(0.148895060132379,0.0549894710667081,0.0084));
#14216=CARTESIAN_POINT('',(0.155895060132379,0.0549894710667081,0.0084));
#14217=CARTESIAN_POINT('',(0.155895060132379,0.0479894710667081,0.0084));
#14218=CARTESIAN_POINT('',(0.155895060132379,0.0409894710667081,0.0084));
#14219=CARTESIAN_POINT('',(0.148895060132379,0.0409894710667082,0.0084));
#14220=CARTESIAN_POINT('',(0.161595060132379,0.0281894710667081,0.0084));
#14221=CARTESIAN_POINT('',(0.161595060132379,0.0351894710667081,0.0084));
#14222=CARTESIAN_POINT('',(0.161595060132379,0.0211894710667082,0.0084));
#14223=CARTESIAN_POINT('',(0.168595060132379,0.0351894710667081,0.0084));
#14224=CARTESIAN_POINT('',(0.175595060132379,0.0351894710667081,0.0084));
#14225=CARTESIAN_POINT('',(0.175595060132379,0.0281894710667081,0.0084));
#14226=CARTESIAN_POINT('',(0.175595060132379,0.0211894710667081,0.0084));
#14227=CARTESIAN_POINT('',(0.168595060132379,0.0211894710667082,0.0084));
#14228=CARTESIAN_POINT('',(0.161595060132379,0.00838947106670811,0.0084));
#14229=CARTESIAN_POINT('',(0.161595060132379,0.0153894710667081,0.0084));
#14230=CARTESIAN_POINT('',(0.161595060132379,0.00138947106670813,0.0084));
#14231=CARTESIAN_POINT('',(0.168595060132379,0.0153894710667081,0.0084));
#14232=CARTESIAN_POINT('',(0.175595060132379,0.0153894710667081,0.0084));
#14233=CARTESIAN_POINT('',(0.175595060132379,0.00838947106670811,0.0084));
#14234=CARTESIAN_POINT('',(0.175595060132379,0.00138947106670811,0.0084));
#14235=CARTESIAN_POINT('',(0.168595060132379,0.00138947106670813,0.0084));
#14236=CARTESIAN_POINT('',(0.121995060132379,-0.0510105289332919,0.0084));
#14237=CARTESIAN_POINT('',(0.121995060132379,-0.0440105289332919,0.0084));
#14238=CARTESIAN_POINT('',(0.121995060132379,-0.0580105289332919,0.0084));
#14239=CARTESIAN_POINT('',(0.128995060132379,-0.0440105289332919,0.0084));
#14240=CARTESIAN_POINT('',(0.135995060132379,-0.0440105289332919,0.0084));
#14241=CARTESIAN_POINT('',(0.135995060132379,-0.0510105289332919,0.0084));
#14242=CARTESIAN_POINT('',(0.135995060132379,-0.0580105289332919,0.0084));
#14243=CARTESIAN_POINT('',(0.128995060132379,-0.0580105289332919,0.0084));
#14244=CARTESIAN_POINT('',(0.141895060132379,-0.0510105289332919,0.0084));
#14245=CARTESIAN_POINT('',(0.141895060132379,-0.0440105289332919,0.0084));
#14246=CARTESIAN_POINT('',(0.141895060132379,-0.0580105289332919,0.0084));
#14247=CARTESIAN_POINT('',(0.148895060132379,-0.0440105289332919,0.0084));
#14248=CARTESIAN_POINT('',(0.155895060132379,-0.0440105289332919,0.0084));
#14249=CARTESIAN_POINT('',(0.155895060132379,-0.0510105289332919,0.0084));
#14250=CARTESIAN_POINT('',(0.155895060132379,-0.0580105289332919,0.0084));
#14251=CARTESIAN_POINT('',(0.148895060132379,-0.0580105289332919,0.0084));
#14252=CARTESIAN_POINT('',(0.196082766952967,-0.0720499669529664,0.0084));
#14253=CARTESIAN_POINT('',(0.197682766952966,-0.0720499669529664,0.0084));
#14254=CARTESIAN_POINT('',(0.196084766952967,0.0720241669529664,0.0084));
#14255=CARTESIAN_POINT('',(0.197684766952966,0.0720241669529664,0.0084));
#14256=CARTESIAN_POINT('',(-1.7000000000017E-5,0.,0.0084));
#14257=CARTESIAN_POINT('',(-1.7000000000017E-5,0.0549894710667081,0.0084));
#14258=CARTESIAN_POINT('',(0.00419506013237932,0.0549894710667081,0.0084));
#14259=CARTESIAN_POINT('',(0.0111950601323793,0.0549894710667081,0.0084));
#14260=CARTESIAN_POINT('',(0.0111950601323793,0.0479894710667081,0.0084));
#14261=CARTESIAN_POINT('',(0.0111950601323793,0.0409894710667082,0.0084));
#14262=CARTESIAN_POINT('',(0.00419506013237932,0.0409894710667082,0.0084));
#14263=CARTESIAN_POINT('',(-1.7000000000017E-5,0.0409894710667082,0.0084));
#14264=CARTESIAN_POINT('',(-1.7000000000017E-5,0.,0.0084));
#14265=CARTESIAN_POINT('',(-1.7000000000017E-5,0.0351894710667081,0.0084));
#14266=CARTESIAN_POINT('',(0.00419506013237932,0.0351894710667081,0.0084));
#14267=CARTESIAN_POINT('',(0.0111950601323793,0.0351894710667081,0.0084));
#14268=CARTESIAN_POINT('',(0.0111950601323793,0.0281894710667081,0.0084));
#14269=CARTESIAN_POINT('',(0.0111950601323793,0.0211894710667082,0.0084));
#14270=CARTESIAN_POINT('',(0.00419506013237932,0.0211894710667082,0.0084));
#14271=CARTESIAN_POINT('',(-1.7000000000017E-5,0.0211894710667082,0.0084));
#14272=CARTESIAN_POINT('',(-1.7000000000017E-5,0.,0.0084));
#14273=CARTESIAN_POINT('',(-1.7000000000017E-5,0.0153894710667081,0.0084));
#14274=CARTESIAN_POINT('',(0.00419506013237932,0.0153894710667081,0.0084));
#14275=CARTESIAN_POINT('',(0.0111950601323793,0.0153894710667081,0.0084));
#14276=CARTESIAN_POINT('',(0.0111950601323793,0.00838947106670811,0.0084));
#14277=CARTESIAN_POINT('',(0.0111950601323793,0.00138947106670813,0.0084));
#14278=CARTESIAN_POINT('',(0.00419506013237932,0.00138947106670813,0.0084));
#14279=CARTESIAN_POINT('',(-1.7000000000017E-5,0.00138947106670813,0.0084));
#14280=CARTESIAN_POINT('',(-1.7000000000017E-5,0.,0.0084));
#14281=CARTESIAN_POINT('',(-1.7000000000017E-5,-0.00441052893329189,0.0084));
#14282=CARTESIAN_POINT('',(0.00419506013237932,-0.00441052893329189,0.0084));
#14283=CARTESIAN_POINT('',(0.0111950601323793,-0.00441052893329189,0.0084));
#14284=CARTESIAN_POINT('',(0.0111950601323793,-0.0114105289332919,0.0084));
#14285=CARTESIAN_POINT('',(0.0111950601323793,-0.0184105289332918,0.0084));
#14286=CARTESIAN_POINT('',(0.00419506013237932,-0.0184105289332918,0.0084));
#14287=CARTESIAN_POINT('',(-1.7000000000017E-5,-0.0184105289332918,0.0084));
#14288=CARTESIAN_POINT('',(-1.7000000000017E-5,0.,0.0084));
#14289=CARTESIAN_POINT('',(-1.7000000000017E-5,-0.0242105289332919,0.0084));
#14290=CARTESIAN_POINT('',(0.00419506013237932,-0.0242105289332919,0.0084));
#14291=CARTESIAN_POINT('',(0.0111950601323793,-0.0242105289332919,0.0084));
#14292=CARTESIAN_POINT('',(0.0111950601323793,-0.0312105289332919,0.0084));
#14293=CARTESIAN_POINT('',(0.0111950601323793,-0.0382105289332918,0.0084));
#14294=CARTESIAN_POINT('',(0.00419506013237932,-0.0382105289332918,0.0084));
#14295=CARTESIAN_POINT('',(-1.7000000000017E-5,-0.0382105289332918,0.0084));
#14296=CARTESIAN_POINT('',(-1.7000000000017E-5,0.,0.0084));
#14297=CARTESIAN_POINT('',(-1.7000000000017E-5,-0.0440105289332919,0.0084));
#14298=CARTESIAN_POINT('',(0.00419506013237932,-0.0440105289332919,0.0084));
#14299=CARTESIAN_POINT('',(0.0111950601323793,-0.0440105289332919,0.0084));
#14300=CARTESIAN_POINT('',(0.0111950601323793,-0.0510105289332919,0.0084));
#14301=CARTESIAN_POINT('',(0.0111950601323793,-0.0580105289332919,0.0084));
#14302=CARTESIAN_POINT('',(0.00419506013237932,-0.0580105289332919,0.0084));
#14303=CARTESIAN_POINT('',(-1.7000000000017E-5,-0.0580105289332919,0.0084));
#14304=CARTESIAN_POINT('',(-1.7000000000017E-5,0.,0.0084));
#14305=CARTESIAN_POINT('',(-1.7000000000017E-5,-0.0752564,0.0084));
#14306=CARTESIAN_POINT('',(0.,-0.0752564,0.0084));
#14307=CARTESIAN_POINT('',(0.194317,-0.0752564,0.0084));
#14308=CARTESIAN_POINT('',(0.194317,-0.0702564,0.0084));
#14309=CARTESIAN_POINT('',(0.199317,-0.0702564,0.0084));
#14310=CARTESIAN_POINT('',(0.199317,0.,0.0084));
#14311=CARTESIAN_POINT('',(0.199317,0.0702564,0.0084));
#14312=CARTESIAN_POINT('',(0.194317,0.0702564,0.0084));
#14313=CARTESIAN_POINT('',(0.1389412,0.0107606,0.0084));
#14314=CARTESIAN_POINT('',(0.1389412,0.0132606,0.0084));
#14315=CARTESIAN_POINT('',(0.1339412,0.0132606,0.0084));
#14316=CARTESIAN_POINT('',(0.1339412,0.0082606,0.0084));
#14317=CARTESIAN_POINT('',(0.,0.0082606,0.0084));
#14318=CARTESIAN_POINT('',(0.1079412,0.0082606,0.0084));
#14319=CARTESIAN_POINT('',(0.1079412,0.0132606,0.0084));
#14320=CARTESIAN_POINT('',(0.1029412,0.0132606,0.0084));
#14321=CARTESIAN_POINT('',(0.1029412,0.,0.0084));
#14322=CARTESIAN_POINT('',(0.,-0.0752564,0.0084));
#14323=CARTESIAN_POINT('',(-1.7000000000017E-5,-0.0752564,0.0084));
#14324=CARTESIAN_POINT('',(0.194317,-0.0752564,0.0084));
#14325=CARTESIAN_POINT('',(0.00419506013237932,0.0153894710667081,-0.0016));
#14326=CARTESIAN_POINT('',(-1.7000000000017E-5,0.0153894710667081,-0.0016));
#14327=CARTESIAN_POINT('',(0.0111950601323793,0.0153894710667081,-0.0016));
#14328=CARTESIAN_POINT('',(0.00419506013237932,0.00138947106670813,-0.0016));
#14329=CARTESIAN_POINT('',(-1.7000000000017E-5,0.00138947106670813,-0.0016));
#14330=CARTESIAN_POINT('',(0.0111950601323793,0.00138947106670813,-0.0016));
#14331=CARTESIAN_POINT('',(0.00419506013237932,0.0351894710667081,-0.0016));
#14332=CARTESIAN_POINT('',(-1.7000000000017E-5,0.0351894710667081,-0.0016));
#14333=CARTESIAN_POINT('',(0.0111950601323793,0.0351894710667081,-0.0016));
#14334=CARTESIAN_POINT('',(0.00419506013237932,0.0211894710667082,-0.0016));
#14335=CARTESIAN_POINT('',(-1.7000000000017E-5,0.0211894710667082,-0.0016));
#14336=CARTESIAN_POINT('',(0.0111950601323793,0.0211894710667082,-0.0016));
#14337=CARTESIAN_POINT('',(0.00419506013237932,0.0549894710667081,-0.0016));
#14338=CARTESIAN_POINT('',(-1.7000000000017E-5,0.0549894710667081,-0.0016));
#14339=CARTESIAN_POINT('',(0.0111950601323793,0.0549894710667081,-0.0016));
#14340=CARTESIAN_POINT('',(0.00419506013237932,0.0409894710667082,-0.0016));
#14341=CARTESIAN_POINT('',(-1.7000000000017E-5,0.0409894710667082,-0.0016));
#14342=CARTESIAN_POINT('',(0.0111950601323793,0.0409894710667082,-0.0016));
#14343=CARTESIAN_POINT('',(0.00419506013237932,-0.00441052893329189,-0.0016));
#14344=CARTESIAN_POINT('',(-1.7000000000017E-5,-0.00441052893329189,-0.0016));
#14345=CARTESIAN_POINT('',(0.0111950601323793,-0.00441052893329189,-0.0016));
#14346=CARTESIAN_POINT('',(0.00419506013237932,-0.0184105289332918,-0.0016));
#14347=CARTESIAN_POINT('',(-1.7000000000017E-5,-0.0184105289332918,-0.0016));
#14348=CARTESIAN_POINT('',(0.0111950601323793,-0.0184105289332918,-0.0016));
#14349=CARTESIAN_POINT('',(0.00419506013237932,-0.0242105289332919,-0.0016));
#14350=CARTESIAN_POINT('',(-1.7000000000017E-5,-0.0242105289332919,-0.0016));
#14351=CARTESIAN_POINT('',(0.0111950601323793,-0.0242105289332919,-0.0016));
#14352=CARTESIAN_POINT('',(0.00419506013237932,-0.0382105289332918,-0.0016));
#14353=CARTESIAN_POINT('',(-1.7000000000017E-5,-0.0382105289332918,-0.0016));
#14354=CARTESIAN_POINT('',(0.0111950601323793,-0.0382105289332918,-0.0016));
#14355=CARTESIAN_POINT('',(0.00419506013237932,-0.0440105289332919,-0.0016));
#14356=CARTESIAN_POINT('',(-1.7000000000017E-5,-0.0440105289332919,-0.0016));
#14357=CARTESIAN_POINT('',(0.0111950601323793,-0.0440105289332919,-0.0016));
#14358=CARTESIAN_POINT('',(0.00419506013237932,-0.0580105289332919,-0.0016));
#14359=CARTESIAN_POINT('',(-1.7000000000017E-5,-0.0580105289332919,-0.0016));
#14360=CARTESIAN_POINT('',(0.0111950601323793,-0.0580105289332919,-0.0016));
#14361=CARTESIAN_POINT('',(0.1209412,0.0139595907880068,-0.0016));
#14362=CARTESIAN_POINT('',(0.108406960091518,0.0139595907880068,-0.0016));
#14363=CARTESIAN_POINT('',(0.108406960091518,0.0139595907880068,0.0084));
#14364=CARTESIAN_POINT('',(0.1209412,0.0139595907880068,0.0084));
#14365=CARTESIAN_POINT('',(0.1209412,0.0720574092119932,-0.0016));
#14366=CARTESIAN_POINT('',(0.1209412,0.0720574092119932,0.0084));
#14367=CARTESIAN_POINT('',(0.108406960091518,0.0720574092119932,0.0084));
#14368=CARTESIAN_POINT('',(0.108406960091518,0.0720574092119932,-0.0016));
#14369=CARTESIAN_POINT('',(0.,0.,0.0084));
#14370=CARTESIAN_POINT('',(0.108406960091518,0.0430085,0.0084));
#14371=CARTESIAN_POINT('',(0.199317,0.,0.0084));
#14372=CARTESIAN_POINT('',(0.199317,0.0702564,0.0084));
#14373=CARTESIAN_POINT('',(0.199317,-0.0702564,0.0084));
#14374=CARTESIAN_POINT('',(0.194317,0.0702564,0.0084));
#14375=CARTESIAN_POINT('',(0.194317,-0.0702564,0.0084));
#14376=CARTESIAN_POINT('',(0.148895060132379,-0.0440105289332919,-0.0016));
#14377=CARTESIAN_POINT('',(0.155895060132379,-0.0440105289332919,-0.0016));
#14378=CARTESIAN_POINT('',(0.141895060132379,-0.0440105289332919,-0.0016));
#14379=CARTESIAN_POINT('',(0.141895060132379,-0.0510105289332919,-0.0016));
#14380=CARTESIAN_POINT('',(0.141895060132379,-0.0580105289332919,-0.0016));
#14381=CARTESIAN_POINT('',(0.148895060132379,-0.0580105289332919,-0.0016));
#14382=CARTESIAN_POINT('',(0.155895060132379,-0.0580105289332919,-0.0016));
#14383=CARTESIAN_POINT('',(0.155895060132379,-0.0510105289332919,-0.0016));
#14384=CARTESIAN_POINT('',(0.128995060132379,-0.0440105289332919,-0.0016));
#14385=CARTESIAN_POINT('',(0.135995060132379,-0.0440105289332919,-0.0016));
#14386=CARTESIAN_POINT('',(0.121995060132379,-0.0440105289332919,-0.0016));
#14387=CARTESIAN_POINT('',(0.121995060132379,-0.0510105289332919,-0.0016));
#14388=CARTESIAN_POINT('',(0.121995060132379,-0.0580105289332919,-0.0016));
#14389=CARTESIAN_POINT('',(0.128995060132379,-0.0580105289332919,-0.0016));
#14390=CARTESIAN_POINT('',(0.135995060132379,-0.0580105289332919,-0.0016));
#14391=CARTESIAN_POINT('',(0.135995060132379,-0.0510105289332919,-0.0016));
#14392=CARTESIAN_POINT('',(0.168595060132379,0.0153894710667081,-0.0016));
#14393=CARTESIAN_POINT('',(0.175595060132379,0.0153894710667081,-0.0016));
#14394=CARTESIAN_POINT('',(0.161595060132379,0.0153894710667081,-0.0016));
#14395=CARTESIAN_POINT('',(0.161595060132379,0.00838947106670811,-0.0016));
#14396=CARTESIAN_POINT('',(0.161595060132379,0.00138947106670813,-0.0016));
#14397=CARTESIAN_POINT('',(0.168595060132379,0.00138947106670813,-0.0016));
#14398=CARTESIAN_POINT('',(0.175595060132379,0.00138947106670811,-0.0016));
#14399=CARTESIAN_POINT('',(0.175595060132379,0.00838947106670811,-0.0016));
#14400=CARTESIAN_POINT('',(0.168595060132379,0.0351894710667081,-0.0016));
#14401=CARTESIAN_POINT('',(0.175595060132379,0.0351894710667081,-0.0016));
#14402=CARTESIAN_POINT('',(0.161595060132379,0.0351894710667081,-0.0016));
#14403=CARTESIAN_POINT('',(0.161595060132379,0.0281894710667081,-0.0016));
#14404=CARTESIAN_POINT('',(0.161595060132379,0.0211894710667082,-0.0016));
#14405=CARTESIAN_POINT('',(0.168595060132379,0.0211894710667082,-0.0016));
#14406=CARTESIAN_POINT('',(0.175595060132379,0.0211894710667081,-0.0016));
#14407=CARTESIAN_POINT('',(0.175595060132379,0.0281894710667081,-0.0016));
#14408=CARTESIAN_POINT('',(0.148895060132379,0.0549894710667081,-0.0016));
#14409=CARTESIAN_POINT('',(0.155895060132379,0.0549894710667081,-0.0016));
#14410=CARTESIAN_POINT('',(0.141895060132379,0.0549894710667081,-0.0016));
#14411=CARTESIAN_POINT('',(0.141895060132379,0.0479894710667081,-0.0016));
#14412=CARTESIAN_POINT('',(0.141895060132379,0.0409894710667082,-0.0016));
#14413=CARTESIAN_POINT('',(0.148895060132379,0.0409894710667082,-0.0016));
#14414=CARTESIAN_POINT('',(0.155895060132379,0.0409894710667081,-0.0016));
#14415=CARTESIAN_POINT('',(0.155895060132379,0.0479894710667081,-0.0016));
#14416=CARTESIAN_POINT('',(0.148895060132379,0.0351894710667081,-0.0016));
#14417=CARTESIAN_POINT('',(0.155895060132379,0.0351894710667081,-0.0016));
#14418=CARTESIAN_POINT('',(0.141895060132379,0.0351894710667081,-0.0016));
#14419=CARTESIAN_POINT('',(0.141895060132379,0.0281894710667081,-0.0016));
#14420=CARTESIAN_POINT('',(0.141895060132379,0.0211894710667082,-0.0016));
#14421=CARTESIAN_POINT('',(0.148895060132379,0.0211894710667082,-0.0016));
#14422=CARTESIAN_POINT('',(0.155895060132379,0.0211894710667081,-0.0016));
#14423=CARTESIAN_POINT('',(0.155895060132379,0.0281894710667081,-0.0016));
#14424=CARTESIAN_POINT('',(0.148895060132379,0.0153894710667081,-0.0016));
#14425=CARTESIAN_POINT('',(0.155895060132379,0.0153894710667081,-0.0016));
#14426=CARTESIAN_POINT('',(0.141895060132379,0.0153894710667081,-0.0016));
#14427=CARTESIAN_POINT('',(0.141895060132379,0.00838947106670811,-0.0016));
#14428=CARTESIAN_POINT('',(0.141895060132379,0.00138947106670813,-0.0016));
#14429=CARTESIAN_POINT('',(0.148895060132379,0.00138947106670813,-0.0016));
#14430=CARTESIAN_POINT('',(0.155895060132379,0.00138947106670811,-0.0016));
#14431=CARTESIAN_POINT('',(0.155895060132379,0.00838947106670811,-0.0016));
#14432=CARTESIAN_POINT('',(0.168595060132379,0.0549894710667081,-0.0016));
#14433=CARTESIAN_POINT('',(0.175595060132379,0.0549894710667081,-0.0016));
#14434=CARTESIAN_POINT('',(0.161595060132379,0.0549894710667081,-0.0016));
#14435=CARTESIAN_POINT('',(0.161595060132379,0.0479894710667081,-0.0016));
#14436=CARTESIAN_POINT('',(0.161595060132379,0.0409894710667082,-0.0016));
#14437=CARTESIAN_POINT('',(0.168595060132379,0.0409894710667082,-0.0016));
#14438=CARTESIAN_POINT('',(0.175595060132379,0.0409894710667081,-0.0016));
#14439=CARTESIAN_POINT('',(0.175595060132379,0.0479894710667081,-0.0016));
#14440=CARTESIAN_POINT('',(0.168795060132379,-0.0440105289332919,-0.0016));
#14441=CARTESIAN_POINT('',(0.175795060132379,-0.0440105289332919,-0.0016));
#14442=CARTESIAN_POINT('',(0.161795060132379,-0.0440105289332919,-0.0016));
#14443=CARTESIAN_POINT('',(0.161795060132379,-0.0510105289332919,-0.0016));
#14444=CARTESIAN_POINT('',(0.161795060132379,-0.0580105289332919,-0.0016));
#14445=CARTESIAN_POINT('',(0.168795060132379,-0.0580105289332919,-0.0016));
#14446=CARTESIAN_POINT('',(0.175795060132379,-0.0580105289332919,-0.0016));
#14447=CARTESIAN_POINT('',(0.175795060132379,-0.0510105289332919,-0.0016));
#14448=CARTESIAN_POINT('',(0.148895060132379,-0.0242105289332919,-0.0016));
#14449=CARTESIAN_POINT('',(0.155895060132379,-0.0242105289332919,-0.0016));
#14450=CARTESIAN_POINT('',(0.141895060132379,-0.0242105289332919,-0.0016));
#14451=CARTESIAN_POINT('',(0.141895060132379,-0.0312105289332919,-0.0016));
#14452=CARTESIAN_POINT('',(0.141895060132379,-0.0382105289332918,-0.0016));
#14453=CARTESIAN_POINT('',(0.148895060132379,-0.0382105289332918,-0.0016));
#14454=CARTESIAN_POINT('',(0.155895060132379,-0.0382105289332919,-0.0016));
#14455=CARTESIAN_POINT('',(0.155895060132379,-0.0312105289332919,-0.0016));
#14456=CARTESIAN_POINT('',(0.0702950601323793,0.0479894710667081,-0.0016));
#14457=CARTESIAN_POINT('',(0.0702950601323793,0.0409894710667082,-0.0016));
#14458=CARTESIAN_POINT('',(0.0702950601323793,0.0549894710667081,-0.0016));
#14459=CARTESIAN_POINT('',(0.0632950601323793,0.0549894710667081,-0.0016));
#14460=CARTESIAN_POINT('',(0.0562950601323793,0.0549894710667081,-0.0016));
#14461=CARTESIAN_POINT('',(0.0562950601323793,0.0479894710667081,-0.0016));
#14462=CARTESIAN_POINT('',(0.0562950601323793,0.0409894710667082,-0.0016));
#14463=CARTESIAN_POINT('',(0.0632950601323793,0.0409894710667082,-0.0016));
#14464=CARTESIAN_POINT('',(0.0899950601323793,-0.0510105289332919,-0.0016));
#14465=CARTESIAN_POINT('',(0.0899950601323793,-0.0580105289332919,-0.0016));
#14466=CARTESIAN_POINT('',(0.0899950601323793,-0.0440105289332919,-0.0016));
#14467=CARTESIAN_POINT('',(0.0829950601323793,-0.0440105289332919,-0.0016));
#14468=CARTESIAN_POINT('',(0.0759950601323793,-0.0440105289332919,-0.0016));
#14469=CARTESIAN_POINT('',(0.0759950601323793,-0.0510105289332919,-0.0016));
#14470=CARTESIAN_POINT('',(0.0759950601323793,-0.0580105289332919,-0.0016));
#14471=CARTESIAN_POINT('',(0.0829950601323793,-0.0580105289332919,-0.0016));
#14472=CARTESIAN_POINT('',(0.0899950601323793,-0.0312105289332919,-0.0016));
#14473=CARTESIAN_POINT('',(0.0899950601323793,-0.0382105289332918,-0.0016));
#14474=CARTESIAN_POINT('',(0.0899950601323793,-0.0242105289332919,-0.0016));
#14475=CARTESIAN_POINT('',(0.0829950601323793,-0.0242105289332919,-0.0016));
#14476=CARTESIAN_POINT('',(0.0759950601323793,-0.0242105289332919,-0.0016));
#14477=CARTESIAN_POINT('',(0.0759950601323793,-0.0312105289332919,-0.0016));
#14478=CARTESIAN_POINT('',(0.0759950601323793,-0.0382105289332918,-0.0016));
#14479=CARTESIAN_POINT('',(0.0829950601323793,-0.0382105289332918,-0.0016));
#14480=CARTESIAN_POINT('',(0.0899950601323793,-0.0114105289332919,-0.0016));
#14481=CARTESIAN_POINT('',(0.0899950601323793,-0.0184105289332918,-0.0016));
#14482=CARTESIAN_POINT('',(0.0899950601323793,-0.00441052893329189,-0.0016));
#14483=CARTESIAN_POINT('',(0.0829950601323793,-0.00441052893329189,-0.0016));
#14484=CARTESIAN_POINT('',(0.0759950601323793,-0.00441052893329189,-0.0016));
#14485=CARTESIAN_POINT('',(0.0759950601323793,-0.0114105289332919,-0.0016));
#14486=CARTESIAN_POINT('',(0.0759950601323793,-0.0184105289332918,-0.0016));
#14487=CARTESIAN_POINT('',(0.0829950601323793,-0.0184105289332918,-0.0016));
#14488=CARTESIAN_POINT('',(0.0702950601323793,0.0281894710667081,-0.0016));
#14489=CARTESIAN_POINT('',(0.0702950601323793,0.0211894710667082,-0.0016));
#14490=CARTESIAN_POINT('',(0.0702950601323793,0.0351894710667081,-0.0016));
#14491=CARTESIAN_POINT('',(0.0632950601323793,0.0351894710667081,-0.0016));
#14492=CARTESIAN_POINT('',(0.0562950601323793,0.0351894710667081,-0.0016));
#14493=CARTESIAN_POINT('',(0.0562950601323793,0.0281894710667081,-0.0016));
#14494=CARTESIAN_POINT('',(0.0562950601323793,0.0211894710667082,-0.0016));
#14495=CARTESIAN_POINT('',(0.0632950601323793,0.0211894710667082,-0.0016));
#14496=CARTESIAN_POINT('',(0.0702950601323793,0.00838947106670811,-0.0016));
#14497=CARTESIAN_POINT('',(0.0702950601323793,0.00138947106670813,-0.0016));
#14498=CARTESIAN_POINT('',(0.0702950601323793,0.0153894710667081,-0.0016));
#14499=CARTESIAN_POINT('',(0.0632950601323793,0.0153894710667081,-0.0016));
#14500=CARTESIAN_POINT('',(0.0562950601323793,0.0153894710667081,-0.0016));
#14501=CARTESIAN_POINT('',(0.0562950601323793,0.00838947106670811,-0.0016));
#14502=CARTESIAN_POINT('',(0.0562950601323793,0.00138947106670813,-0.0016));
#14503=CARTESIAN_POINT('',(0.0632950601323793,0.00138947106670813,-0.0016));
#14504=CARTESIAN_POINT('',(0.0702950601323793,-0.0114105289332919,-0.0016));
#14505=CARTESIAN_POINT('',(0.0702950601323793,-0.0184105289332918,-0.0016));
#14506=CARTESIAN_POINT('',(0.0702950601323793,-0.00441052893329189,-0.0016));
#14507=CARTESIAN_POINT('',(0.0632950601323793,-0.00441052893329189,-0.0016));
#14508=CARTESIAN_POINT('',(0.0562950601323793,-0.00441052893329189,-0.0016));
#14509=CARTESIAN_POINT('',(0.0562950601323793,-0.0114105289332919,-0.0016));
#14510=CARTESIAN_POINT('',(0.0562950601323793,-0.0184105289332918,-0.0016));
#14511=CARTESIAN_POINT('',(0.0632950601323793,-0.0184105289332918,-0.0016));
#14512=CARTESIAN_POINT('',(0.0702950601323793,-0.0312105289332919,-0.0016));
#14513=CARTESIAN_POINT('',(0.0702950601323793,-0.0382105289332918,-0.0016));
#14514=CARTESIAN_POINT('',(0.0702950601323793,-0.0242105289332919,-0.0016));
#14515=CARTESIAN_POINT('',(0.0632950601323793,-0.0242105289332919,-0.0016));
#14516=CARTESIAN_POINT('',(0.0562950601323793,-0.0242105289332919,-0.0016));
#14517=CARTESIAN_POINT('',(0.0562950601323793,-0.0312105289332919,-0.0016));
#14518=CARTESIAN_POINT('',(0.0562950601323793,-0.0382105289332918,-0.0016));
#14519=CARTESIAN_POINT('',(0.0632950601323793,-0.0382105289332918,-0.0016));
#14520=CARTESIAN_POINT('',(0.0899950601323793,0.0479894710667081,-0.0016));
#14521=CARTESIAN_POINT('',(0.0899950601323793,0.0409894710667082,-0.0016));
#14522=CARTESIAN_POINT('',(0.0899950601323793,0.0549894710667081,-0.0016));
#14523=CARTESIAN_POINT('',(0.0829950601323793,0.0549894710667081,-0.0016));
#14524=CARTESIAN_POINT('',(0.0759950601323793,0.0549894710667081,-0.0016));
#14525=CARTESIAN_POINT('',(0.0759950601323793,0.0479894710667081,-0.0016));
#14526=CARTESIAN_POINT('',(0.0759950601323793,0.0409894710667082,-0.0016));
#14527=CARTESIAN_POINT('',(0.0829950601323793,0.0409894710667082,-0.0016));
#14528=CARTESIAN_POINT('',(0.0899950601323793,0.0281894710667081,-0.0016));
#14529=CARTESIAN_POINT('',(0.0899950601323793,0.0211894710667082,-0.0016));
#14530=CARTESIAN_POINT('',(0.0899950601323793,0.0351894710667081,-0.0016));
#14531=CARTESIAN_POINT('',(0.0829950601323793,0.0351894710667081,-0.0016));
#14532=CARTESIAN_POINT('',(0.0759950601323793,0.0351894710667081,-0.0016));
#14533=CARTESIAN_POINT('',(0.0759950601323793,0.0281894710667081,-0.0016));
#14534=CARTESIAN_POINT('',(0.0759950601323793,0.0211894710667082,-0.0016));
#14535=CARTESIAN_POINT('',(0.0829950601323793,0.0211894710667082,-0.0016));
#14536=CARTESIAN_POINT('',(0.0899950601323793,0.00838947106670811,-0.0016));
#14537=CARTESIAN_POINT('',(0.0899950601323793,0.00138947106670813,-0.0016));
#14538=CARTESIAN_POINT('',(0.0899950601323793,0.0153894710667081,-0.0016));
#14539=CARTESIAN_POINT('',(0.0829950601323793,0.0153894710667081,-0.0016));
#14540=CARTESIAN_POINT('',(0.0759950601323793,0.0153894710667081,-0.0016));
#14541=CARTESIAN_POINT('',(0.0759950601323793,0.00838947106670811,-0.0016));
#14542=CARTESIAN_POINT('',(0.0759950601323793,0.00138947106670813,-0.0016));
#14543=CARTESIAN_POINT('',(0.0829950601323793,0.00138947106670813,-0.0016));
#14544=CARTESIAN_POINT('',(0.0308950601323793,0.0281894710667081,-0.0016));
#14545=CARTESIAN_POINT('',(0.0308950601323793,0.0211894710667082,-0.0016));
#14546=CARTESIAN_POINT('',(0.0308950601323793,0.0351894710667081,-0.0016));
#14547=CARTESIAN_POINT('',(0.0238950601323793,0.0351894710667081,-0.0016));
#14548=CARTESIAN_POINT('',(0.0168950601323793,0.0351894710667081,-0.0016));
#14549=CARTESIAN_POINT('',(0.0168950601323793,0.0281894710667081,-0.0016));
#14550=CARTESIAN_POINT('',(0.0168950601323793,0.0211894710667082,-0.0016));
#14551=CARTESIAN_POINT('',(0.0238950601323793,0.0211894710667082,-0.0016));
#14552=CARTESIAN_POINT('',(0.0308950601323793,0.00838947106670811,-0.0016));
#14553=CARTESIAN_POINT('',(0.0308950601323793,0.00138947106670813,-0.0016));
#14554=CARTESIAN_POINT('',(0.0308950601323793,0.0153894710667081,-0.0016));
#14555=CARTESIAN_POINT('',(0.0238950601323793,0.0153894710667081,-0.0016));
#14556=CARTESIAN_POINT('',(0.0168950601323793,0.0153894710667081,-0.0016));
#14557=CARTESIAN_POINT('',(0.0168950601323793,0.00838947106670811,-0.0016));
#14558=CARTESIAN_POINT('',(0.0168950601323793,0.00138947106670813,-0.0016));
#14559=CARTESIAN_POINT('',(0.0238950601323793,0.00138947106670813,-0.0016));
#14560=CARTESIAN_POINT('',(0.0308950601323793,-0.0114105289332919,-0.0016));
#14561=CARTESIAN_POINT('',(0.0308950601323793,-0.0184105289332918,-0.0016));
#14562=CARTESIAN_POINT('',(0.0308950601323793,-0.00441052893329189,-0.0016));
#14563=CARTESIAN_POINT('',(0.0238950601323793,-0.00441052893329189,-0.0016));
#14564=CARTESIAN_POINT('',(0.0168950601323793,-0.00441052893329189,-0.0016));
#14565=CARTESIAN_POINT('',(0.0168950601323793,-0.0114105289332919,-0.0016));
#14566=CARTESIAN_POINT('',(0.0168950601323793,-0.0184105289332918,-0.0016));
#14567=CARTESIAN_POINT('',(0.0238950601323793,-0.0184105289332918,-0.0016));
#14568=CARTESIAN_POINT('',(0.0308950601323793,-0.0312105289332919,-0.0016));
#14569=CARTESIAN_POINT('',(0.0308950601323793,-0.0382105289332918,-0.0016));
#14570=CARTESIAN_POINT('',(0.0308950601323793,-0.0242105289332919,-0.0016));
#14571=CARTESIAN_POINT('',(0.0238950601323793,-0.0242105289332919,-0.0016));
#14572=CARTESIAN_POINT('',(0.0168950601323793,-0.0242105289332919,-0.0016));
#14573=CARTESIAN_POINT('',(0.0168950601323793,-0.0312105289332919,-0.0016));
#14574=CARTESIAN_POINT('',(0.0168950601323793,-0.0382105289332918,-0.0016));
#14575=CARTESIAN_POINT('',(0.0238950601323793,-0.0382105289332918,-0.0016));
#14576=CARTESIAN_POINT('',(0.0111950601323793,0.00838947106670811,-0.0016));
#14577=CARTESIAN_POINT('',(0.0111950601323793,0.0281894710667081,-0.0016));
#14578=CARTESIAN_POINT('',(0.0111950601323793,0.0479894710667081,-0.0016));
#14579=CARTESIAN_POINT('',(0.0308950601323793,-0.0510105289332919,-0.0016));
#14580=CARTESIAN_POINT('',(0.0308950601323793,-0.0580105289332919,-0.0016));
#14581=CARTESIAN_POINT('',(0.0308950601323793,-0.0440105289332919,-0.0016));
#14582=CARTESIAN_POINT('',(0.0238950601323793,-0.0440105289332919,-0.0016));
#14583=CARTESIAN_POINT('',(0.0168950601323793,-0.0440105289332919,-0.0016));
#14584=CARTESIAN_POINT('',(0.0168950601323793,-0.0510105289332919,-0.0016));
#14585=CARTESIAN_POINT('',(0.0168950601323793,-0.0580105289332919,-0.0016));
#14586=CARTESIAN_POINT('',(0.0238950601323793,-0.0580105289332919,-0.0016));
#14587=CARTESIAN_POINT('',(0.0505950601323793,0.00838947106670811,-0.0016));
#14588=CARTESIAN_POINT('',(0.0505950601323793,0.00138947106670813,-0.0016));
#14589=CARTESIAN_POINT('',(0.0505950601323793,0.0153894710667081,-0.0016));
#14590=CARTESIAN_POINT('',(0.0435950601323793,0.0153894710667081,-0.0016));
#14591=CARTESIAN_POINT('',(0.0365950601323793,0.0153894710667081,-0.0016));
#14592=CARTESIAN_POINT('',(0.0365950601323793,0.00838947106670811,-0.0016));
#14593=CARTESIAN_POINT('',(0.0365950601323793,0.00138947106670813,-0.0016));
#14594=CARTESIAN_POINT('',(0.0435950601323793,0.00138947106670813,-0.0016));
#14595=CARTESIAN_POINT('',(0.0505950601323793,0.0281894710667081,-0.0016));
#14596=CARTESIAN_POINT('',(0.0505950601323793,0.0211894710667082,-0.0016));
#14597=CARTESIAN_POINT('',(0.0505950601323793,0.0351894710667081,-0.0016));
#14598=CARTESIAN_POINT('',(0.0435950601323793,0.0351894710667081,-0.0016));
#14599=CARTESIAN_POINT('',(0.0365950601323793,0.0351894710667081,-0.0016));
#14600=CARTESIAN_POINT('',(0.0365950601323793,0.0281894710667081,-0.0016));
#14601=CARTESIAN_POINT('',(0.0365950601323793,0.0211894710667082,-0.0016));
#14602=CARTESIAN_POINT('',(0.0435950601323793,0.0211894710667082,-0.0016));
#14603=CARTESIAN_POINT('',(0.0505950601323793,0.0479894710667081,-0.0016));
#14604=CARTESIAN_POINT('',(0.0505950601323793,0.0409894710667082,-0.0016));
#14605=CARTESIAN_POINT('',(0.0505950601323793,0.0549894710667081,-0.0016));
#14606=CARTESIAN_POINT('',(0.0435950601323793,0.0549894710667081,-0.0016));
#14607=CARTESIAN_POINT('',(0.0365950601323793,0.0549894710667081,-0.0016));
#14608=CARTESIAN_POINT('',(0.0365950601323793,0.0479894710667081,-0.0016));
#14609=CARTESIAN_POINT('',(0.0365950601323793,0.0409894710667082,-0.0016));
#14610=CARTESIAN_POINT('',(0.0435950601323793,0.0409894710667082,-0.0016));
#14611=CARTESIAN_POINT('',(0.0702950601323793,-0.0510105289332919,-0.0016));
#14612=CARTESIAN_POINT('',(0.0702950601323793,-0.0580105289332919,-0.0016));
#14613=CARTESIAN_POINT('',(0.0702950601323793,-0.0440105289332919,-0.0016));
#14614=CARTESIAN_POINT('',(0.0632950601323793,-0.0440105289332919,-0.0016));
#14615=CARTESIAN_POINT('',(0.0562950601323793,-0.0440105289332919,-0.0016));
#14616=CARTESIAN_POINT('',(0.0562950601323793,-0.0510105289332919,-0.0016));
#14617=CARTESIAN_POINT('',(0.0562950601323793,-0.0580105289332919,-0.0016));
#14618=CARTESIAN_POINT('',(0.0632950601323793,-0.0580105289332919,-0.0016));
#14619=CARTESIAN_POINT('',(0.0308950601323793,0.0479894710667081,-0.0016));
#14620=CARTESIAN_POINT('',(0.0308950601323793,0.0409894710667082,-0.0016));
#14621=CARTESIAN_POINT('',(0.0308950601323793,0.0549894710667081,-0.0016));
#14622=CARTESIAN_POINT('',(0.0238950601323793,0.0549894710667081,-0.0016));
#14623=CARTESIAN_POINT('',(0.0168950601323793,0.0549894710667081,-0.0016));
#14624=CARTESIAN_POINT('',(0.0168950601323793,0.0479894710667081,-0.0016));
#14625=CARTESIAN_POINT('',(0.0168950601323793,0.0409894710667082,-0.0016));
#14626=CARTESIAN_POINT('',(0.0238950601323793,0.0409894710667082,-0.0016));
#14627=CARTESIAN_POINT('',(0.0505950601323793,-0.0510105289332919,-0.0016));
#14628=CARTESIAN_POINT('',(0.0505950601323793,-0.0580105289332919,-0.0016));
#14629=CARTESIAN_POINT('',(0.0505950601323793,-0.0440105289332919,-0.0016));
#14630=CARTESIAN_POINT('',(0.0435950601323793,-0.0440105289332919,-0.0016));
#14631=CARTESIAN_POINT('',(0.0365950601323793,-0.0440105289332919,-0.0016));
#14632=CARTESIAN_POINT('',(0.0365950601323793,-0.0510105289332919,-0.0016));
#14633=CARTESIAN_POINT('',(0.0365950601323793,-0.0580105289332919,-0.0016));
#14634=CARTESIAN_POINT('',(0.0435950601323793,-0.0580105289332919,-0.0016));
#14635=CARTESIAN_POINT('',(0.0505950601323793,-0.0312105289332919,-0.0016));
#14636=CARTESIAN_POINT('',(0.0505950601323793,-0.0382105289332918,-0.0016));
#14637=CARTESIAN_POINT('',(0.0505950601323793,-0.0242105289332919,-0.0016));
#14638=CARTESIAN_POINT('',(0.0435950601323793,-0.0242105289332919,-0.0016));
#14639=CARTESIAN_POINT('',(0.0365950601323793,-0.0242105289332919,-0.0016));
#14640=CARTESIAN_POINT('',(0.0365950601323793,-0.0312105289332919,-0.0016));
#14641=CARTESIAN_POINT('',(0.0365950601323793,-0.0382105289332918,-0.0016));
#14642=CARTESIAN_POINT('',(0.0435950601323793,-0.0382105289332918,-0.0016));
#14643=CARTESIAN_POINT('',(0.0505950601323793,-0.0114105289332919,-0.0016));
#14644=CARTESIAN_POINT('',(0.0505950601323793,-0.0184105289332918,-0.0016));
#14645=CARTESIAN_POINT('',(0.0505950601323793,-0.00441052893329189,-0.0016));
#14646=CARTESIAN_POINT('',(0.0435950601323793,-0.00441052893329189,-0.0016));
#14647=CARTESIAN_POINT('',(0.0365950601323793,-0.00441052893329189,-0.0016));
#14648=CARTESIAN_POINT('',(0.0365950601323793,-0.0114105289332919,-0.0016));
#14649=CARTESIAN_POINT('',(0.0365950601323793,-0.0184105289332918,-0.0016));
#14650=CARTESIAN_POINT('',(0.0435950601323793,-0.0184105289332918,-0.0016));
#14651=CARTESIAN_POINT('',(0.0111950601323793,-0.0114105289332919,-0.0016));
#14652=CARTESIAN_POINT('',(0.0111950601323793,-0.0312105289332919,-0.0016));
#14653=CARTESIAN_POINT('',(0.0111950601323793,-0.0510105289332919,-0.0016));
#14654=CARTESIAN_POINT('',(0.175943765282631,-0.0267097274032355,-0.0166));
#14655=CARTESIAN_POINT('',(0.175943765282631,-0.0267097274032355,0.0069));
#14656=CARTESIAN_POINT('',(0.189443765282631,-0.0267097274032355,0.0069));
#14657=CARTESIAN_POINT('',(0.175943765282631,-0.0267097274032355,0.0069));
#14658=CARTESIAN_POINT('',(0.108406960091518,0.0430085,-0.0016));
#14659=CARTESIAN_POINT('',(0.1209412,0.0139595907880068,-0.0016));
#14660=CARTESIAN_POINT('',(0.1209412,0.0139595907880068,0.0084));
#14661=CARTESIAN_POINT('',(0.133475439908482,0.0139595907880068,0.0084));
#14662=CARTESIAN_POINT('',(0.133475439908482,0.0139595907880068,-0.0016));
#14663=CARTESIAN_POINT('',(0.133475439908482,0.0430085,-0.0016));
#14664=CARTESIAN_POINT('',(0.133475439908482,0.0430085,0.0084));
#14665=CARTESIAN_POINT('',(0.133475439908482,0.0720574092119932,0.0084));
#14666=CARTESIAN_POINT('',(0.133475439908482,0.0720574092119932,-0.0016));
#14667=CARTESIAN_POINT('',(0.1209412,0.0720574092119932,-0.0016));
#14668=CARTESIAN_POINT('',(0.1209412,0.0720574092119932,0.0084));
#14669=CARTESIAN_POINT('',(0.,0.,0.0084));
#14670=CARTESIAN_POINT('',(0.1054412,0.0430085,0.0164));
#14671=CARTESIAN_POINT('',(0.1054412,0.0430085,0.0109));
#14672=CARTESIAN_POINT('',(0.1054412,0.0132606,0.0109));
#14673=CARTESIAN_POINT('',(0.1054412,0.0132606,0.0164));
#14674=CARTESIAN_POINT('',(0.1054412,0.0132606,0.0139));
#14675=CARTESIAN_POINT('',(0.1054412,0.0752564,0.0139));
#14676=CARTESIAN_POINT('',(0.1209412,0.0107606,0.0164));
#14677=CARTESIAN_POINT('',(0.1079412,0.0107606,0.0164));
#14678=CARTESIAN_POINT('',(0.1079412,0.0107606,0.0139));
#14679=CARTESIAN_POINT('',(0.1079412,0.0107606,0.0109));
#14680=CARTESIAN_POINT('',(0.1209412,0.0107606,0.0109));
#14681=CARTESIAN_POINT('',(0.1339412,0.0107606,0.0109));
#14682=CARTESIAN_POINT('',(0.1339412,0.0107606,0.0139));
#14683=CARTESIAN_POINT('',(0.1339412,0.0107606,0.0139));
#14684=CARTESIAN_POINT('',(0.1079412,0.0107606,0.0139));
#14685=CARTESIAN_POINT('',(0.1364412,0.0430085,0.0164));
#14686=CARTESIAN_POINT('',(0.1364412,0.0430085,0.0139));
#14687=CARTESIAN_POINT('',(0.1364412,0.0132606,0.0139));
#14688=CARTESIAN_POINT('',(0.1364412,0.0132606,0.0109));
#14689=CARTESIAN_POINT('',(0.1364412,0.0132606,0.0109));
#14690=CARTESIAN_POINT('',(0.1364412,0.0752564,0.0109));
#14691=CARTESIAN_POINT('',(0.,0.,0.0164));
#14692=CARTESIAN_POINT('',(0.1079412,0.0107606,0.0164));
#14693=CARTESIAN_POINT('',(0.1079412,0.0132606,0.0164));
#14694=CARTESIAN_POINT('',(0.1339412,0.0132606,0.0164));
#14695=CARTESIAN_POINT('',(0.1339412,0.0132606,0.0164));
#14696=CARTESIAN_POINT('',(0.1339412,0.,0.0164));
#14697=CARTESIAN_POINT('',(0.,0.0137606,0.00786));
#14698=CARTESIAN_POINT('',(0.1079412,0.,0.0139));
#14699=CARTESIAN_POINT('',(0.1079412,0.0132606,0.0139));
#14700=CARTESIAN_POINT('',(0.1339412,0.0430085,0.0139));
#14701=CARTESIAN_POINT('',(0.1339412,0.0132606,0.0139));
#14702=CARTESIAN_POINT('',(0.1029412,0.0430085,0.0109));
#14703=CARTESIAN_POINT('',(0.1029412,0.0132606,0.0109));
#14704=CARTESIAN_POINT('',(0.1389412,0.,0.0109));
#14705=CARTESIAN_POINT('',(0.1389412,0.0132606,0.0109));
#14706=CARTESIAN_POINT('',(0.1339412,0.0132606,0.0164));
#14707=CARTESIAN_POINT('',(0.1339412,0.0132606,0.0109));
#14708=CARTESIAN_POINT('',(0.1339412,0.0132606,0.0139));
#14709=CARTESIAN_POINT('',(0.1339412,0.0132606,0.0139));
#14710=CARTESIAN_POINT('',(0.1339412,0.0132606,0.0139));
#14711=CARTESIAN_POINT('',(0.,0.0132606,0.0139));
#14712=CARTESIAN_POINT('',(0.1079412,0.0132606,0.0139));
#14713=CARTESIAN_POINT('',(0.1079412,0.0132606,0.0139));
#14714=CARTESIAN_POINT('',(0.1079412,0.0132606,0.0139));
#14715=CARTESIAN_POINT('',(0.1079412,0.0132606,0.0164));
#14716=CARTESIAN_POINT('',(0.1079412,0.0132606,0.0109));
#14717=CARTESIAN_POINT('',(0.1079412,0.0132606,0.0109));
#14718=CARTESIAN_POINT('',(0.1079412,0.0082606,0.0109));
#14719=CARTESIAN_POINT('',(0.1209412,0.0082606,0.0109));
#14720=CARTESIAN_POINT('',(0.1339412,0.0082606,0.0109));
#14721=CARTESIAN_POINT('',(0.1339412,0.0132606,0.0109));
#14722=CARTESIAN_POINT('',(0.196082766952967,-0.0720499669529664,-0.0166));
#14723=CARTESIAN_POINT('',(0.196084766952967,0.0720241669529664,-0.0166));
#14724=CARTESIAN_POINT('',(-1.7000000000017E-5,0.,-0.0016));
#14725=CARTESIAN_POINT('',(-1.7000000000017E-5,0.,-0.0016));
#14726=CARTESIAN_POINT('',(-1.7000000000017E-5,0.,-0.0016));
#14727=CARTESIAN_POINT('',(-1.7000000000017E-5,0.,-0.0016));
#14728=CARTESIAN_POINT('',(-1.7000000000017E-5,0.,-0.0016));
#14729=CARTESIAN_POINT('',(-1.7000000000017E-5,0.,-0.0016));
#14730=CARTESIAN_POINT('',(-1.7000000000017E-5,0.,-0.0016));
#14731=CARTESIAN_POINT('',(0.1209412,0.0705064,0.01136));
#14732=CARTESIAN_POINT('',(0.1304412,0.0705064,0.01136));
#14733=CARTESIAN_POINT('',(0.1304412,0.0705064,0.01136));
#14734=CARTESIAN_POINT('',(0.1114412,0.0705064,0.01136));
#14735=CARTESIAN_POINT('',(0.1114412,0.0705064,0.01136));
#14736=CARTESIAN_POINT('',(0.1209412,0.0705064,0.01136));
#14737=CARTESIAN_POINT('',(0.1209412,0.0707564,0.00636));
#14738=CARTESIAN_POINT('',(0.1124412,0.0707564,0.00636));
#14739=CARTESIAN_POINT('',(0.1124412,0.0707564,0.01036));
#14740=CARTESIAN_POINT('',(0.1124412,0.0707564,0.00236));
#14741=CARTESIAN_POINT('',(0.1209412,0.0707564,0.01036));
#14742=CARTESIAN_POINT('',(0.1294412,0.0707564,0.01036));
#14743=CARTESIAN_POINT('',(0.1294412,0.0707564,0.00636));
#14744=CARTESIAN_POINT('',(0.1294412,0.0707564,0.00236));
#14745=CARTESIAN_POINT('',(0.1209412,0.0707564,0.00236));
#14746=CARTESIAN_POINT('',(0.1234412,0.0707564,0.00636));
#14747=CARTESIAN_POINT('',(0.1234412,0.0707564,0.00386));
#14748=CARTESIAN_POINT('',(0.1234412,0.0707564,0.00886));
#14749=CARTESIAN_POINT('',(0.1209412,0.0707564,0.00886));
#14750=CARTESIAN_POINT('',(0.1184412,0.0707564,0.00886));
#14751=CARTESIAN_POINT('',(0.1184412,0.0707564,0.00636));
#14752=CARTESIAN_POINT('',(0.1184412,0.0707564,0.00386));
#14753=CARTESIAN_POINT('',(0.1209412,0.0707564,0.00386));
#14754=CARTESIAN_POINT('',(0.1209412,0.0705064,0.00738));
#14755=CARTESIAN_POINT('',(0.1114412,0.0705064,0.00636));
#14756=CARTESIAN_POINT('',(0.1114412,0.0705064,0.00136));
#14757=CARTESIAN_POINT('',(0.1209412,0.0705064,0.00136));
#14758=CARTESIAN_POINT('',(0.1304412,0.0705064,0.00136));
#14759=CARTESIAN_POINT('',(0.1304412,0.0705064,0.00636));
#14760=CARTESIAN_POINT('',(0.1184412,0.0705064,0.00636));
#14761=CARTESIAN_POINT('',(0.1184412,0.0705064,0.00386));
#14762=CARTESIAN_POINT('',(0.1184412,0.0705064,0.00886));
#14763=CARTESIAN_POINT('',(0.1209412,0.0705064,0.00886));
#14764=CARTESIAN_POINT('',(0.1234412,0.0705064,0.00886));
#14765=CARTESIAN_POINT('',(0.1234412,0.0705064,0.00636));
#14766=CARTESIAN_POINT('',(0.1234412,0.0705064,0.00386));
#14767=CARTESIAN_POINT('',(0.1209412,0.0705064,0.00386));
#14768=CARTESIAN_POINT('',(0.1114412,0.0705064,0.00636));
#14769=CARTESIAN_POINT('',(0.1114412,0.0732564,0.00636));
#14770=CARTESIAN_POINT('',(0.1114412,0.0732564,0.00136));
#14771=CARTESIAN_POINT('',(0.1114412,0.0705064,0.00136));
#14772=CARTESIAN_POINT('',(0.1209412,0.0705064,0.00136));
#14773=CARTESIAN_POINT('',(0.1209412,0.0732564,0.00136));
#14774=CARTESIAN_POINT('',(0.1304412,0.0732564,0.00136));
#14775=CARTESIAN_POINT('',(0.1304412,0.0705064,0.00136));
#14776=CARTESIAN_POINT('',(0.1304412,0.0705064,0.00636));
#14777=CARTESIAN_POINT('',(0.1304412,0.0732564,0.00636));
#14778=CARTESIAN_POINT('',(0.1124412,0.0707564,0.00636));
#14779=CARTESIAN_POINT('',(0.1124412,0.0707564,0.00236));
#14780=CARTESIAN_POINT('',(0.1124412,0.0732564,0.00236));
#14781=CARTESIAN_POINT('',(0.1124412,0.0732564,0.00636));
#14782=CARTESIAN_POINT('',(0.1124412,0.0732564,0.01036));
#14783=CARTESIAN_POINT('',(0.1124412,0.0707564,0.01036));
#14784=CARTESIAN_POINT('',(0.1209412,0.0707564,0.01036));
#14785=CARTESIAN_POINT('',(0.1209412,0.0732564,0.01036));
#14786=CARTESIAN_POINT('',(0.1294412,0.0732564,0.01036));
#14787=CARTESIAN_POINT('',(0.1294412,0.0707564,0.01036));
#14788=CARTESIAN_POINT('',(0.1294412,0.0707564,0.00636));
#14789=CARTESIAN_POINT('',(0.1294412,0.0732564,0.00636));
#14790=CARTESIAN_POINT('',(0.1294412,0.0732564,0.00236));
#14791=CARTESIAN_POINT('',(0.1294412,0.0707564,0.00236));
#14792=CARTESIAN_POINT('',(0.1209412,0.0707564,0.00236));
#14793=CARTESIAN_POINT('',(0.1209412,0.0732564,0.00236));
#14794=CARTESIAN_POINT('',(0.1209412,0.0457564,0.00886));
#14795=CARTESIAN_POINT('',(0.1234412,0.0457564,0.00886));
#14796=CARTESIAN_POINT('',(0.1184412,0.0707564,0.00886));
#14797=CARTESIAN_POINT('',(0.1209412,0.0457564,0.00386));
#14798=CARTESIAN_POINT('',(0.1184412,0.0457564,0.00386));
#14799=CARTESIAN_POINT('',(0.1234412,0.0707564,0.00386));
#14800=CARTESIAN_POINT('',(0.1184412,0.0457564,0.00636));
#14801=CARTESIAN_POINT('',(0.1234412,0.0457564,0.00636));
#14802=CARTESIAN_POINT('',(0.1209412,0.0732564,0.00636));
#14803=CARTESIAN_POINT('',(0.,0.,0.));
#14804=CARTESIAN_POINT('',(-1.7000000000017E-5,0.,-0.0016));
#14805=CARTESIAN_POINT('',(-1.7000000000017E-5,0.,-0.0056));
#14806=CARTESIAN_POINT('',(-1.7000000000017E-5,0.0722565,-0.0056));
#14807=CARTESIAN_POINT('',(-1.7000000000017E-5,-0.0722565,-0.0056));
#14808=CARTESIAN_POINT('',(-1.7000000000017E-5,0.0722565,0.0064));
#14809=CARTESIAN_POINT('',(-1.7000000000017E-5,0.0722565,0.0064));
#14810=CARTESIAN_POINT('',(-1.7000000000017E-5,0.,0.0064));
#14811=CARTESIAN_POINT('',(-1.7000000000017E-5,0.0752564,0.0064));
#14812=CARTESIAN_POINT('',(-1.7000000000017E-5,0.0752564,-0.0096));
#14813=CARTESIAN_POINT('',(-1.7000000000017E-5,0.0752564,-0.0096));
#14814=CARTESIAN_POINT('',(-1.7000000000017E-5,0.,-0.0096));
#14815=CARTESIAN_POINT('',(-1.7000000000017E-5,-0.0752564,-0.0096));
#14816=CARTESIAN_POINT('',(-1.7000000000017E-5,-0.0752564,-0.0096));
#14817=CARTESIAN_POINT('',(-1.7000000000017E-5,-0.0752564,0.0064));
#14818=CARTESIAN_POINT('',(-1.7000000000017E-5,0.,0.0064));
#14819=CARTESIAN_POINT('',(-1.7000000000017E-5,-0.0722565,0.0064));
#14820=CARTESIAN_POINT('',(-1.7000000000017E-5,-0.0722565,0.0064));
#14821=CARTESIAN_POINT('',(0.,0.,-0.0056));
#14822=CARTESIAN_POINT('',(0.196084766952967,0.0720241669529664,-0.0056));
#14823=CARTESIAN_POINT('',(0.197834766952967,0.0720241669529664,-0.0056));
#14824=CARTESIAN_POINT('',(0.,0.,-0.0056));
#14825=CARTESIAN_POINT('',(0.196082766952967,-0.0720499669529664,-0.0056));
#14826=CARTESIAN_POINT('',(0.197832766952967,-0.0720499669529664,-0.0056));
#14827=CARTESIAN_POINT('',(0.196082766952967,-0.0720499669529663,0.0064));
#14828=CARTESIAN_POINT('',(0.196082766952967,-0.0720499669529663,-0.0056));
#14829=CARTESIAN_POINT('',(0.196317,-0.0700637305924902,-0.0056));
#14830=CARTESIAN_POINT('',(0.194093459510543,-0.0722565,-0.0056));
#14831=CARTESIAN_POINT('',(0.194093459510543,-0.0722565,0.0064));
#14832=CARTESIAN_POINT('',(0.194093459510543,-0.0722565,0.0064));
#14833=CARTESIAN_POINT('',(0.196082766952967,-0.0720499669529663,0.0064));
#14834=CARTESIAN_POINT('',(0.196317,-0.0700637305924902,0.0064));
#14835=CARTESIAN_POINT('',(0.196317,-0.0700637305924903,0.0064));
#14836=CARTESIAN_POINT('',(0.196317,0.,0.0064));
#14837=CARTESIAN_POINT('',(0.196317,0.,0.0064));
#14838=CARTESIAN_POINT('',(0.196317,0.0700376957571356,0.0064));
#14839=CARTESIAN_POINT('',(0.196317,0.0700376957571356,0.0064));
#14840=CARTESIAN_POINT('',(0.196317,0.0700376957571356,-0.0056));
#14841=CARTESIAN_POINT('',(0.196317,0.,-0.0056));
#14842=CARTESIAN_POINT('',(0.196084766952967,0.0720241669529664,0.0064));
#14843=CARTESIAN_POINT('',(0.196084766952967,0.0720241669529664,-0.0056));
#14844=CARTESIAN_POINT('',(0.19409830745042,0.0722565,-0.0056));
#14845=CARTESIAN_POINT('',(0.196084766952967,0.0720241669529664,0.0064));
#14846=CARTESIAN_POINT('',(0.19409830745042,0.0722565,0.0064));
#14847=CARTESIAN_POINT('',(0.19409830745042,0.0722565,0.0064));
#14848=CARTESIAN_POINT('',(0.196084766952967,0.0720241669529664,0.0194));
#14849=CARTESIAN_POINT('',(0.196084766952967,0.0720241669529664,0.0064));
#14850=CARTESIAN_POINT('',(0.197834766952967,0.0720241669529664,0.0064));
#14851=CARTESIAN_POINT('',(0.196082766952967,-0.0720499669529664,0.0194));
#14852=CARTESIAN_POINT('',(0.196082766952967,-0.0720499669529664,0.0064));
#14853=CARTESIAN_POINT('',(0.197832766952967,-0.0720499669529664,0.0064));
#14854=CARTESIAN_POINT('',(0.1304412,0.0722564,0.00636));
#14855=CARTESIAN_POINT('',(0.1304412,0.,0.0064));
#14856=CARTESIAN_POINT('',(0.1304412,0.0722565,0.0064));
#14857=CARTESIAN_POINT('',(0.1304412,0.0752564,0.0064));
#14858=CARTESIAN_POINT('',(0.1304412,0.0752564,0.00636));
#14859=CARTESIAN_POINT('',(0.1304412,0.0752564,0.00136));
#14860=CARTESIAN_POINT('',(0.1304412,0.0722564,0.00136));
#14861=CARTESIAN_POINT('',(0.1304412,0.0722565,0.00136));
#14862=CARTESIAN_POINT('',(0.1304412,0.0722565,0.0064));
#14863=CARTESIAN_POINT('',(0.1209412,0.0722564,0.00136));
#14864=CARTESIAN_POINT('',(0.1209412,0.0752564,0.00136));
#14865=CARTESIAN_POINT('',(0.1114412,0.0752564,0.00136));
#14866=CARTESIAN_POINT('',(0.1114412,0.0722564,0.00136));
#14867=CARTESIAN_POINT('',(0.1114412,0.0722565,0.00136));
#14868=CARTESIAN_POINT('',(0.,0.0722565,0.00136));
#14869=CARTESIAN_POINT('',(0.1114412,0.0722564,0.00636));
#14870=CARTESIAN_POINT('',(0.1114412,0.0722565,0.0064));
#14871=CARTESIAN_POINT('',(0.1114412,0.0722565,0.0064));
#14872=CARTESIAN_POINT('',(0.1114412,0.0752564,0.00636));
#14873=CARTESIAN_POINT('',(0.1114412,0.0752564,0.0064));
#14874=CARTESIAN_POINT('',(0.1114412,0.,0.0064));
#14875=CARTESIAN_POINT('',(0.194317,-0.0702564,-0.0096));
#14876=CARTESIAN_POINT('',(0.199317,-0.0702564,-0.0096));
#14877=CARTESIAN_POINT('',(0.199317,-0.0702564,-0.0096));
#14878=CARTESIAN_POINT('',(0.199317,-0.0702564,0.0064));
#14879=CARTESIAN_POINT('',(0.194317,-0.0702564,0.0064));
#14880=CARTESIAN_POINT('',(0.194317,-0.0752564,0.0064));
#14881=CARTESIAN_POINT('',(0.194317,-0.0752564,-0.0096));
#14882=CARTESIAN_POINT('',(0.194317,-0.0752564,-0.0096));
#14883=CARTESIAN_POINT('',(0.194317,-0.0702564,-0.0096));
#14884=CARTESIAN_POINT('',(0.199317,0.,-0.0096));
#14885=CARTESIAN_POINT('',(0.199317,0.0702564,-0.0096));
#14886=CARTESIAN_POINT('',(0.199317,0.0702564,-0.0096));
#14887=CARTESIAN_POINT('',(0.199317,0.0702564,0.0064));
#14888=CARTESIAN_POINT('',(0.199317,0.,0.0064));
#14889=CARTESIAN_POINT('',(0.199317,0.,-0.0096));
#14890=CARTESIAN_POINT('',(0.194317,0.0702564,-0.0096));
#14891=CARTESIAN_POINT('',(0.194317,0.0752564,-0.0096));
#14892=CARTESIAN_POINT('',(0.194317,0.0752564,-0.0096));
#14893=CARTESIAN_POINT('',(0.194317,0.0752564,0.0064));
#14894=CARTESIAN_POINT('',(0.194317,0.0702564,0.0064));
#14895=CARTESIAN_POINT('',(0.194317,0.0702564,-0.0096));
#14896=CARTESIAN_POINT('',(0.1882464,0.0543029,-0.0096));
#14897=CARTESIAN_POINT('',(0.1882464,0.0543029,-0.0096));
#14898=CARTESIAN_POINT('',(0.1897464,0.0543029,-0.0096));
#14899=CARTESIAN_POINT('',(0.1882464,0.0543029,-0.0056));
#14900=CARTESIAN_POINT('',(0.1897464,0.0543029,-0.0056));
#14901=CARTESIAN_POINT('',(0.1882464,-0.0647521,-0.0096));
#14902=CARTESIAN_POINT('',(0.1882464,-0.0647521,-0.0096));
#14903=CARTESIAN_POINT('',(0.1897464,-0.0647521,-0.0096));
#14904=CARTESIAN_POINT('',(0.1882464,-0.0647521,-0.0056));
#14905=CARTESIAN_POINT('',(0.1897464,-0.0647521,-0.0056));
#14906=CARTESIAN_POINT('',(0.,0.,-0.0096));
#14907=CARTESIAN_POINT('',(0.,0.0752564,-0.0096));
#14908=CARTESIAN_POINT('',(0.,-0.0752564,-0.0096));
#14909=CARTESIAN_POINT('',(0.,-0.0752564,-0.0096));
#14910=CARTESIAN_POINT('',(0.,-0.0752564,0.0064));
#14911=CARTESIAN_POINT('',(0.,0.0752564,-0.0096));
#14912=CARTESIAN_POINT('',(0.,0.0752564,0.0064));
#14913=CARTESIAN_POINT('',(0.,0.0752564,0.0064));
#14914=CARTESIAN_POINT('',(0.,0.,0.0064));
#14915=CARTESIAN_POINT('',(0.,-0.0722565,0.0064));
#14916=CARTESIAN_POINT('',(0.,0.0722565,0.0064));
#14917=CARTESIAN_POINT('',(0.,0.,0.0064));
#14918=CARTESIAN_POINT('',(0.,0.0722565,0.0064));
#14919=CARTESIAN_POINT('',(0.,0.,-0.0056));
#14920=CARTESIAN_POINT('',(0.,0.0722565,-0.0056));
#14921=CARTESIAN_POINT('',(0.,-0.0722565,-0.0056));
#14922=CARTESIAN_POINT('',(0.,-0.0722565,0.0064));
#14923=CARTESIAN_POINT('',(0.,0.0722565,0.0064));
#14924=CARTESIAN_POINT('',(0.,0.,0.));
#14925=CARTESIAN_POINT('',(-0.0283049398676207,-0.0114105289332919,-0.0016));
#14926=CARTESIAN_POINT('',(-0.0283049398676207,0.,0.0064));
#14927=CARTESIAN_POINT('',(-0.0283049398676207,-0.00441052893329189,0.0064));
#14928=CARTESIAN_POINT('',(-0.0283049398676207,-0.0184105289332918,0.0064));
#14929=CARTESIAN_POINT('',(-0.0283049398676207,-0.0184105289332918,-0.0016));
#14930=CARTESIAN_POINT('',(-0.0283049398676207,-0.0184105289332918,0.0084));
#14931=CARTESIAN_POINT('',(-0.0283049398676207,-0.0114105289332919,0.0084));
#14932=CARTESIAN_POINT('',(-0.0283049398676207,-0.00441052893329189,0.0084));
#14933=CARTESIAN_POINT('',(-0.0283049398676207,-0.00441052893329189,-0.0016));
#14934=CARTESIAN_POINT('',(-0.0353049398676207,-0.0184105289332918,-0.0016));
#14935=CARTESIAN_POINT('',(-0.0423049398676207,-0.0184105289332918,-0.0016));
#14936=CARTESIAN_POINT('',(-0.0423049398676207,-0.0184105289332918,0.0064));
#14937=CARTESIAN_POINT('',(-0.0423049398676207,-0.0184105289332918,0.0084));
#14938=CARTESIAN_POINT('',(-0.0353049398676207,-0.0184105289332918,0.0084));
#14939=CARTESIAN_POINT('',(0.,-0.0184105289332918,0.0064));
#14940=CARTESIAN_POINT('',(-0.0423049398676207,-0.0114105289332919,-0.0016));
#14941=CARTESIAN_POINT('',(-0.0423049398676207,-0.00441052893329189,-0.0016));
#14942=CARTESIAN_POINT('',(-0.0423049398676207,-0.00441052893329189,0.0064));
#14943=CARTESIAN_POINT('',(-0.0423049398676207,-0.00441052893329189,0.0084));
#14944=CARTESIAN_POINT('',(-0.0423049398676207,-0.0114105289332919,0.0084));
#14945=CARTESIAN_POINT('',(-0.0423049398676207,0.,0.0064));
#14946=CARTESIAN_POINT('',(-0.0353049398676207,-0.00441052893329189,-0.0016));
#14947=CARTESIAN_POINT('',(0.,-0.00441052893329189,0.0064));
#14948=CARTESIAN_POINT('',(-0.0353049398676207,-0.00441052893329189,0.0084));
#14949=CARTESIAN_POINT('',(-0.0480049398676207,0.0479894710667081,-0.0016));
#14950=CARTESIAN_POINT('',(-0.0480049398676207,0.,0.0064));
#14951=CARTESIAN_POINT('',(-0.0480049398676207,0.0549894710667081,0.0064));
#14952=CARTESIAN_POINT('',(-0.0480049398676207,0.0409894710667082,0.0064));
#14953=CARTESIAN_POINT('',(-0.0480049398676207,0.0409894710667082,-0.0016));
#14954=CARTESIAN_POINT('',(-0.0480049398676207,0.0409894710667082,0.0084));
#14955=CARTESIAN_POINT('',(-0.0480049398676207,0.0479894710667081,0.0084));
#14956=CARTESIAN_POINT('',(-0.0480049398676207,0.0549894710667081,0.0084));
#14957=CARTESIAN_POINT('',(-0.0480049398676207,0.0549894710667081,-0.0016));
#14958=CARTESIAN_POINT('',(-0.0550049398676207,0.0409894710667082,-0.0016));
#14959=CARTESIAN_POINT('',(-0.0620049398676207,0.0409894710667082,-0.0016));
#14960=CARTESIAN_POINT('',(-0.0620049398676207,0.0409894710667082,0.0064));
#14961=CARTESIAN_POINT('',(-0.0620049398676207,0.0409894710667082,0.0084));
#14962=CARTESIAN_POINT('',(-0.0550049398676207,0.0409894710667082,0.0084));
#14963=CARTESIAN_POINT('',(0.,0.0409894710667082,0.0064));
#14964=CARTESIAN_POINT('',(-0.0620049398676207,0.0479894710667081,-0.0016));
#14965=CARTESIAN_POINT('',(-0.0620049398676207,0.0549894710667081,-0.0016));
#14966=CARTESIAN_POINT('',(-0.0620049398676207,0.0549894710667081,0.0064));
#14967=CARTESIAN_POINT('',(-0.0620049398676207,0.0549894710667081,0.0084));
#14968=CARTESIAN_POINT('',(-0.0620049398676207,0.0479894710667081,0.0084));
#14969=CARTESIAN_POINT('',(-0.0620049398676207,0.,0.0064));
#14970=CARTESIAN_POINT('',(-0.0550049398676207,0.0549894710667081,-0.0016));
#14971=CARTESIAN_POINT('',(0.,0.0549894710667081,0.0064));
#14972=CARTESIAN_POINT('',(-0.0550049398676207,0.0549894710667081,0.0084));
#14973=CARTESIAN_POINT('',(-0.0480049398676207,0.00838947106670811,-0.0016));
#14974=CARTESIAN_POINT('',(-0.0480049398676207,0.,0.0064));
#14975=CARTESIAN_POINT('',(-0.0480049398676207,0.0153894710667081,0.0064));
#14976=CARTESIAN_POINT('',(-0.0480049398676207,0.00138947106670813,0.0064));
#14977=CARTESIAN_POINT('',(-0.0480049398676207,0.00138947106670813,-0.0016));
#14978=CARTESIAN_POINT('',(-0.0480049398676207,0.00138947106670813,0.0084));
#14979=CARTESIAN_POINT('',(-0.0480049398676207,0.00838947106670811,0.0084));
#14980=CARTESIAN_POINT('',(-0.0480049398676207,0.0153894710667081,0.0084));
#14981=CARTESIAN_POINT('',(-0.0480049398676207,0.0153894710667081,-0.0016));
#14982=CARTESIAN_POINT('',(-0.0550049398676207,0.00138947106670813,-0.0016));
#14983=CARTESIAN_POINT('',(-0.0620049398676207,0.00138947106670813,-0.0016));
#14984=CARTESIAN_POINT('',(-0.0620049398676207,0.00138947106670813,0.0064));
#14985=CARTESIAN_POINT('',(-0.0620049398676207,0.00138947106670813,0.0084));
#14986=CARTESIAN_POINT('',(-0.0550049398676207,0.00138947106670813,0.0084));
#14987=CARTESIAN_POINT('',(0.,0.00138947106670813,0.0064));
#14988=CARTESIAN_POINT('',(-0.0620049398676207,0.00838947106670811,-0.0016));
#14989=CARTESIAN_POINT('',(-0.0620049398676207,0.0153894710667081,-0.0016));
#14990=CARTESIAN_POINT('',(-0.0620049398676207,0.0153894710667081,0.0064));
#14991=CARTESIAN_POINT('',(-0.0620049398676207,0.0153894710667081,0.0084));
#14992=CARTESIAN_POINT('',(-0.0620049398676207,0.00838947106670811,0.0084));
#14993=CARTESIAN_POINT('',(-0.0620049398676207,0.,0.0064));
#14994=CARTESIAN_POINT('',(-0.0550049398676207,0.0153894710667081,-0.0016));
#14995=CARTESIAN_POINT('',(0.,0.0153894710667081,0.0064));
#14996=CARTESIAN_POINT('',(-0.0550049398676207,0.0153894710667081,0.0084));
#14997=CARTESIAN_POINT('',(-0.0283049398676207,0.00838947106670811,-0.0016));
#14998=CARTESIAN_POINT('',(-0.0283049398676207,0.,0.0064));
#14999=CARTESIAN_POINT('',(-0.0283049398676207,0.0153894710667081,0.0064));
#15000=CARTESIAN_POINT('',(-0.0283049398676207,0.00138947106670813,0.0064));
#15001=CARTESIAN_POINT('',(-0.0283049398676207,0.00138947106670813,-0.0016));
#15002=CARTESIAN_POINT('',(-0.0283049398676207,0.00138947106670813,0.0084));
#15003=CARTESIAN_POINT('',(-0.0283049398676207,0.00838947106670811,0.0084));
#15004=CARTESIAN_POINT('',(-0.0283049398676207,0.0153894710667081,0.0084));
#15005=CARTESIAN_POINT('',(-0.0283049398676207,0.0153894710667081,-0.0016));
#15006=CARTESIAN_POINT('',(-0.0353049398676207,0.00138947106670813,-0.0016));
#15007=CARTESIAN_POINT('',(-0.0423049398676207,0.00138947106670813,-0.0016));
#15008=CARTESIAN_POINT('',(-0.0423049398676207,0.00138947106670813,0.0064));
#15009=CARTESIAN_POINT('',(-0.0423049398676207,0.00138947106670813,0.0084));
#15010=CARTESIAN_POINT('',(-0.0353049398676207,0.00138947106670813,0.0084));
#15011=CARTESIAN_POINT('',(0.,0.00138947106670813,0.0064));
#15012=CARTESIAN_POINT('',(-0.0423049398676207,0.00838947106670811,-0.0016));
#15013=CARTESIAN_POINT('',(-0.0423049398676207,0.0153894710667081,-0.0016));
#15014=CARTESIAN_POINT('',(-0.0423049398676207,0.0153894710667081,0.0064));
#15015=CARTESIAN_POINT('',(-0.0423049398676207,0.0153894710667081,0.0084));
#15016=CARTESIAN_POINT('',(-0.0423049398676207,0.00838947106670811,0.0084));
#15017=CARTESIAN_POINT('',(-0.0423049398676207,0.,0.0064));
#15018=CARTESIAN_POINT('',(-0.0353049398676207,0.0153894710667081,-0.0016));
#15019=CARTESIAN_POINT('',(0.,0.0153894710667081,0.0064));
#15020=CARTESIAN_POINT('',(-0.0353049398676207,0.0153894710667081,0.0084));
#15021=CARTESIAN_POINT('',(-0.0283049398676207,0.0479894710667081,-0.0016));
#15022=CARTESIAN_POINT('',(-0.0283049398676207,0.,0.0064));
#15023=CARTESIAN_POINT('',(-0.0283049398676207,0.0549894710667081,0.0064));
#15024=CARTESIAN_POINT('',(-0.0283049398676207,0.0409894710667082,0.0064));
#15025=CARTESIAN_POINT('',(-0.0283049398676207,0.0409894710667082,-0.0016));
#15026=CARTESIAN_POINT('',(-0.0283049398676207,0.0409894710667082,0.0084));
#15027=CARTESIAN_POINT('',(-0.0283049398676207,0.0479894710667081,0.0084));
#15028=CARTESIAN_POINT('',(-0.0283049398676207,0.0549894710667081,0.0084));
#15029=CARTESIAN_POINT('',(-0.0283049398676207,0.0549894710667081,-0.0016));
#15030=CARTESIAN_POINT('',(-0.0353049398676207,0.0409894710667082,-0.0016));
#15031=CARTESIAN_POINT('',(-0.0423049398676207,0.0409894710667082,-0.0016));
#15032=CARTESIAN_POINT('',(-0.0423049398676207,0.0409894710667082,0.0064));
#15033=CARTESIAN_POINT('',(-0.0423049398676207,0.0409894710667082,0.0084));
#15034=CARTESIAN_POINT('',(-0.0353049398676207,0.0409894710667082,0.0084));
#15035=CARTESIAN_POINT('',(0.,0.0409894710667082,0.0064));
#15036=CARTESIAN_POINT('',(-0.0423049398676207,0.0479894710667081,-0.0016));
#15037=CARTESIAN_POINT('',(-0.0423049398676207,0.0549894710667081,-0.0016));
#15038=CARTESIAN_POINT('',(-0.0423049398676207,0.0549894710667081,0.0064));
#15039=CARTESIAN_POINT('',(-0.0423049398676207,0.0549894710667081,0.0084));
#15040=CARTESIAN_POINT('',(-0.0423049398676207,0.0479894710667081,0.0084));
#15041=CARTESIAN_POINT('',(-0.0423049398676207,0.,0.0064));
#15042=CARTESIAN_POINT('',(-0.0353049398676207,0.0549894710667081,-0.0016));
#15043=CARTESIAN_POINT('',(0.,0.0549894710667081,0.0064));
#15044=CARTESIAN_POINT('',(-0.0353049398676207,0.0549894710667081,0.0084));
#15045=CARTESIAN_POINT('',(-0.126804939867621,0.0479894710667081,-0.0016));
#15046=CARTESIAN_POINT('',(-0.126804939867621,0.,0.0064));
#15047=CARTESIAN_POINT('',(-0.126804939867621,0.0549894710667081,0.0064));
#15048=CARTESIAN_POINT('',(-0.126804939867621,0.0409894710667082,0.0064));
#15049=CARTESIAN_POINT('',(-0.126804939867621,0.0409894710667082,-0.0016));
#15050=CARTESIAN_POINT('',(-0.126804939867621,0.0409894710667082,0.0084));
#15051=CARTESIAN_POINT('',(-0.126804939867621,0.0479894710667081,0.0084));
#15052=CARTESIAN_POINT('',(-0.126804939867621,0.0549894710667081,0.0084));
#15053=CARTESIAN_POINT('',(-0.126804939867621,0.0549894710667081,-0.0016));
#15054=CARTESIAN_POINT('',(-0.133804939867621,0.0409894710667082,-0.0016));
#15055=CARTESIAN_POINT('',(-0.140804939867621,0.0409894710667082,-0.0016));
#15056=CARTESIAN_POINT('',(-0.140804939867621,0.0409894710667082,0.0064));
#15057=CARTESIAN_POINT('',(-0.140804939867621,0.0409894710667082,0.0084));
#15058=CARTESIAN_POINT('',(-0.133804939867621,0.0409894710667082,0.0084));
#15059=CARTESIAN_POINT('',(0.,0.0409894710667082,0.0064));
#15060=CARTESIAN_POINT('',(-0.140804939867621,0.0479894710667081,-0.0016));
#15061=CARTESIAN_POINT('',(-0.140804939867621,0.0549894710667081,-0.0016));
#15062=CARTESIAN_POINT('',(-0.140804939867621,0.0549894710667081,0.0064));
#15063=CARTESIAN_POINT('',(-0.140804939867621,0.0549894710667081,0.0084));
#15064=CARTESIAN_POINT('',(-0.140804939867621,0.0479894710667081,0.0084));
#15065=CARTESIAN_POINT('',(-0.140804939867621,0.,0.0064));
#15066=CARTESIAN_POINT('',(-0.133804939867621,0.0549894710667081,-0.0016));
#15067=CARTESIAN_POINT('',(0.,0.0549894710667081,0.0064));
#15068=CARTESIAN_POINT('',(-0.133804939867621,0.0549894710667081,0.0084));
#15069=CARTESIAN_POINT('',(-0.146504939867621,-0.0312105289332919,-0.0016));
#15070=CARTESIAN_POINT('',(-0.146504939867621,0.,0.0064));
#15071=CARTESIAN_POINT('',(-0.146504939867621,-0.0242105289332919,0.0064));
#15072=CARTESIAN_POINT('',(-0.146504939867621,-0.0382105289332918,0.0064));
#15073=CARTESIAN_POINT('',(-0.146504939867621,-0.0382105289332918,-0.0016));
#15074=CARTESIAN_POINT('',(-0.146504939867621,-0.0382105289332918,0.0084));
#15075=CARTESIAN_POINT('',(-0.146504939867621,-0.0312105289332919,0.0084));
#15076=CARTESIAN_POINT('',(-0.146504939867621,-0.0242105289332919,0.0084));
#15077=CARTESIAN_POINT('',(-0.146504939867621,-0.0242105289332919,-0.0016));
#15078=CARTESIAN_POINT('',(-0.15350493986762,-0.0382105289332918,-0.0016));
#15079=CARTESIAN_POINT('',(-0.16050493986762,-0.0382105289332918,-0.0016));
#15080=CARTESIAN_POINT('',(-0.16050493986762,-0.0382105289332918,0.0064));
#15081=CARTESIAN_POINT('',(-0.16050493986762,-0.0382105289332918,0.0084));
#15082=CARTESIAN_POINT('',(-0.15350493986762,-0.0382105289332918,0.0084));
#15083=CARTESIAN_POINT('',(0.,-0.0382105289332918,0.0064));
#15084=CARTESIAN_POINT('',(-0.16050493986762,-0.0312105289332919,-0.0016));
#15085=CARTESIAN_POINT('',(-0.16050493986762,-0.0242105289332919,-0.0016));
#15086=CARTESIAN_POINT('',(-0.16050493986762,-0.0242105289332919,0.0064));
#15087=CARTESIAN_POINT('',(-0.16050493986762,-0.0242105289332919,0.0084));
#15088=CARTESIAN_POINT('',(-0.16050493986762,-0.0312105289332919,0.0084));
#15089=CARTESIAN_POINT('',(-0.16050493986762,0.,0.0064));
#15090=CARTESIAN_POINT('',(-0.15350493986762,-0.0242105289332919,-0.0016));
#15091=CARTESIAN_POINT('',(0.,-0.0242105289332919,0.0064));
#15092=CARTESIAN_POINT('',(-0.15350493986762,-0.0242105289332919,0.0084));
#15093=CARTESIAN_POINT('',(-0.126804939867621,0.0281894710667081,-0.0016));
#15094=CARTESIAN_POINT('',(-0.126804939867621,0.,0.0064));
#15095=CARTESIAN_POINT('',(-0.126804939867621,0.0351894710667081,0.0064));
#15096=CARTESIAN_POINT('',(-0.126804939867621,0.0211894710667082,0.0064));
#15097=CARTESIAN_POINT('',(-0.126804939867621,0.0211894710667082,-0.0016));
#15098=CARTESIAN_POINT('',(-0.126804939867621,0.0211894710667082,0.0084));
#15099=CARTESIAN_POINT('',(-0.126804939867621,0.0281894710667081,0.0084));
#15100=CARTESIAN_POINT('',(-0.126804939867621,0.0351894710667081,0.0084));
#15101=CARTESIAN_POINT('',(-0.126804939867621,0.0351894710667081,-0.0016));
#15102=CARTESIAN_POINT('',(-0.133804939867621,0.0211894710667082,-0.0016));
#15103=CARTESIAN_POINT('',(-0.140804939867621,0.0211894710667082,-0.0016));
#15104=CARTESIAN_POINT('',(-0.140804939867621,0.0211894710667082,0.0064));
#15105=CARTESIAN_POINT('',(-0.140804939867621,0.0211894710667082,0.0084));
#15106=CARTESIAN_POINT('',(-0.133804939867621,0.0211894710667082,0.0084));
#15107=CARTESIAN_POINT('',(0.,0.0211894710667082,0.0064));
#15108=CARTESIAN_POINT('',(-0.140804939867621,0.0281894710667081,-0.0016));
#15109=CARTESIAN_POINT('',(-0.140804939867621,0.0351894710667081,-0.0016));
#15110=CARTESIAN_POINT('',(-0.140804939867621,0.0351894710667081,0.0064));
#15111=CARTESIAN_POINT('',(-0.140804939867621,0.0351894710667081,0.0084));
#15112=CARTESIAN_POINT('',(-0.140804939867621,0.0281894710667081,0.0084));
#15113=CARTESIAN_POINT('',(-0.140804939867621,0.,0.0064));
#15114=CARTESIAN_POINT('',(-0.133804939867621,0.0351894710667081,-0.0016));
#15115=CARTESIAN_POINT('',(0.,0.0351894710667081,0.0064));
#15116=CARTESIAN_POINT('',(-0.133804939867621,0.0351894710667081,0.0084));
#15117=CARTESIAN_POINT('',(-0.126804939867621,-0.0114105289332919,-0.0016));
#15118=CARTESIAN_POINT('',(-0.126804939867621,0.,0.0064));
#15119=CARTESIAN_POINT('',(-0.126804939867621,-0.00441052893329189,0.0064));
#15120=CARTESIAN_POINT('',(-0.126804939867621,-0.0184105289332918,0.0064));
#15121=CARTESIAN_POINT('',(-0.126804939867621,-0.0184105289332918,-0.0016));
#15122=CARTESIAN_POINT('',(-0.126804939867621,-0.0184105289332918,0.0084));
#15123=CARTESIAN_POINT('',(-0.126804939867621,-0.0114105289332919,0.0084));
#15124=CARTESIAN_POINT('',(-0.126804939867621,-0.00441052893329189,0.0084));
#15125=CARTESIAN_POINT('',(-0.126804939867621,-0.00441052893329189,-0.0016));
#15126=CARTESIAN_POINT('',(-0.133804939867621,-0.0184105289332918,-0.0016));
#15127=CARTESIAN_POINT('',(-0.140804939867621,-0.0184105289332918,-0.0016));
#15128=CARTESIAN_POINT('',(-0.140804939867621,-0.0184105289332918,0.0064));
#15129=CARTESIAN_POINT('',(-0.140804939867621,-0.0184105289332918,0.0084));
#15130=CARTESIAN_POINT('',(-0.133804939867621,-0.0184105289332918,0.0084));
#15131=CARTESIAN_POINT('',(0.,-0.0184105289332918,0.0064));
#15132=CARTESIAN_POINT('',(-0.140804939867621,-0.0114105289332919,-0.0016));
#15133=CARTESIAN_POINT('',(-0.140804939867621,-0.00441052893329189,-0.0016));
#15134=CARTESIAN_POINT('',(-0.140804939867621,-0.00441052893329189,0.0064));
#15135=CARTESIAN_POINT('',(-0.140804939867621,-0.00441052893329189,0.0084));
#15136=CARTESIAN_POINT('',(-0.140804939867621,-0.0114105289332919,0.0084));
#15137=CARTESIAN_POINT('',(-0.140804939867621,0.,0.0064));
#15138=CARTESIAN_POINT('',(-0.133804939867621,-0.00441052893329189,-0.0016));
#15139=CARTESIAN_POINT('',(0.,-0.00441052893329189,0.0064));
#15140=CARTESIAN_POINT('',(-0.133804939867621,-0.00441052893329189,0.0084));
#15141=CARTESIAN_POINT('',(-0.16620493986762,0.0281894710667081,-0.0016));
#15142=CARTESIAN_POINT('',(-0.16620493986762,0.,0.0064));
#15143=CARTESIAN_POINT('',(-0.16620493986762,0.0351894710667081,0.0064));
#15144=CARTESIAN_POINT('',(-0.16620493986762,0.0211894710667082,0.0064));
#15145=CARTESIAN_POINT('',(-0.16620493986762,0.0211894710667082,-0.0016));
#15146=CARTESIAN_POINT('',(-0.16620493986762,0.0211894710667082,0.0084));
#15147=CARTESIAN_POINT('',(-0.16620493986762,0.0281894710667081,0.0084));
#15148=CARTESIAN_POINT('',(-0.16620493986762,0.0351894710667081,0.0084));
#15149=CARTESIAN_POINT('',(-0.16620493986762,0.0351894710667081,-0.0016));
#15150=CARTESIAN_POINT('',(-0.173204939867621,0.0211894710667082,-0.0016));
#15151=CARTESIAN_POINT('',(-0.18020493986762,0.0211894710667082,-0.0016));
#15152=CARTESIAN_POINT('',(-0.18020493986762,0.0211894710667082,0.0064));
#15153=CARTESIAN_POINT('',(-0.18020493986762,0.0211894710667082,0.0084));
#15154=CARTESIAN_POINT('',(-0.173204939867621,0.0211894710667082,0.0084));
#15155=CARTESIAN_POINT('',(0.,0.0211894710667082,0.0064));
#15156=CARTESIAN_POINT('',(-0.18020493986762,0.0281894710667081,-0.0016));
#15157=CARTESIAN_POINT('',(-0.18020493986762,0.0351894710667081,-0.0016));
#15158=CARTESIAN_POINT('',(-0.18020493986762,0.0351894710667081,0.0064));
#15159=CARTESIAN_POINT('',(-0.18020493986762,0.0351894710667081,0.0084));
#15160=CARTESIAN_POINT('',(-0.18020493986762,0.0281894710667081,0.0084));
#15161=CARTESIAN_POINT('',(-0.18020493986762,0.,0.0064));
#15162=CARTESIAN_POINT('',(-0.173204939867621,0.0351894710667081,-0.0016));
#15163=CARTESIAN_POINT('',(0.,0.0351894710667081,0.0064));
#15164=CARTESIAN_POINT('',(-0.173204939867621,0.0351894710667081,0.0084));
#15165=CARTESIAN_POINT('',(-0.16620493986762,-0.0114105289332919,-0.0016));
#15166=CARTESIAN_POINT('',(-0.16620493986762,0.,0.0064));
#15167=CARTESIAN_POINT('',(-0.16620493986762,-0.00441052893329189,0.0064));
#15168=CARTESIAN_POINT('',(-0.16620493986762,-0.0184105289332918,0.0064));
#15169=CARTESIAN_POINT('',(-0.16620493986762,-0.0184105289332918,-0.0016));
#15170=CARTESIAN_POINT('',(-0.16620493986762,-0.0184105289332918,0.0084));
#15171=CARTESIAN_POINT('',(-0.16620493986762,-0.0114105289332919,0.0084));
#15172=CARTESIAN_POINT('',(-0.16620493986762,-0.00441052893329189,0.0084));
#15173=CARTESIAN_POINT('',(-0.16620493986762,-0.00441052893329189,-0.0016));
#15174=CARTESIAN_POINT('',(-0.173204939867621,-0.0184105289332918,-0.0016));
#15175=CARTESIAN_POINT('',(-0.18020493986762,-0.0184105289332918,-0.0016));
#15176=CARTESIAN_POINT('',(-0.18020493986762,-0.0184105289332918,0.0064));
#15177=CARTESIAN_POINT('',(-0.18020493986762,-0.0184105289332918,0.0084));
#15178=CARTESIAN_POINT('',(-0.173204939867621,-0.0184105289332918,0.0084));
#15179=CARTESIAN_POINT('',(0.,-0.0184105289332918,0.0064));
#15180=CARTESIAN_POINT('',(-0.18020493986762,-0.0114105289332919,-0.0016));
#15181=CARTESIAN_POINT('',(-0.18020493986762,-0.00441052893329189,-0.0016));
#15182=CARTESIAN_POINT('',(-0.18020493986762,-0.00441052893329189,0.0064));
#15183=CARTESIAN_POINT('',(-0.18020493986762,-0.00441052893329189,0.0084));
#15184=CARTESIAN_POINT('',(-0.18020493986762,-0.0114105289332919,0.0084));
#15185=CARTESIAN_POINT('',(-0.18020493986762,0.,0.0064));
#15186=CARTESIAN_POINT('',(-0.173204939867621,-0.00441052893329189,-0.0016));
#15187=CARTESIAN_POINT('',(0.,-0.00441052893329189,0.0064));
#15188=CARTESIAN_POINT('',(-0.173204939867621,-0.00441052893329189,0.0084));
#15189=CARTESIAN_POINT('',(-0.146504939867621,0.00838947106670811,-0.0016));
#15190=CARTESIAN_POINT('',(-0.146504939867621,0.,0.0064));
#15191=CARTESIAN_POINT('',(-0.146504939867621,0.0153894710667081,0.0064));
#15192=CARTESIAN_POINT('',(-0.146504939867621,0.00138947106670813,0.0064));
#15193=CARTESIAN_POINT('',(-0.146504939867621,0.00138947106670813,-0.0016));
#15194=CARTESIAN_POINT('',(-0.146504939867621,0.00138947106670813,0.0084));
#15195=CARTESIAN_POINT('',(-0.146504939867621,0.00838947106670811,0.0084));
#15196=CARTESIAN_POINT('',(-0.146504939867621,0.0153894710667081,0.0084));
#15197=CARTESIAN_POINT('',(-0.146504939867621,0.0153894710667081,-0.0016));
#15198=CARTESIAN_POINT('',(-0.15350493986762,0.00138947106670813,-0.0016));
#15199=CARTESIAN_POINT('',(-0.16050493986762,0.00138947106670813,-0.0016));
#15200=CARTESIAN_POINT('',(-0.16050493986762,0.00138947106670813,0.0064));
#15201=CARTESIAN_POINT('',(-0.16050493986762,0.00138947106670813,0.0084));
#15202=CARTESIAN_POINT('',(-0.15350493986762,0.00138947106670813,0.0084));
#15203=CARTESIAN_POINT('',(0.,0.00138947106670813,0.0064));
#15204=CARTESIAN_POINT('',(-0.16050493986762,0.00838947106670811,-0.0016));
#15205=CARTESIAN_POINT('',(-0.16050493986762,0.0153894710667081,-0.0016));
#15206=CARTESIAN_POINT('',(-0.16050493986762,0.0153894710667081,0.0064));
#15207=CARTESIAN_POINT('',(-0.16050493986762,0.0153894710667081,0.0084));
#15208=CARTESIAN_POINT('',(-0.16050493986762,0.00838947106670811,0.0084));
#15209=CARTESIAN_POINT('',(-0.16050493986762,0.,0.0064));
#15210=CARTESIAN_POINT('',(-0.15350493986762,0.0153894710667081,-0.0016));
#15211=CARTESIAN_POINT('',(0.,0.0153894710667081,0.0064));
#15212=CARTESIAN_POINT('',(-0.15350493986762,0.0153894710667081,0.0084));
#15213=CARTESIAN_POINT('',(-0.146504939867621,0.0479894710667081,-0.0016));
#15214=CARTESIAN_POINT('',(-0.146504939867621,0.,0.0064));
#15215=CARTESIAN_POINT('',(-0.146504939867621,0.0549894710667081,0.0064));
#15216=CARTESIAN_POINT('',(-0.146504939867621,0.0409894710667082,0.0064));
#15217=CARTESIAN_POINT('',(-0.146504939867621,0.0409894710667082,-0.0016));
#15218=CARTESIAN_POINT('',(-0.146504939867621,0.0409894710667082,0.0084));
#15219=CARTESIAN_POINT('',(-0.146504939867621,0.0479894710667081,0.0084));
#15220=CARTESIAN_POINT('',(-0.146504939867621,0.0549894710667081,0.0084));
#15221=CARTESIAN_POINT('',(-0.146504939867621,0.0549894710667081,-0.0016));
#15222=CARTESIAN_POINT('',(-0.15350493986762,0.0409894710667082,-0.0016));
#15223=CARTESIAN_POINT('',(-0.16050493986762,0.0409894710667082,-0.0016));
#15224=CARTESIAN_POINT('',(-0.16050493986762,0.0409894710667082,0.0064));
#15225=CARTESIAN_POINT('',(-0.16050493986762,0.0409894710667082,0.0084));
#15226=CARTESIAN_POINT('',(-0.15350493986762,0.0409894710667082,0.0084));
#15227=CARTESIAN_POINT('',(0.,0.0409894710667082,0.0064));
#15228=CARTESIAN_POINT('',(-0.16050493986762,0.0479894710667081,-0.0016));
#15229=CARTESIAN_POINT('',(-0.16050493986762,0.0549894710667081,-0.0016));
#15230=CARTESIAN_POINT('',(-0.16050493986762,0.0549894710667081,0.0064));
#15231=CARTESIAN_POINT('',(-0.16050493986762,0.0549894710667081,0.0084));
#15232=CARTESIAN_POINT('',(-0.16050493986762,0.0479894710667081,0.0084));
#15233=CARTESIAN_POINT('',(-0.16050493986762,0.,0.0064));
#15234=CARTESIAN_POINT('',(-0.15350493986762,0.0549894710667081,-0.0016));
#15235=CARTESIAN_POINT('',(0.,0.0549894710667081,0.0064));
#15236=CARTESIAN_POINT('',(-0.15350493986762,0.0549894710667081,0.0084));
#15237=CARTESIAN_POINT('',(-0.0677049398676207,0.0479894710667081,-0.0016));
#15238=CARTESIAN_POINT('',(-0.0677049398676207,0.,0.0064));
#15239=CARTESIAN_POINT('',(-0.0677049398676207,0.0549894710667081,0.0064));
#15240=CARTESIAN_POINT('',(-0.0677049398676207,0.0409894710667082,0.0064));
#15241=CARTESIAN_POINT('',(-0.0677049398676207,0.0409894710667082,-0.0016));
#15242=CARTESIAN_POINT('',(-0.0677049398676207,0.0409894710667082,0.0084));
#15243=CARTESIAN_POINT('',(-0.0677049398676207,0.0479894710667081,0.0084));
#15244=CARTESIAN_POINT('',(-0.0677049398676207,0.0549894710667081,0.0084));
#15245=CARTESIAN_POINT('',(-0.0677049398676207,0.0549894710667081,-0.0016));
#15246=CARTESIAN_POINT('',(-0.0747049398676207,0.0409894710667082,-0.0016));
#15247=CARTESIAN_POINT('',(-0.0817049398676207,0.0409894710667082,-0.0016));
#15248=CARTESIAN_POINT('',(-0.0817049398676207,0.0409894710667082,0.0064));
#15249=CARTESIAN_POINT('',(-0.0817049398676207,0.0409894710667082,0.0084));
#15250=CARTESIAN_POINT('',(-0.0747049398676207,0.0409894710667082,0.0084));
#15251=CARTESIAN_POINT('',(0.,0.0409894710667082,0.0064));
#15252=CARTESIAN_POINT('',(-0.0817049398676207,0.0479894710667081,-0.0016));
#15253=CARTESIAN_POINT('',(-0.0817049398676207,0.0549894710667081,-0.0016));
#15254=CARTESIAN_POINT('',(-0.0817049398676207,0.0549894710667081,0.0064));
#15255=CARTESIAN_POINT('',(-0.0817049398676207,0.0549894710667081,0.0084));
#15256=CARTESIAN_POINT('',(-0.0817049398676207,0.0479894710667081,0.0084));
#15257=CARTESIAN_POINT('',(-0.0817049398676207,0.,0.0064));
#15258=CARTESIAN_POINT('',(-0.0747049398676207,0.0549894710667081,-0.0016));
#15259=CARTESIAN_POINT('',(0.,0.0549894710667081,0.0064));
#15260=CARTESIAN_POINT('',(-0.0747049398676207,0.0549894710667081,0.0084));
#15261=CARTESIAN_POINT('',(-0.0874049398676207,-0.0114105289332919,-0.0016));
#15262=CARTESIAN_POINT('',(-0.0874049398676207,0.,0.0064));
#15263=CARTESIAN_POINT('',(-0.0874049398676207,-0.00441052893329189,0.0064));
#15264=CARTESIAN_POINT('',(-0.0874049398676207,-0.0184105289332918,0.0064));
#15265=CARTESIAN_POINT('',(-0.0874049398676207,-0.0184105289332918,-0.0016));
#15266=CARTESIAN_POINT('',(-0.0874049398676207,-0.0184105289332918,0.0084));
#15267=CARTESIAN_POINT('',(-0.0874049398676207,-0.0114105289332919,0.0084));
#15268=CARTESIAN_POINT('',(-0.0874049398676207,-0.00441052893329189,0.0084));
#15269=CARTESIAN_POINT('',(-0.0874049398676207,-0.00441052893329189,-0.0016));
#15270=CARTESIAN_POINT('',(-0.0944049398676207,-0.0184105289332918,-0.0016));
#15271=CARTESIAN_POINT('',(-0.101404939867621,-0.0184105289332918,-0.0016));
#15272=CARTESIAN_POINT('',(-0.101404939867621,-0.0184105289332918,0.0064));
#15273=CARTESIAN_POINT('',(-0.101404939867621,-0.0184105289332918,0.0084));
#15274=CARTESIAN_POINT('',(-0.0944049398676207,-0.0184105289332918,0.0084));
#15275=CARTESIAN_POINT('',(0.,-0.0184105289332918,0.0064));
#15276=CARTESIAN_POINT('',(-0.101404939867621,-0.0114105289332919,-0.0016));
#15277=CARTESIAN_POINT('',(-0.101404939867621,-0.00441052893329189,-0.0016));
#15278=CARTESIAN_POINT('',(-0.101404939867621,-0.00441052893329189,0.0064));
#15279=CARTESIAN_POINT('',(-0.101404939867621,-0.00441052893329189,0.0084));
#15280=CARTESIAN_POINT('',(-0.101404939867621,-0.0114105289332919,0.0084));
#15281=CARTESIAN_POINT('',(-0.101404939867621,0.,0.0064));
#15282=CARTESIAN_POINT('',(-0.0944049398676207,-0.00441052893329189,-0.0016));
#15283=CARTESIAN_POINT('',(0.,-0.00441052893329189,0.0064));
#15284=CARTESIAN_POINT('',(-0.0944049398676207,-0.00441052893329189,0.0084));
#15285=CARTESIAN_POINT('',(-0.0677049398676207,0.0281894710667081,-0.0016));
#15286=CARTESIAN_POINT('',(-0.0677049398676207,0.,0.0064));
#15287=CARTESIAN_POINT('',(-0.0677049398676207,0.0351894710667081,0.0064));
#15288=CARTESIAN_POINT('',(-0.0677049398676207,0.0211894710667082,0.0064));
#15289=CARTESIAN_POINT('',(-0.0677049398676207,0.0211894710667082,-0.0016));
#15290=CARTESIAN_POINT('',(-0.0677049398676207,0.0211894710667082,0.0084));
#15291=CARTESIAN_POINT('',(-0.0677049398676207,0.0281894710667081,0.0084));
#15292=CARTESIAN_POINT('',(-0.0677049398676207,0.0351894710667081,0.0084));
#15293=CARTESIAN_POINT('',(-0.0677049398676207,0.0351894710667081,-0.0016));
#15294=CARTESIAN_POINT('',(-0.0747049398676207,0.0211894710667082,-0.0016));
#15295=CARTESIAN_POINT('',(-0.0817049398676207,0.0211894710667082,-0.0016));
#15296=CARTESIAN_POINT('',(-0.0817049398676207,0.0211894710667082,0.0064));
#15297=CARTESIAN_POINT('',(-0.0817049398676207,0.0211894710667082,0.0084));
#15298=CARTESIAN_POINT('',(-0.0747049398676207,0.0211894710667082,0.0084));
#15299=CARTESIAN_POINT('',(0.,0.0211894710667082,0.0064));
#15300=CARTESIAN_POINT('',(-0.0817049398676207,0.0281894710667081,-0.0016));
#15301=CARTESIAN_POINT('',(-0.0817049398676207,0.0351894710667081,-0.0016));
#15302=CARTESIAN_POINT('',(-0.0817049398676207,0.0351894710667081,0.0064));
#15303=CARTESIAN_POINT('',(-0.0817049398676207,0.0351894710667081,0.0084));
#15304=CARTESIAN_POINT('',(-0.0817049398676207,0.0281894710667081,0.0084));
#15305=CARTESIAN_POINT('',(-0.0817049398676207,0.,0.0064));
#15306=CARTESIAN_POINT('',(-0.0747049398676207,0.0351894710667081,-0.0016));
#15307=CARTESIAN_POINT('',(0.,0.0351894710667081,0.0064));
#15308=CARTESIAN_POINT('',(-0.0747049398676207,0.0351894710667081,0.0084));
#15309=CARTESIAN_POINT('',(-0.0677049398676207,-0.0114105289332919,-0.0016));
#15310=CARTESIAN_POINT('',(-0.0677049398676207,0.,0.0064));
#15311=CARTESIAN_POINT('',(-0.0677049398676207,-0.00441052893329189,0.0064));
#15312=CARTESIAN_POINT('',(-0.0677049398676207,-0.0184105289332918,0.0064));
#15313=CARTESIAN_POINT('',(-0.0677049398676207,-0.0184105289332918,-0.0016));
#15314=CARTESIAN_POINT('',(-0.0677049398676207,-0.0184105289332918,0.0084));
#15315=CARTESIAN_POINT('',(-0.0677049398676207,-0.0114105289332919,0.0084));
#15316=CARTESIAN_POINT('',(-0.0677049398676207,-0.00441052893329189,0.0084));
#15317=CARTESIAN_POINT('',(-0.0677049398676207,-0.00441052893329189,-0.0016));
#15318=CARTESIAN_POINT('',(-0.0747049398676207,-0.0184105289332918,-0.0016));
#15319=CARTESIAN_POINT('',(-0.0817049398676207,-0.0184105289332918,-0.0016));
#15320=CARTESIAN_POINT('',(-0.0817049398676207,-0.0184105289332918,0.0064));
#15321=CARTESIAN_POINT('',(-0.0817049398676207,-0.0184105289332918,0.0084));
#15322=CARTESIAN_POINT('',(-0.0747049398676207,-0.0184105289332918,0.0084));
#15323=CARTESIAN_POINT('',(0.,-0.0184105289332918,0.0064));
#15324=CARTESIAN_POINT('',(-0.0817049398676207,-0.0114105289332919,-0.0016));
#15325=CARTESIAN_POINT('',(-0.0817049398676207,-0.00441052893329189,-0.0016));
#15326=CARTESIAN_POINT('',(-0.0817049398676207,-0.00441052893329189,0.0064));
#15327=CARTESIAN_POINT('',(-0.0817049398676207,-0.00441052893329189,0.0084));
#15328=CARTESIAN_POINT('',(-0.0817049398676207,-0.0114105289332919,0.0084));
#15329=CARTESIAN_POINT('',(-0.0817049398676207,0.,0.0064));
#15330=CARTESIAN_POINT('',(-0.0747049398676207,-0.00441052893329189,-0.0016));
#15331=CARTESIAN_POINT('',(0.,-0.00441052893329189,0.0064));
#15332=CARTESIAN_POINT('',(-0.0747049398676207,-0.00441052893329189,0.0084));
#15333=CARTESIAN_POINT('',(-0.107104939867621,0.00838947106670811,-0.0016));
#15334=CARTESIAN_POINT('',(-0.107104939867621,0.,0.0064));
#15335=CARTESIAN_POINT('',(-0.107104939867621,0.0153894710667081,0.0064));
#15336=CARTESIAN_POINT('',(-0.107104939867621,0.00138947106670813,0.0064));
#15337=CARTESIAN_POINT('',(-0.107104939867621,0.00138947106670813,-0.0016));
#15338=CARTESIAN_POINT('',(-0.107104939867621,0.00138947106670813,0.0084));
#15339=CARTESIAN_POINT('',(-0.107104939867621,0.00838947106670811,0.0084));
#15340=CARTESIAN_POINT('',(-0.107104939867621,0.0153894710667081,0.0084));
#15341=CARTESIAN_POINT('',(-0.107104939867621,0.0153894710667081,-0.0016));
#15342=CARTESIAN_POINT('',(-0.114104939867621,0.00138947106670813,-0.0016));
#15343=CARTESIAN_POINT('',(-0.121104939867621,0.00138947106670813,-0.0016));
#15344=CARTESIAN_POINT('',(-0.121104939867621,0.00138947106670813,0.0064));
#15345=CARTESIAN_POINT('',(-0.121104939867621,0.00138947106670813,0.0084));
#15346=CARTESIAN_POINT('',(-0.114104939867621,0.00138947106670813,0.0084));
#15347=CARTESIAN_POINT('',(0.,0.00138947106670813,0.0064));
#15348=CARTESIAN_POINT('',(-0.121104939867621,0.00838947106670811,-0.0016));
#15349=CARTESIAN_POINT('',(-0.121104939867621,0.0153894710667081,-0.0016));
#15350=CARTESIAN_POINT('',(-0.121104939867621,0.0153894710667081,0.0064));
#15351=CARTESIAN_POINT('',(-0.121104939867621,0.0153894710667081,0.0084));
#15352=CARTESIAN_POINT('',(-0.121104939867621,0.00838947106670811,0.0084));
#15353=CARTESIAN_POINT('',(-0.121104939867621,0.,0.0064));
#15354=CARTESIAN_POINT('',(-0.114104939867621,0.0153894710667081,-0.0016));
#15355=CARTESIAN_POINT('',(0.,0.0153894710667081,0.0064));
#15356=CARTESIAN_POINT('',(-0.114104939867621,0.0153894710667081,0.0084));
#15357=CARTESIAN_POINT('',(-0.107104939867621,0.0479894710667081,-0.0016));
#15358=CARTESIAN_POINT('',(-0.107104939867621,0.,0.0064));
#15359=CARTESIAN_POINT('',(-0.107104939867621,0.0549894710667081,0.0064));
#15360=CARTESIAN_POINT('',(-0.107104939867621,0.0409894710667082,0.0064));
#15361=CARTESIAN_POINT('',(-0.107104939867621,0.0409894710667082,-0.0016));
#15362=CARTESIAN_POINT('',(-0.107104939867621,0.0409894710667082,0.0084));
#15363=CARTESIAN_POINT('',(-0.107104939867621,0.0479894710667081,0.0084));
#15364=CARTESIAN_POINT('',(-0.107104939867621,0.0549894710667081,0.0084));
#15365=CARTESIAN_POINT('',(-0.107104939867621,0.0549894710667081,-0.0016));
#15366=CARTESIAN_POINT('',(-0.114104939867621,0.0409894710667082,-0.0016));
#15367=CARTESIAN_POINT('',(-0.121104939867621,0.0409894710667082,-0.0016));
#15368=CARTESIAN_POINT('',(-0.121104939867621,0.0409894710667082,0.0064));
#15369=CARTESIAN_POINT('',(-0.121104939867621,0.0409894710667082,0.0084));
#15370=CARTESIAN_POINT('',(-0.114104939867621,0.0409894710667082,0.0084));
#15371=CARTESIAN_POINT('',(0.,0.0409894710667082,0.0064));
#15372=CARTESIAN_POINT('',(-0.121104939867621,0.0479894710667081,-0.0016));
#15373=CARTESIAN_POINT('',(-0.121104939867621,0.0549894710667081,-0.0016));
#15374=CARTESIAN_POINT('',(-0.121104939867621,0.0549894710667081,0.0064));
#15375=CARTESIAN_POINT('',(-0.121104939867621,0.0549894710667081,0.0084));
#15376=CARTESIAN_POINT('',(-0.121104939867621,0.0479894710667081,0.0084));
#15377=CARTESIAN_POINT('',(-0.121104939867621,0.,0.0064));
#15378=CARTESIAN_POINT('',(-0.114104939867621,0.0549894710667081,-0.0016));
#15379=CARTESIAN_POINT('',(0.,0.0549894710667081,0.0064));
#15380=CARTESIAN_POINT('',(-0.114104939867621,0.0549894710667081,0.0084));
#15381=CARTESIAN_POINT('',(-0.107104939867621,-0.0114105289332919,-0.0016));
#15382=CARTESIAN_POINT('',(-0.107104939867621,0.,0.0064));
#15383=CARTESIAN_POINT('',(-0.107104939867621,-0.00441052893329189,0.0064));
#15384=CARTESIAN_POINT('',(-0.107104939867621,-0.0184105289332918,0.0064));
#15385=CARTESIAN_POINT('',(-0.107104939867621,-0.0184105289332918,-0.0016));
#15386=CARTESIAN_POINT('',(-0.107104939867621,-0.0184105289332918,0.0084));
#15387=CARTESIAN_POINT('',(-0.107104939867621,-0.0114105289332919,0.0084));
#15388=CARTESIAN_POINT('',(-0.107104939867621,-0.00441052893329189,0.0084));
#15389=CARTESIAN_POINT('',(-0.107104939867621,-0.00441052893329189,-0.0016));
#15390=CARTESIAN_POINT('',(-0.114104939867621,-0.0184105289332918,-0.0016));
#15391=CARTESIAN_POINT('',(-0.121104939867621,-0.0184105289332918,-0.0016));
#15392=CARTESIAN_POINT('',(-0.121104939867621,-0.0184105289332918,0.0064));
#15393=CARTESIAN_POINT('',(-0.121104939867621,-0.0184105289332918,0.0084));
#15394=CARTESIAN_POINT('',(-0.114104939867621,-0.0184105289332918,0.0084));
#15395=CARTESIAN_POINT('',(0.,-0.0184105289332918,0.0064));
#15396=CARTESIAN_POINT('',(-0.121104939867621,-0.0114105289332919,-0.0016));
#15397=CARTESIAN_POINT('',(-0.121104939867621,-0.00441052893329189,-0.0016));
#15398=CARTESIAN_POINT('',(-0.121104939867621,-0.00441052893329189,0.0064));
#15399=CARTESIAN_POINT('',(-0.121104939867621,-0.00441052893329189,0.0084));
#15400=CARTESIAN_POINT('',(-0.121104939867621,-0.0114105289332919,0.0084));
#15401=CARTESIAN_POINT('',(-0.121104939867621,0.,0.0064));
#15402=CARTESIAN_POINT('',(-0.114104939867621,-0.00441052893329189,-0.0016));
#15403=CARTESIAN_POINT('',(0.,-0.00441052893329189,0.0064));
#15404=CARTESIAN_POINT('',(-0.114104939867621,-0.00441052893329189,0.0084));
#15405=CARTESIAN_POINT('',(-0.0874049398676207,0.0479894710667081,-0.0016));
#15406=CARTESIAN_POINT('',(-0.0874049398676207,0.,0.0064));
#15407=CARTESIAN_POINT('',(-0.0874049398676207,0.0549894710667081,0.0064));
#15408=CARTESIAN_POINT('',(-0.0874049398676207,0.0409894710667082,0.0064));
#15409=CARTESIAN_POINT('',(-0.0874049398676207,0.0409894710667082,-0.0016));
#15410=CARTESIAN_POINT('',(-0.0874049398676207,0.0409894710667082,0.0084));
#15411=CARTESIAN_POINT('',(-0.0874049398676207,0.0479894710667081,0.0084));
#15412=CARTESIAN_POINT('',(-0.0874049398676207,0.0549894710667081,0.0084));
#15413=CARTESIAN_POINT('',(-0.0874049398676207,0.0549894710667081,-0.0016));
#15414=CARTESIAN_POINT('',(-0.0944049398676207,0.0409894710667082,-0.0016));
#15415=CARTESIAN_POINT('',(-0.101404939867621,0.0409894710667082,-0.0016));
#15416=CARTESIAN_POINT('',(-0.101404939867621,0.0409894710667082,0.0064));
#15417=CARTESIAN_POINT('',(-0.101404939867621,0.0409894710667082,0.0084));
#15418=CARTESIAN_POINT('',(-0.0944049398676207,0.0409894710667082,0.0084));
#15419=CARTESIAN_POINT('',(0.,0.0409894710667082,0.0064));
#15420=CARTESIAN_POINT('',(-0.101404939867621,0.0479894710667081,-0.0016));
#15421=CARTESIAN_POINT('',(-0.101404939867621,0.0549894710667081,-0.0016));
#15422=CARTESIAN_POINT('',(-0.101404939867621,0.0549894710667081,0.0064));
#15423=CARTESIAN_POINT('',(-0.101404939867621,0.0549894710667081,0.0084));
#15424=CARTESIAN_POINT('',(-0.101404939867621,0.0479894710667081,0.0084));
#15425=CARTESIAN_POINT('',(-0.101404939867621,0.,0.0064));
#15426=CARTESIAN_POINT('',(-0.0944049398676207,0.0549894710667081,-0.0016));
#15427=CARTESIAN_POINT('',(0.,0.0549894710667081,0.0064));
#15428=CARTESIAN_POINT('',(-0.0944049398676207,0.0549894710667081,0.0084));
#15429=CARTESIAN_POINT('',(-0.0086049398676207,0.0281894710667081,-0.0016));
#15430=CARTESIAN_POINT('',(-0.00860493986762071,2.13245588539006E-18,0.0064));
#15431=CARTESIAN_POINT('',(-0.0086049398676207,0.0351894710667081,0.0064));
#15432=CARTESIAN_POINT('',(-0.0086049398676207,0.0211894710667082,0.0064));
#15433=CARTESIAN_POINT('',(-0.0086049398676207,0.0211894710667082,-0.0016));
#15434=CARTESIAN_POINT('',(-0.0086049398676207,0.0211894710667082,0.0084));
#15435=CARTESIAN_POINT('',(-0.0086049398676207,0.0281894710667081,0.0084));
#15436=CARTESIAN_POINT('',(-0.0086049398676207,0.0351894710667081,0.0084));
#15437=CARTESIAN_POINT('',(-0.0086049398676207,0.0351894710667081,-0.0016));
#15438=CARTESIAN_POINT('',(-0.0156049398676207,0.0211894710667082,-0.0016));
#15439=CARTESIAN_POINT('',(-0.0226049398676207,0.0211894710667082,-0.0016));
#15440=CARTESIAN_POINT('',(-0.0226049398676207,0.0211894710667082,0.0064));
#15441=CARTESIAN_POINT('',(-0.0226049398676207,0.0211894710667082,0.0084));
#15442=CARTESIAN_POINT('',(-0.0156049398676207,0.0211894710667082,0.0084));
#15443=CARTESIAN_POINT('',(0.,0.0211894710667082,0.0064));
#15444=CARTESIAN_POINT('',(-0.0226049398676207,0.0281894710667081,-0.0016));
#15445=CARTESIAN_POINT('',(-0.0226049398676207,0.0351894710667081,-0.0016));
#15446=CARTESIAN_POINT('',(-0.0226049398676207,0.0351894710667081,0.0064));
#15447=CARTESIAN_POINT('',(-0.0226049398676207,0.0351894710667081,0.0084));
#15448=CARTESIAN_POINT('',(-0.0226049398676207,0.0281894710667081,0.0084));
#15449=CARTESIAN_POINT('',(-0.0226049398676207,0.,0.0064));
#15450=CARTESIAN_POINT('',(-0.0156049398676207,0.0351894710667081,-0.0016));
#15451=CARTESIAN_POINT('',(0.,0.0351894710667081,0.0064));
#15452=CARTESIAN_POINT('',(-0.0156049398676207,0.0351894710667081,0.0084));
#15453=CARTESIAN_POINT('',(-0.0086049398676207,-0.0114105289332919,-0.0016));
#15454=CARTESIAN_POINT('',(-0.0086049398676207,2.13245588539006E-18,0.0064));
#15455=CARTESIAN_POINT('',(-0.0086049398676207,-0.00441052893329189,0.0064));
#15456=CARTESIAN_POINT('',(-0.0086049398676207,-0.0184105289332918,0.0064));
#15457=CARTESIAN_POINT('',(-0.0086049398676207,-0.0184105289332918,-0.0016));
#15458=CARTESIAN_POINT('',(-0.0086049398676207,-0.0184105289332918,0.0084));
#15459=CARTESIAN_POINT('',(-0.0086049398676207,-0.0114105289332919,0.0084));
#15460=CARTESIAN_POINT('',(-0.0086049398676207,-0.00441052893329189,0.0084));
#15461=CARTESIAN_POINT('',(-0.0086049398676207,-0.00441052893329189,-0.0016));
#15462=CARTESIAN_POINT('',(-0.0156049398676207,-0.0184105289332918,-0.0016));
#15463=CARTESIAN_POINT('',(-0.0226049398676207,-0.0184105289332918,-0.0016));
#15464=CARTESIAN_POINT('',(-0.0226049398676207,-0.0184105289332918,0.0064));
#15465=CARTESIAN_POINT('',(-0.0226049398676207,-0.0184105289332918,0.0084));
#15466=CARTESIAN_POINT('',(-0.0156049398676207,-0.0184105289332918,0.0084));
#15467=CARTESIAN_POINT('',(0.,-0.0184105289332918,0.0064));
#15468=CARTESIAN_POINT('',(-0.0226049398676207,-0.0114105289332919,-0.0016));
#15469=CARTESIAN_POINT('',(-0.0226049398676207,-0.00441052893329189,-0.0016));
#15470=CARTESIAN_POINT('',(-0.0226049398676207,-0.00441052893329189,0.0064));
#15471=CARTESIAN_POINT('',(-0.0226049398676207,-0.00441052893329189,0.0084));
#15472=CARTESIAN_POINT('',(-0.0226049398676207,-0.0114105289332919,0.0084));
#15473=CARTESIAN_POINT('',(-0.0226049398676207,0.,0.0064));
#15474=CARTESIAN_POINT('',(-0.0156049398676207,-0.00441052893329189,-0.0016));
#15475=CARTESIAN_POINT('',(0.,-0.00441052893329189,0.0064));
#15476=CARTESIAN_POINT('',(-0.0156049398676207,-0.00441052893329189,0.0084));
#15477=CARTESIAN_POINT('',(-0.16620493986762,0.0479894710667081,-0.0016));
#15478=CARTESIAN_POINT('',(-0.16620493986762,0.,0.0064));
#15479=CARTESIAN_POINT('',(-0.16620493986762,0.0549894710667081,0.0064));
#15480=CARTESIAN_POINT('',(-0.16620493986762,0.0409894710667081,0.0064));
#15481=CARTESIAN_POINT('',(-0.16620493986762,0.0409894710667081,-0.0016));
#15482=CARTESIAN_POINT('',(-0.16620493986762,0.0409894710667081,0.0084));
#15483=CARTESIAN_POINT('',(-0.16620493986762,0.0479894710667081,0.0084));
#15484=CARTESIAN_POINT('',(-0.16620493986762,0.0549894710667081,0.0084));
#15485=CARTESIAN_POINT('',(-0.16620493986762,0.0549894710667081,-0.0016));
#15486=CARTESIAN_POINT('',(-0.173204939867621,0.0409894710667082,-0.0016));
#15487=CARTESIAN_POINT('',(-0.18020493986762,0.0409894710667082,-0.0016));
#15488=CARTESIAN_POINT('',(-0.18020493986762,0.0409894710667082,0.0064));
#15489=CARTESIAN_POINT('',(-0.18020493986762,0.0409894710667082,0.0084));
#15490=CARTESIAN_POINT('',(-0.173204939867621,0.0409894710667082,0.0084));
#15491=CARTESIAN_POINT('',(0.,0.0409894710667082,0.0064));
#15492=CARTESIAN_POINT('',(-0.18020493986762,0.0479894710667081,-0.0016));
#15493=CARTESIAN_POINT('',(-0.18020493986762,0.0549894710667081,-0.0016));
#15494=CARTESIAN_POINT('',(-0.18020493986762,0.0549894710667081,0.0064));
#15495=CARTESIAN_POINT('',(-0.18020493986762,0.0549894710667081,0.0084));
#15496=CARTESIAN_POINT('',(-0.18020493986762,0.0479894710667081,0.0084));
#15497=CARTESIAN_POINT('',(-0.18020493986762,0.,0.0064));
#15498=CARTESIAN_POINT('',(-0.173204939867621,0.0549894710667081,-0.0016));
#15499=CARTESIAN_POINT('',(0.,0.0549894710667081,0.0064));
#15500=CARTESIAN_POINT('',(-0.173204939867621,0.0549894710667081,0.0084));
#15501=CARTESIAN_POINT('',(-0.0086049398676207,-0.0312105289332919,-0.0016));
#15502=CARTESIAN_POINT('',(-0.00860493986762069,2.13245588539006E-18,0.0064));
#15503=CARTESIAN_POINT('',(-0.0086049398676207,-0.0242105289332919,0.0064));
#15504=CARTESIAN_POINT('',(-0.0086049398676207,-0.0382105289332918,0.0064));
#15505=CARTESIAN_POINT('',(-0.0086049398676207,-0.0382105289332918,-0.0016));
#15506=CARTESIAN_POINT('',(-0.0086049398676207,-0.0382105289332918,0.0084));
#15507=CARTESIAN_POINT('',(-0.0086049398676207,-0.0312105289332919,0.0084));
#15508=CARTESIAN_POINT('',(-0.0086049398676207,-0.0242105289332919,0.0084));
#15509=CARTESIAN_POINT('',(-0.0086049398676207,-0.0242105289332919,-0.0016));
#15510=CARTESIAN_POINT('',(-0.0156049398676207,-0.0382105289332918,-0.0016));
#15511=CARTESIAN_POINT('',(-0.0226049398676207,-0.0382105289332918,-0.0016));
#15512=CARTESIAN_POINT('',(-0.0226049398676207,-0.0382105289332918,0.0064));
#15513=CARTESIAN_POINT('',(-0.0226049398676207,-0.0382105289332918,0.0084));
#15514=CARTESIAN_POINT('',(-0.0156049398676207,-0.0382105289332918,0.0084));
#15515=CARTESIAN_POINT('',(0.,-0.0382105289332918,0.0064));
#15516=CARTESIAN_POINT('',(-0.0226049398676207,-0.0312105289332919,-0.0016));
#15517=CARTESIAN_POINT('',(-0.0226049398676207,-0.0242105289332919,-0.0016));
#15518=CARTESIAN_POINT('',(-0.0226049398676207,-0.0242105289332919,0.0064));
#15519=CARTESIAN_POINT('',(-0.0226049398676207,-0.0242105289332919,0.0084));
#15520=CARTESIAN_POINT('',(-0.0226049398676207,-0.0312105289332919,0.0084));
#15521=CARTESIAN_POINT('',(-0.0226049398676207,0.,0.0064));
#15522=CARTESIAN_POINT('',(-0.0156049398676207,-0.0242105289332919,-0.0016));
#15523=CARTESIAN_POINT('',(0.,-0.0242105289332919,0.0064));
#15524=CARTESIAN_POINT('',(-0.0156049398676207,-0.0242105289332919,0.0084));
#15525=CARTESIAN_POINT('',(-0.0086049398676207,0.00838947106670811,-0.0016));
#15526=CARTESIAN_POINT('',(-0.0086049398676207,2.13245588539006E-18,0.0064));
#15527=CARTESIAN_POINT('',(-0.0086049398676207,0.0153894710667081,0.0064));
#15528=CARTESIAN_POINT('',(-0.0086049398676207,0.00138947106670813,0.0064));
#15529=CARTESIAN_POINT('',(-0.0086049398676207,0.00138947106670813,-0.0016));
#15530=CARTESIAN_POINT('',(-0.0086049398676207,0.00138947106670813,0.0084));
#15531=CARTESIAN_POINT('',(-0.0086049398676207,0.00838947106670811,0.0084));
#15532=CARTESIAN_POINT('',(-0.0086049398676207,0.0153894710667081,0.0084));
#15533=CARTESIAN_POINT('',(-0.0086049398676207,0.0153894710667081,-0.0016));
#15534=CARTESIAN_POINT('',(-0.0156049398676207,0.00138947106670813,-0.0016));
#15535=CARTESIAN_POINT('',(-0.0226049398676207,0.00138947106670813,-0.0016));
#15536=CARTESIAN_POINT('',(-0.0226049398676207,0.00138947106670813,0.0064));
#15537=CARTESIAN_POINT('',(-0.0226049398676207,0.00138947106670813,0.0084));
#15538=CARTESIAN_POINT('',(-0.0156049398676207,0.00138947106670813,0.0084));
#15539=CARTESIAN_POINT('',(0.,0.00138947106670813,0.0064));
#15540=CARTESIAN_POINT('',(-0.0226049398676207,0.00838947106670811,-0.0016));
#15541=CARTESIAN_POINT('',(-0.0226049398676207,0.0153894710667081,-0.0016));
#15542=CARTESIAN_POINT('',(-0.0226049398676207,0.0153894710667081,0.0064));
#15543=CARTESIAN_POINT('',(-0.0226049398676207,0.0153894710667081,0.0084));
#15544=CARTESIAN_POINT('',(-0.0226049398676207,0.00838947106670811,0.0084));
#15545=CARTESIAN_POINT('',(-0.0226049398676207,0.,0.0064));
#15546=CARTESIAN_POINT('',(-0.0156049398676207,0.0153894710667081,-0.0016));
#15547=CARTESIAN_POINT('',(0.,0.0153894710667081,0.0064));
#15548=CARTESIAN_POINT('',(-0.0156049398676207,0.0153894710667081,0.0084));
#15549=CARTESIAN_POINT('',(-0.0086049398676207,0.0479894710667081,-0.0016));
#15550=CARTESIAN_POINT('',(-0.00860493986762071,2.13245588539006E-18,0.0064));
#15551=CARTESIAN_POINT('',(-0.0086049398676207,0.0549894710667081,0.0064));
#15552=CARTESIAN_POINT('',(-0.0086049398676207,0.0409894710667082,0.0064));
#15553=CARTESIAN_POINT('',(-0.0086049398676207,0.0409894710667082,-0.0016));
#15554=CARTESIAN_POINT('',(-0.0086049398676207,0.0409894710667082,0.0084));
#15555=CARTESIAN_POINT('',(-0.0086049398676207,0.0479894710667081,0.0084));
#15556=CARTESIAN_POINT('',(-0.0086049398676207,0.0549894710667081,0.0084));
#15557=CARTESIAN_POINT('',(-0.0086049398676207,0.0549894710667081,-0.0016));
#15558=CARTESIAN_POINT('',(-0.0156049398676207,0.0409894710667082,-0.0016));
#15559=CARTESIAN_POINT('',(-0.0226049398676207,0.0409894710667082,-0.0016));
#15560=CARTESIAN_POINT('',(-0.0226049398676207,0.0409894710667082,0.0064));
#15561=CARTESIAN_POINT('',(-0.0226049398676207,0.0409894710667082,0.0084));
#15562=CARTESIAN_POINT('',(-0.0156049398676207,0.0409894710667082,0.0084));
#15563=CARTESIAN_POINT('',(0.,0.0409894710667082,0.0064));
#15564=CARTESIAN_POINT('',(-0.0226049398676207,0.0479894710667081,-0.0016));
#15565=CARTESIAN_POINT('',(-0.0226049398676207,0.0549894710667081,-0.0016));
#15566=CARTESIAN_POINT('',(-0.0226049398676207,0.0549894710667081,0.0064));
#15567=CARTESIAN_POINT('',(-0.0226049398676207,0.0549894710667081,0.0084));
#15568=CARTESIAN_POINT('',(-0.0226049398676207,0.0479894710667081,0.0084));
#15569=CARTESIAN_POINT('',(-0.0226049398676207,0.,0.0064));
#15570=CARTESIAN_POINT('',(-0.0156049398676207,0.0549894710667081,-0.0016));
#15571=CARTESIAN_POINT('',(0.,0.0549894710667081,0.0064));
#15572=CARTESIAN_POINT('',(-0.0156049398676207,0.0549894710667081,0.0084));
#15573=CARTESIAN_POINT('',(-0.0874049398676207,0.0281894710667081,-0.0016));
#15574=CARTESIAN_POINT('',(-0.0874049398676207,0.,0.0064));
#15575=CARTESIAN_POINT('',(-0.0874049398676207,0.0351894710667081,0.0064));
#15576=CARTESIAN_POINT('',(-0.0874049398676207,0.0211894710667082,0.0064));
#15577=CARTESIAN_POINT('',(-0.0874049398676207,0.0211894710667082,-0.0016));
#15578=CARTESIAN_POINT('',(-0.0874049398676207,0.0211894710667082,0.0084));
#15579=CARTESIAN_POINT('',(-0.0874049398676207,0.0281894710667081,0.0084));
#15580=CARTESIAN_POINT('',(-0.0874049398676207,0.0351894710667081,0.0084));
#15581=CARTESIAN_POINT('',(-0.0874049398676207,0.0351894710667081,-0.0016));
#15582=CARTESIAN_POINT('',(-0.0944049398676207,0.0211894710667082,-0.0016));
#15583=CARTESIAN_POINT('',(-0.101404939867621,0.0211894710667082,-0.0016));
#15584=CARTESIAN_POINT('',(-0.101404939867621,0.0211894710667082,0.0064));
#15585=CARTESIAN_POINT('',(-0.101404939867621,0.0211894710667082,0.0084));
#15586=CARTESIAN_POINT('',(-0.0944049398676207,0.0211894710667082,0.0084));
#15587=CARTESIAN_POINT('',(0.,0.0211894710667082,0.0064));
#15588=CARTESIAN_POINT('',(-0.101404939867621,0.0281894710667081,-0.0016));
#15589=CARTESIAN_POINT('',(-0.101404939867621,0.0351894710667081,-0.0016));
#15590=CARTESIAN_POINT('',(-0.101404939867621,0.0351894710667081,0.0064));
#15591=CARTESIAN_POINT('',(-0.101404939867621,0.0351894710667081,0.0084));
#15592=CARTESIAN_POINT('',(-0.101404939867621,0.0281894710667081,0.0084));
#15593=CARTESIAN_POINT('',(-0.101404939867621,0.,0.0064));
#15594=CARTESIAN_POINT('',(-0.0944049398676207,0.0351894710667081,-0.0016));
#15595=CARTESIAN_POINT('',(0.,0.0351894710667081,0.0064));
#15596=CARTESIAN_POINT('',(-0.0944049398676207,0.0351894710667081,0.0084));
#15597=CARTESIAN_POINT('',(-0.107104939867621,-0.0312105289332919,-0.0016));
#15598=CARTESIAN_POINT('',(-0.107104939867621,0.,0.0064));
#15599=CARTESIAN_POINT('',(-0.107104939867621,-0.0242105289332919,0.0064));
#15600=CARTESIAN_POINT('',(-0.107104939867621,-0.0382105289332918,0.0064));
#15601=CARTESIAN_POINT('',(-0.107104939867621,-0.0382105289332918,-0.0016));
#15602=CARTESIAN_POINT('',(-0.107104939867621,-0.0382105289332918,0.0084));
#15603=CARTESIAN_POINT('',(-0.107104939867621,-0.0312105289332919,0.0084));
#15604=CARTESIAN_POINT('',(-0.107104939867621,-0.0242105289332919,0.0084));
#15605=CARTESIAN_POINT('',(-0.107104939867621,-0.0242105289332919,-0.0016));
#15606=CARTESIAN_POINT('',(-0.114104939867621,-0.0382105289332918,-0.0016));
#15607=CARTESIAN_POINT('',(-0.121104939867621,-0.0382105289332918,-0.0016));
#15608=CARTESIAN_POINT('',(-0.121104939867621,-0.0382105289332918,0.0064));
#15609=CARTESIAN_POINT('',(-0.121104939867621,-0.0382105289332918,0.0084));
#15610=CARTESIAN_POINT('',(-0.114104939867621,-0.0382105289332918,0.0084));
#15611=CARTESIAN_POINT('',(0.,-0.0382105289332918,0.0064));
#15612=CARTESIAN_POINT('',(-0.121104939867621,-0.0312105289332919,-0.0016));
#15613=CARTESIAN_POINT('',(-0.121104939867621,-0.0242105289332919,-0.0016));
#15614=CARTESIAN_POINT('',(-0.121104939867621,-0.0242105289332919,0.0064));
#15615=CARTESIAN_POINT('',(-0.121104939867621,-0.0242105289332919,0.0084));
#15616=CARTESIAN_POINT('',(-0.121104939867621,-0.0312105289332919,0.0084));
#15617=CARTESIAN_POINT('',(-0.121104939867621,0.,0.0064));
#15618=CARTESIAN_POINT('',(-0.114104939867621,-0.0242105289332919,-0.0016));
#15619=CARTESIAN_POINT('',(0.,-0.0242105289332919,0.0064));
#15620=CARTESIAN_POINT('',(-0.114104939867621,-0.0242105289332919,0.0084));
#15621=CARTESIAN_POINT('',(-0.126804939867621,-0.0510105289332919,-0.0016));
#15622=CARTESIAN_POINT('',(-0.126804939867621,0.,0.0064));
#15623=CARTESIAN_POINT('',(-0.126804939867621,-0.0440105289332919,0.0064));
#15624=CARTESIAN_POINT('',(-0.126804939867621,-0.0580105289332919,0.0064));
#15625=CARTESIAN_POINT('',(-0.126804939867621,-0.0580105289332919,-0.0016));
#15626=CARTESIAN_POINT('',(-0.126804939867621,-0.0580105289332919,0.0084));
#15627=CARTESIAN_POINT('',(-0.126804939867621,-0.0510105289332919,0.0084));
#15628=CARTESIAN_POINT('',(-0.126804939867621,-0.0440105289332919,0.0084));
#15629=CARTESIAN_POINT('',(-0.126804939867621,-0.0440105289332919,-0.0016));
#15630=CARTESIAN_POINT('',(-0.133804939867621,-0.0580105289332919,-0.0016));
#15631=CARTESIAN_POINT('',(-0.140804939867621,-0.0580105289332919,-0.0016));
#15632=CARTESIAN_POINT('',(-0.140804939867621,-0.0580105289332919,0.0064));
#15633=CARTESIAN_POINT('',(-0.140804939867621,-0.0580105289332919,0.0084));
#15634=CARTESIAN_POINT('',(-0.133804939867621,-0.0580105289332919,0.0084));
#15635=CARTESIAN_POINT('',(0.,-0.0580105289332919,0.0064));
#15636=CARTESIAN_POINT('',(-0.140804939867621,-0.0510105289332919,-0.0016));
#15637=CARTESIAN_POINT('',(-0.140804939867621,-0.0440105289332919,-0.0016));
#15638=CARTESIAN_POINT('',(-0.140804939867621,-0.0440105289332919,0.0064));
#15639=CARTESIAN_POINT('',(-0.140804939867621,-0.0440105289332919,0.0084));
#15640=CARTESIAN_POINT('',(-0.140804939867621,-0.0510105289332919,0.0084));
#15641=CARTESIAN_POINT('',(-0.140804939867621,0.,0.0064));
#15642=CARTESIAN_POINT('',(-0.133804939867621,-0.0440105289332919,-0.0016));
#15643=CARTESIAN_POINT('',(0.,-0.0440105289332919,0.0064));
#15644=CARTESIAN_POINT('',(-0.133804939867621,-0.0440105289332919,0.0084));
#15645=CARTESIAN_POINT('',(-0.107104939867621,0.0281894710667081,-0.0016));
#15646=CARTESIAN_POINT('',(-0.107104939867621,0.,0.0064));
#15647=CARTESIAN_POINT('',(-0.107104939867621,0.0351894710667081,0.0064));
#15648=CARTESIAN_POINT('',(-0.107104939867621,0.0211894710667082,0.0064));
#15649=CARTESIAN_POINT('',(-0.107104939867621,0.0211894710667082,-0.0016));
#15650=CARTESIAN_POINT('',(-0.107104939867621,0.0211894710667082,0.0084));
#15651=CARTESIAN_POINT('',(-0.107104939867621,0.0281894710667081,0.0084));
#15652=CARTESIAN_POINT('',(-0.107104939867621,0.0351894710667081,0.0084));
#15653=CARTESIAN_POINT('',(-0.107104939867621,0.0351894710667081,-0.0016));
#15654=CARTESIAN_POINT('',(-0.114104939867621,0.0211894710667082,-0.0016));
#15655=CARTESIAN_POINT('',(-0.121104939867621,0.0211894710667082,-0.0016));
#15656=CARTESIAN_POINT('',(-0.121104939867621,0.0211894710667082,0.0064));
#15657=CARTESIAN_POINT('',(-0.121104939867621,0.0211894710667082,0.0084));
#15658=CARTESIAN_POINT('',(-0.114104939867621,0.0211894710667082,0.0084));
#15659=CARTESIAN_POINT('',(0.,0.0211894710667082,0.0064));
#15660=CARTESIAN_POINT('',(-0.121104939867621,0.0281894710667081,-0.0016));
#15661=CARTESIAN_POINT('',(-0.121104939867621,0.0351894710667081,-0.0016));
#15662=CARTESIAN_POINT('',(-0.121104939867621,0.0351894710667081,0.0064));
#15663=CARTESIAN_POINT('',(-0.121104939867621,0.0351894710667081,0.0084));
#15664=CARTESIAN_POINT('',(-0.121104939867621,0.0281894710667081,0.0084));
#15665=CARTESIAN_POINT('',(-0.121104939867621,0.,0.0064));
#15666=CARTESIAN_POINT('',(-0.114104939867621,0.0351894710667081,-0.0016));
#15667=CARTESIAN_POINT('',(0.,0.0351894710667081,0.0064));
#15668=CARTESIAN_POINT('',(-0.114104939867621,0.0351894710667081,0.0084));
#15669=CARTESIAN_POINT('',(-0.0677049398676207,-0.0312105289332919,-0.0016));
#15670=CARTESIAN_POINT('',(-0.0677049398676207,0.,0.0064));
#15671=CARTESIAN_POINT('',(-0.0677049398676207,-0.0242105289332919,0.0064));
#15672=CARTESIAN_POINT('',(-0.0677049398676207,-0.0382105289332918,0.0064));
#15673=CARTESIAN_POINT('',(-0.0677049398676207,-0.0382105289332918,-0.0016));
#15674=CARTESIAN_POINT('',(-0.0677049398676207,-0.0382105289332918,0.0084));
#15675=CARTESIAN_POINT('',(-0.0677049398676207,-0.0312105289332919,0.0084));
#15676=CARTESIAN_POINT('',(-0.0677049398676207,-0.0242105289332919,0.0084));
#15677=CARTESIAN_POINT('',(-0.0677049398676207,-0.0242105289332919,-0.0016));
#15678=CARTESIAN_POINT('',(-0.0747049398676207,-0.0382105289332918,-0.0016));
#15679=CARTESIAN_POINT('',(-0.0817049398676207,-0.0382105289332918,-0.0016));
#15680=CARTESIAN_POINT('',(-0.0817049398676207,-0.0382105289332918,0.0064));
#15681=CARTESIAN_POINT('',(-0.0817049398676207,-0.0382105289332918,0.0084));
#15682=CARTESIAN_POINT('',(-0.0747049398676207,-0.0382105289332918,0.0084));
#15683=CARTESIAN_POINT('',(0.,-0.0382105289332918,0.0064));
#15684=CARTESIAN_POINT('',(-0.0817049398676207,-0.0312105289332919,-0.0016));
#15685=CARTESIAN_POINT('',(-0.0817049398676207,-0.0242105289332919,-0.0016));
#15686=CARTESIAN_POINT('',(-0.0817049398676207,-0.0242105289332919,0.0064));
#15687=CARTESIAN_POINT('',(-0.0817049398676207,-0.0242105289332919,0.0084));
#15688=CARTESIAN_POINT('',(-0.0817049398676207,-0.0312105289332919,0.0084));
#15689=CARTESIAN_POINT('',(-0.0817049398676207,0.,0.0064));
#15690=CARTESIAN_POINT('',(-0.0747049398676207,-0.0242105289332919,-0.0016));
#15691=CARTESIAN_POINT('',(0.,-0.0242105289332919,0.0064));
#15692=CARTESIAN_POINT('',(-0.0747049398676207,-0.0242105289332919,0.0084));
#15693=CARTESIAN_POINT('',(-0.0677049398676207,0.00838947106670811,-0.0016));
#15694=CARTESIAN_POINT('',(-0.0677049398676207,0.,0.0064));
#15695=CARTESIAN_POINT('',(-0.0677049398676207,0.0153894710667081,0.0064));
#15696=CARTESIAN_POINT('',(-0.0677049398676207,0.00138947106670813,0.0064));
#15697=CARTESIAN_POINT('',(-0.0677049398676207,0.00138947106670813,-0.0016));
#15698=CARTESIAN_POINT('',(-0.0677049398676207,0.00138947106670813,0.0084));
#15699=CARTESIAN_POINT('',(-0.0677049398676207,0.00838947106670811,0.0084));
#15700=CARTESIAN_POINT('',(-0.0677049398676207,0.0153894710667081,0.0084));
#15701=CARTESIAN_POINT('',(-0.0677049398676207,0.0153894710667081,-0.0016));
#15702=CARTESIAN_POINT('',(-0.0747049398676207,0.00138947106670813,-0.0016));
#15703=CARTESIAN_POINT('',(-0.0817049398676207,0.00138947106670813,-0.0016));
#15704=CARTESIAN_POINT('',(-0.0817049398676207,0.00138947106670813,0.0064));
#15705=CARTESIAN_POINT('',(-0.0817049398676207,0.00138947106670813,0.0084));
#15706=CARTESIAN_POINT('',(-0.0747049398676207,0.00138947106670813,0.0084));
#15707=CARTESIAN_POINT('',(0.,0.00138947106670813,0.0064));
#15708=CARTESIAN_POINT('',(-0.0817049398676207,0.00838947106670811,-0.0016));
#15709=CARTESIAN_POINT('',(-0.0817049398676207,0.0153894710667081,-0.0016));
#15710=CARTESIAN_POINT('',(-0.0817049398676207,0.0153894710667081,0.0064));
#15711=CARTESIAN_POINT('',(-0.0817049398676207,0.0153894710667081,0.0084));
#15712=CARTESIAN_POINT('',(-0.0817049398676207,0.00838947106670811,0.0084));
#15713=CARTESIAN_POINT('',(-0.0817049398676207,0.,0.0064));
#15714=CARTESIAN_POINT('',(-0.0747049398676207,0.0153894710667081,-0.0016));
#15715=CARTESIAN_POINT('',(0.,0.0153894710667081,0.0064));
#15716=CARTESIAN_POINT('',(-0.0747049398676207,0.0153894710667081,0.0084));
#15717=CARTESIAN_POINT('',(-0.0874049398676207,0.00838947106670811,-0.0016));
#15718=CARTESIAN_POINT('',(-0.0874049398676207,0.,0.0064));
#15719=CARTESIAN_POINT('',(-0.0874049398676207,0.0153894710667081,0.0064));
#15720=CARTESIAN_POINT('',(-0.0874049398676207,0.00138947106670813,0.0064));
#15721=CARTESIAN_POINT('',(-0.0874049398676207,0.00138947106670813,-0.0016));
#15722=CARTESIAN_POINT('',(-0.0874049398676207,0.00138947106670813,0.0084));
#15723=CARTESIAN_POINT('',(-0.0874049398676207,0.00838947106670811,0.0084));
#15724=CARTESIAN_POINT('',(-0.0874049398676207,0.0153894710667081,0.0084));
#15725=CARTESIAN_POINT('',(-0.0874049398676207,0.0153894710667081,-0.0016));
#15726=CARTESIAN_POINT('',(-0.0944049398676207,0.00138947106670813,-0.0016));
#15727=CARTESIAN_POINT('',(-0.101404939867621,0.00138947106670813,-0.0016));
#15728=CARTESIAN_POINT('',(-0.101404939867621,0.00138947106670813,0.0064));
#15729=CARTESIAN_POINT('',(-0.101404939867621,0.00138947106670813,0.0084));
#15730=CARTESIAN_POINT('',(-0.0944049398676207,0.00138947106670813,0.0084));
#15731=CARTESIAN_POINT('',(0.,0.00138947106670813,0.0064));
#15732=CARTESIAN_POINT('',(-0.101404939867621,0.00838947106670811,-0.0016));
#15733=CARTESIAN_POINT('',(-0.101404939867621,0.0153894710667081,-0.0016));
#15734=CARTESIAN_POINT('',(-0.101404939867621,0.0153894710667081,0.0064));
#15735=CARTESIAN_POINT('',(-0.101404939867621,0.0153894710667081,0.0084));
#15736=CARTESIAN_POINT('',(-0.101404939867621,0.00838947106670811,0.0084));
#15737=CARTESIAN_POINT('',(-0.101404939867621,0.,0.0064));
#15738=CARTESIAN_POINT('',(-0.0944049398676207,0.0153894710667081,-0.0016));
#15739=CARTESIAN_POINT('',(0.,0.0153894710667081,0.0064));
#15740=CARTESIAN_POINT('',(-0.0944049398676207,0.0153894710667081,0.0084));
#15741=CARTESIAN_POINT('',(-0.0874049398676207,-0.0312105289332919,-0.0016));
#15742=CARTESIAN_POINT('',(-0.0874049398676207,0.,0.0064));
#15743=CARTESIAN_POINT('',(-0.0874049398676207,-0.0242105289332919,0.0064));
#15744=CARTESIAN_POINT('',(-0.0874049398676207,-0.0382105289332918,0.0064));
#15745=CARTESIAN_POINT('',(-0.0874049398676207,-0.0382105289332918,-0.0016));
#15746=CARTESIAN_POINT('',(-0.0874049398676207,-0.0382105289332918,0.0084));
#15747=CARTESIAN_POINT('',(-0.0874049398676207,-0.0312105289332919,0.0084));
#15748=CARTESIAN_POINT('',(-0.0874049398676207,-0.0242105289332919,0.0084));
#15749=CARTESIAN_POINT('',(-0.0874049398676207,-0.0242105289332919,-0.0016));
#15750=CARTESIAN_POINT('',(-0.0944049398676207,-0.0382105289332918,-0.0016));
#15751=CARTESIAN_POINT('',(-0.101404939867621,-0.0382105289332918,-0.0016));
#15752=CARTESIAN_POINT('',(-0.101404939867621,-0.0382105289332918,0.0064));
#15753=CARTESIAN_POINT('',(-0.101404939867621,-0.0382105289332918,0.0084));
#15754=CARTESIAN_POINT('',(-0.0944049398676207,-0.0382105289332918,0.0084));
#15755=CARTESIAN_POINT('',(0.,-0.0382105289332918,0.0064));
#15756=CARTESIAN_POINT('',(-0.101404939867621,-0.0312105289332919,-0.0016));
#15757=CARTESIAN_POINT('',(-0.101404939867621,-0.0242105289332919,-0.0016));
#15758=CARTESIAN_POINT('',(-0.101404939867621,-0.0242105289332919,0.0064));
#15759=CARTESIAN_POINT('',(-0.101404939867621,-0.0242105289332919,0.0084));
#15760=CARTESIAN_POINT('',(-0.101404939867621,-0.0312105289332919,0.0084));
#15761=CARTESIAN_POINT('',(-0.101404939867621,0.,0.0064));
#15762=CARTESIAN_POINT('',(-0.0944049398676207,-0.0242105289332919,-0.0016));
#15763=CARTESIAN_POINT('',(0.,-0.0242105289332919,0.0064));
#15764=CARTESIAN_POINT('',(-0.0944049398676207,-0.0242105289332919,0.0084));
#15765=CARTESIAN_POINT('',(-0.16620493986762,-0.0510105289332919,-0.0016));
#15766=CARTESIAN_POINT('',(-0.16620493986762,0.,0.0064));
#15767=CARTESIAN_POINT('',(-0.16620493986762,-0.0440105289332919,0.0064));
#15768=CARTESIAN_POINT('',(-0.16620493986762,-0.0580105289332919,0.0064));
#15769=CARTESIAN_POINT('',(-0.16620493986762,-0.0580105289332919,-0.0016));
#15770=CARTESIAN_POINT('',(-0.16620493986762,-0.0580105289332919,0.0084));
#15771=CARTESIAN_POINT('',(-0.16620493986762,-0.0510105289332919,0.0084));
#15772=CARTESIAN_POINT('',(-0.16620493986762,-0.0440105289332919,0.0084));
#15773=CARTESIAN_POINT('',(-0.16620493986762,-0.0440105289332919,-0.0016));
#15774=CARTESIAN_POINT('',(-0.173204939867621,-0.0580105289332919,-0.0016));
#15775=CARTESIAN_POINT('',(-0.18020493986762,-0.0580105289332919,-0.0016));
#15776=CARTESIAN_POINT('',(-0.18020493986762,-0.0580105289332919,0.0064));
#15777=CARTESIAN_POINT('',(-0.18020493986762,-0.0580105289332919,0.0084));
#15778=CARTESIAN_POINT('',(-0.173204939867621,-0.0580105289332919,0.0084));
#15779=CARTESIAN_POINT('',(0.,-0.0580105289332919,0.0064));
#15780=CARTESIAN_POINT('',(-0.18020493986762,-0.0510105289332919,-0.0016));
#15781=CARTESIAN_POINT('',(-0.18020493986762,-0.0440105289332919,-0.0016));
#15782=CARTESIAN_POINT('',(-0.18020493986762,-0.0440105289332919,0.0064));
#15783=CARTESIAN_POINT('',(-0.18020493986762,-0.0440105289332919,0.0084));
#15784=CARTESIAN_POINT('',(-0.18020493986762,-0.0510105289332919,0.0084));
#15785=CARTESIAN_POINT('',(-0.18020493986762,0.,0.0064));
#15786=CARTESIAN_POINT('',(-0.173204939867621,-0.0440105289332919,-0.0016));
#15787=CARTESIAN_POINT('',(0.,-0.0440105289332919,0.0064));
#15788=CARTESIAN_POINT('',(-0.173204939867621,-0.0440105289332919,0.0084));
#15789=CARTESIAN_POINT('',(-0.146504939867621,0.0281894710667081,-0.0016));
#15790=CARTESIAN_POINT('',(-0.146504939867621,0.,0.0064));
#15791=CARTESIAN_POINT('',(-0.146504939867621,0.0351894710667081,0.0064));
#15792=CARTESIAN_POINT('',(-0.146504939867621,0.0211894710667082,0.0064));
#15793=CARTESIAN_POINT('',(-0.146504939867621,0.0211894710667082,-0.0016));
#15794=CARTESIAN_POINT('',(-0.146504939867621,0.0211894710667082,0.0084));
#15795=CARTESIAN_POINT('',(-0.146504939867621,0.0281894710667081,0.0084));
#15796=CARTESIAN_POINT('',(-0.146504939867621,0.0351894710667081,0.0084));
#15797=CARTESIAN_POINT('',(-0.146504939867621,0.0351894710667081,-0.0016));
#15798=CARTESIAN_POINT('',(-0.15350493986762,0.0211894710667082,-0.0016));
#15799=CARTESIAN_POINT('',(-0.16050493986762,0.0211894710667082,-0.0016));
#15800=CARTESIAN_POINT('',(-0.16050493986762,0.0211894710667082,0.0064));
#15801=CARTESIAN_POINT('',(-0.16050493986762,0.0211894710667082,0.0084));
#15802=CARTESIAN_POINT('',(-0.15350493986762,0.0211894710667082,0.0084));
#15803=CARTESIAN_POINT('',(0.,0.0211894710667082,0.0064));
#15804=CARTESIAN_POINT('',(-0.16050493986762,0.0281894710667081,-0.0016));
#15805=CARTESIAN_POINT('',(-0.16050493986762,0.0351894710667081,-0.0016));
#15806=CARTESIAN_POINT('',(-0.16050493986762,0.0351894710667081,0.0064));
#15807=CARTESIAN_POINT('',(-0.16050493986762,0.0351894710667081,0.0084));
#15808=CARTESIAN_POINT('',(-0.16050493986762,0.0281894710667081,0.0084));
#15809=CARTESIAN_POINT('',(-0.16050493986762,0.,0.0064));
#15810=CARTESIAN_POINT('',(-0.15350493986762,0.0351894710667081,-0.0016));
#15811=CARTESIAN_POINT('',(0.,0.0351894710667081,0.0064));
#15812=CARTESIAN_POINT('',(-0.15350493986762,0.0351894710667081,0.0084));
#15813=CARTESIAN_POINT('',(-0.16620493986762,-0.0312105289332919,-0.0016));
#15814=CARTESIAN_POINT('',(-0.16620493986762,0.,0.0064));
#15815=CARTESIAN_POINT('',(-0.16620493986762,-0.0242105289332919,0.0064));
#15816=CARTESIAN_POINT('',(-0.16620493986762,-0.0382105289332918,0.0064));
#15817=CARTESIAN_POINT('',(-0.16620493986762,-0.0382105289332918,-0.0016));
#15818=CARTESIAN_POINT('',(-0.16620493986762,-0.0382105289332918,0.0084));
#15819=CARTESIAN_POINT('',(-0.16620493986762,-0.0312105289332919,0.0084));
#15820=CARTESIAN_POINT('',(-0.16620493986762,-0.0242105289332919,0.0084));
#15821=CARTESIAN_POINT('',(-0.16620493986762,-0.0242105289332919,-0.0016));
#15822=CARTESIAN_POINT('',(-0.173204939867621,-0.0382105289332918,-0.0016));
#15823=CARTESIAN_POINT('',(-0.18020493986762,-0.0382105289332918,-0.0016));
#15824=CARTESIAN_POINT('',(-0.18020493986762,-0.0382105289332918,0.0064));
#15825=CARTESIAN_POINT('',(-0.18020493986762,-0.0382105289332918,0.0084));
#15826=CARTESIAN_POINT('',(-0.173204939867621,-0.0382105289332918,0.0084));
#15827=CARTESIAN_POINT('',(0.,-0.0382105289332918,0.0064));
#15828=CARTESIAN_POINT('',(-0.18020493986762,-0.0312105289332919,-0.0016));
#15829=CARTESIAN_POINT('',(-0.18020493986762,-0.0242105289332919,-0.0016));
#15830=CARTESIAN_POINT('',(-0.18020493986762,-0.0242105289332919,0.0064));
#15831=CARTESIAN_POINT('',(-0.18020493986762,-0.0242105289332919,0.0084));
#15832=CARTESIAN_POINT('',(-0.18020493986762,-0.0312105289332919,0.0084));
#15833=CARTESIAN_POINT('',(-0.18020493986762,0.,0.0064));
#15834=CARTESIAN_POINT('',(-0.173204939867621,-0.0242105289332919,-0.0016));
#15835=CARTESIAN_POINT('',(0.,-0.0242105289332919,0.0064));
#15836=CARTESIAN_POINT('',(-0.173204939867621,-0.0242105289332919,0.0084));
#15837=CARTESIAN_POINT('',(-0.16620493986762,0.00838947106670811,-0.0016));
#15838=CARTESIAN_POINT('',(-0.16620493986762,0.,0.0064));
#15839=CARTESIAN_POINT('',(-0.16620493986762,0.0153894710667081,0.0064));
#15840=CARTESIAN_POINT('',(-0.16620493986762,0.00138947106670813,0.0064));
#15841=CARTESIAN_POINT('',(-0.16620493986762,0.00138947106670813,-0.0016));
#15842=CARTESIAN_POINT('',(-0.16620493986762,0.00138947106670813,0.0084));
#15843=CARTESIAN_POINT('',(-0.16620493986762,0.00838947106670811,0.0084));
#15844=CARTESIAN_POINT('',(-0.16620493986762,0.0153894710667081,0.0084));
#15845=CARTESIAN_POINT('',(-0.16620493986762,0.0153894710667081,-0.0016));
#15846=CARTESIAN_POINT('',(-0.173204939867621,0.00138947106670813,-0.0016));
#15847=CARTESIAN_POINT('',(-0.18020493986762,0.00138947106670813,-0.0016));
#15848=CARTESIAN_POINT('',(-0.18020493986762,0.00138947106670813,0.0064));
#15849=CARTESIAN_POINT('',(-0.18020493986762,0.00138947106670813,0.0084));
#15850=CARTESIAN_POINT('',(-0.173204939867621,0.00138947106670813,0.0084));
#15851=CARTESIAN_POINT('',(0.,0.00138947106670813,0.0064));
#15852=CARTESIAN_POINT('',(-0.18020493986762,0.00838947106670811,-0.0016));
#15853=CARTESIAN_POINT('',(-0.18020493986762,0.0153894710667081,-0.0016));
#15854=CARTESIAN_POINT('',(-0.18020493986762,0.0153894710667081,0.0064));
#15855=CARTESIAN_POINT('',(-0.18020493986762,0.0153894710667081,0.0084));
#15856=CARTESIAN_POINT('',(-0.18020493986762,0.00838947106670811,0.0084));
#15857=CARTESIAN_POINT('',(-0.18020493986762,0.,0.0064));
#15858=CARTESIAN_POINT('',(-0.173204939867621,0.0153894710667081,-0.0016));
#15859=CARTESIAN_POINT('',(0.,0.0153894710667081,0.0064));
#15860=CARTESIAN_POINT('',(-0.173204939867621,0.0153894710667081,0.0084));
#15861=CARTESIAN_POINT('',(-0.126804939867621,-0.0312105289332919,-0.0016));
#15862=CARTESIAN_POINT('',(-0.126804939867621,0.,0.0064));
#15863=CARTESIAN_POINT('',(-0.126804939867621,-0.0242105289332919,0.0064));
#15864=CARTESIAN_POINT('',(-0.126804939867621,-0.0382105289332918,0.0064));
#15865=CARTESIAN_POINT('',(-0.126804939867621,-0.0382105289332918,-0.0016));
#15866=CARTESIAN_POINT('',(-0.126804939867621,-0.0382105289332918,0.0084));
#15867=CARTESIAN_POINT('',(-0.126804939867621,-0.0312105289332919,0.0084));
#15868=CARTESIAN_POINT('',(-0.126804939867621,-0.0242105289332919,0.0084));
#15869=CARTESIAN_POINT('',(-0.126804939867621,-0.0242105289332919,-0.0016));
#15870=CARTESIAN_POINT('',(-0.133804939867621,-0.0382105289332918,-0.0016));
#15871=CARTESIAN_POINT('',(-0.140804939867621,-0.0382105289332918,-0.0016));
#15872=CARTESIAN_POINT('',(-0.140804939867621,-0.0382105289332918,0.0064));
#15873=CARTESIAN_POINT('',(-0.140804939867621,-0.0382105289332918,0.0084));
#15874=CARTESIAN_POINT('',(-0.133804939867621,-0.0382105289332918,0.0084));
#15875=CARTESIAN_POINT('',(0.,-0.0382105289332918,0.0064));
#15876=CARTESIAN_POINT('',(-0.140804939867621,-0.0312105289332919,-0.0016));
#15877=CARTESIAN_POINT('',(-0.140804939867621,-0.0242105289332919,-0.0016));
#15878=CARTESIAN_POINT('',(-0.140804939867621,-0.0242105289332919,0.0064));
#15879=CARTESIAN_POINT('',(-0.140804939867621,-0.0242105289332919,0.0084));
#15880=CARTESIAN_POINT('',(-0.140804939867621,-0.0312105289332919,0.0084));
#15881=CARTESIAN_POINT('',(-0.140804939867621,0.,0.0064));
#15882=CARTESIAN_POINT('',(-0.133804939867621,-0.0242105289332919,-0.0016));
#15883=CARTESIAN_POINT('',(0.,-0.0242105289332919,0.0064));
#15884=CARTESIAN_POINT('',(-0.133804939867621,-0.0242105289332919,0.0084));
#15885=CARTESIAN_POINT('',(-0.126804939867621,0.00838947106670811,-0.0016));
#15886=CARTESIAN_POINT('',(-0.126804939867621,0.,0.0064));
#15887=CARTESIAN_POINT('',(-0.126804939867621,0.0153894710667081,0.0064));
#15888=CARTESIAN_POINT('',(-0.126804939867621,0.00138947106670813,0.0064));
#15889=CARTESIAN_POINT('',(-0.126804939867621,0.00138947106670813,-0.0016));
#15890=CARTESIAN_POINT('',(-0.126804939867621,0.00138947106670813,0.0084));
#15891=CARTESIAN_POINT('',(-0.126804939867621,0.00838947106670811,0.0084));
#15892=CARTESIAN_POINT('',(-0.126804939867621,0.0153894710667081,0.0084));
#15893=CARTESIAN_POINT('',(-0.126804939867621,0.0153894710667081,-0.0016));
#15894=CARTESIAN_POINT('',(-0.133804939867621,0.00138947106670813,-0.0016));
#15895=CARTESIAN_POINT('',(-0.140804939867621,0.00138947106670813,-0.0016));
#15896=CARTESIAN_POINT('',(-0.140804939867621,0.00138947106670813,0.0064));
#15897=CARTESIAN_POINT('',(-0.140804939867621,0.00138947106670813,0.0084));
#15898=CARTESIAN_POINT('',(-0.133804939867621,0.00138947106670813,0.0084));
#15899=CARTESIAN_POINT('',(0.,0.00138947106670813,0.0064));
#15900=CARTESIAN_POINT('',(-0.140804939867621,0.00838947106670811,-0.0016));
#15901=CARTESIAN_POINT('',(-0.140804939867621,0.0153894710667081,-0.0016));
#15902=CARTESIAN_POINT('',(-0.140804939867621,0.0153894710667081,0.0064));
#15903=CARTESIAN_POINT('',(-0.140804939867621,0.0153894710667081,0.0084));
#15904=CARTESIAN_POINT('',(-0.140804939867621,0.00838947106670811,0.0084));
#15905=CARTESIAN_POINT('',(-0.140804939867621,0.,0.0064));
#15906=CARTESIAN_POINT('',(-0.133804939867621,0.0153894710667081,-0.0016));
#15907=CARTESIAN_POINT('',(0.,0.0153894710667081,0.0064));
#15908=CARTESIAN_POINT('',(-0.133804939867621,0.0153894710667081,0.0084));
#15909=CARTESIAN_POINT('',(-0.146504939867621,-0.0114105289332919,-0.0016));
#15910=CARTESIAN_POINT('',(-0.146504939867621,0.,0.0064));
#15911=CARTESIAN_POINT('',(-0.146504939867621,-0.00441052893329189,0.0064));
#15912=CARTESIAN_POINT('',(-0.146504939867621,-0.0184105289332918,0.0064));
#15913=CARTESIAN_POINT('',(-0.146504939867621,-0.0184105289332918,-0.0016));
#15914=CARTESIAN_POINT('',(-0.146504939867621,-0.0184105289332918,0.0084));
#15915=CARTESIAN_POINT('',(-0.146504939867621,-0.0114105289332919,0.0084));
#15916=CARTESIAN_POINT('',(-0.146504939867621,-0.00441052893329189,0.0084));
#15917=CARTESIAN_POINT('',(-0.146504939867621,-0.00441052893329189,-0.0016));
#15918=CARTESIAN_POINT('',(-0.15350493986762,-0.0184105289332918,-0.0016));
#15919=CARTESIAN_POINT('',(-0.16050493986762,-0.0184105289332918,-0.0016));
#15920=CARTESIAN_POINT('',(-0.16050493986762,-0.0184105289332918,0.0064));
#15921=CARTESIAN_POINT('',(-0.16050493986762,-0.0184105289332918,0.0084));
#15922=CARTESIAN_POINT('',(-0.15350493986762,-0.0184105289332918,0.0084));
#15923=CARTESIAN_POINT('',(0.,-0.0184105289332918,0.0064));
#15924=CARTESIAN_POINT('',(-0.16050493986762,-0.0114105289332919,-0.0016));
#15925=CARTESIAN_POINT('',(-0.16050493986762,-0.00441052893329189,-0.0016));
#15926=CARTESIAN_POINT('',(-0.16050493986762,-0.00441052893329189,0.0064));
#15927=CARTESIAN_POINT('',(-0.16050493986762,-0.00441052893329189,0.0084));
#15928=CARTESIAN_POINT('',(-0.16050493986762,-0.0114105289332919,0.0084));
#15929=CARTESIAN_POINT('',(-0.16050493986762,0.,0.0064));
#15930=CARTESIAN_POINT('',(-0.15350493986762,-0.00441052893329189,-0.0016));
#15931=CARTESIAN_POINT('',(0.,-0.00441052893329189,0.0064));
#15932=CARTESIAN_POINT('',(-0.15350493986762,-0.00441052893329189,0.0084));
#15933=CARTESIAN_POINT('',(-0.146504939867621,-0.0510105289332919,-0.0016));
#15934=CARTESIAN_POINT('',(-0.146504939867621,0.,0.0064));
#15935=CARTESIAN_POINT('',(-0.146504939867621,-0.0440105289332919,0.0064));
#15936=CARTESIAN_POINT('',(-0.146504939867621,-0.0580105289332919,0.0064));
#15937=CARTESIAN_POINT('',(-0.146504939867621,-0.0580105289332919,-0.0016));
#15938=CARTESIAN_POINT('',(-0.146504939867621,-0.0580105289332919,0.0084));
#15939=CARTESIAN_POINT('',(-0.146504939867621,-0.0510105289332919,0.0084));
#15940=CARTESIAN_POINT('',(-0.146504939867621,-0.0440105289332919,0.0084));
#15941=CARTESIAN_POINT('',(-0.146504939867621,-0.0440105289332919,-0.0016));
#15942=CARTESIAN_POINT('',(-0.15350493986762,-0.0580105289332919,-0.0016));
#15943=CARTESIAN_POINT('',(-0.16050493986762,-0.0580105289332919,-0.0016));
#15944=CARTESIAN_POINT('',(-0.16050493986762,-0.0580105289332919,0.0064));
#15945=CARTESIAN_POINT('',(-0.16050493986762,-0.0580105289332919,0.0084));
#15946=CARTESIAN_POINT('',(-0.15350493986762,-0.0580105289332919,0.0084));
#15947=CARTESIAN_POINT('',(0.,-0.0580105289332919,0.0064));
#15948=CARTESIAN_POINT('',(-0.16050493986762,-0.0510105289332919,-0.0016));
#15949=CARTESIAN_POINT('',(-0.16050493986762,-0.0440105289332919,-0.0016));
#15950=CARTESIAN_POINT('',(-0.16050493986762,-0.0440105289332919,0.0064));
#15951=CARTESIAN_POINT('',(-0.16050493986762,-0.0440105289332919,0.0084));
#15952=CARTESIAN_POINT('',(-0.16050493986762,-0.0510105289332919,0.0084));
#15953=CARTESIAN_POINT('',(-0.16050493986762,0.,0.0064));
#15954=CARTESIAN_POINT('',(-0.15350493986762,-0.0440105289332919,-0.0016));
#15955=CARTESIAN_POINT('',(0.,-0.0440105289332919,0.0064));
#15956=CARTESIAN_POINT('',(-0.15350493986762,-0.0440105289332919,0.0084));
#15957=CARTESIAN_POINT('',(-0.199317,0.,0.0084));
#15958=CARTESIAN_POINT('',(-0.199317,0.,0.0064));
#15959=CARTESIAN_POINT('',(-0.199317,0.0702564,0.0064));
#15960=CARTESIAN_POINT('',(-0.199317,-0.0702564,0.0064));
#15961=CARTESIAN_POINT('',(-0.199317,-0.0702564,0.0084));
#15962=CARTESIAN_POINT('',(-0.199317,-0.0702564,0.0084));
#15963=CARTESIAN_POINT('',(-0.199317,0.,0.0084));
#15964=CARTESIAN_POINT('',(-0.199317,0.0702564,0.0084));
#15965=CARTESIAN_POINT('',(-0.199317,0.0702564,0.0084));
#15966=CARTESIAN_POINT('',(-0.0480049398676207,-0.0312105289332919,-0.0016));
#15967=CARTESIAN_POINT('',(-0.0480049398676207,0.,0.0064));
#15968=CARTESIAN_POINT('',(-0.0480049398676207,-0.0242105289332919,0.0064));
#15969=CARTESIAN_POINT('',(-0.0480049398676207,-0.0382105289332918,0.0064));
#15970=CARTESIAN_POINT('',(-0.0480049398676207,-0.0382105289332918,-0.0016));
#15971=CARTESIAN_POINT('',(-0.0480049398676207,-0.0382105289332918,0.0084));
#15972=CARTESIAN_POINT('',(-0.0480049398676207,-0.0312105289332919,0.0084));
#15973=CARTESIAN_POINT('',(-0.0480049398676207,-0.0242105289332919,0.0084));
#15974=CARTESIAN_POINT('',(-0.0480049398676207,-0.0242105289332919,-0.0016));
#15975=CARTESIAN_POINT('',(-0.0550049398676207,-0.0382105289332918,-0.0016));
#15976=CARTESIAN_POINT('',(-0.0620049398676207,-0.0382105289332918,-0.0016));
#15977=CARTESIAN_POINT('',(-0.0620049398676207,-0.0382105289332918,0.0064));
#15978=CARTESIAN_POINT('',(-0.0620049398676207,-0.0382105289332918,0.0084));
#15979=CARTESIAN_POINT('',(-0.0550049398676207,-0.0382105289332918,0.0084));
#15980=CARTESIAN_POINT('',(0.,-0.0382105289332918,0.0064));
#15981=CARTESIAN_POINT('',(-0.0620049398676207,-0.0312105289332919,-0.0016));
#15982=CARTESIAN_POINT('',(-0.0620049398676207,-0.0242105289332919,-0.0016));
#15983=CARTESIAN_POINT('',(-0.0620049398676207,-0.0242105289332919,0.0064));
#15984=CARTESIAN_POINT('',(-0.0620049398676207,-0.0242105289332919,0.0084));
#15985=CARTESIAN_POINT('',(-0.0620049398676207,-0.0312105289332919,0.0084));
#15986=CARTESIAN_POINT('',(-0.0620049398676207,0.,0.0064));
#15987=CARTESIAN_POINT('',(-0.0550049398676207,-0.0242105289332919,-0.0016));
#15988=CARTESIAN_POINT('',(0.,-0.0242105289332919,0.0064));
#15989=CARTESIAN_POINT('',(-0.0550049398676207,-0.0242105289332919,0.0084));
#15990=CARTESIAN_POINT('',(-0.0283049398676207,0.0281894710667081,-0.0016));
#15991=CARTESIAN_POINT('',(-0.0283049398676207,0.,0.0064));
#15992=CARTESIAN_POINT('',(-0.0283049398676207,0.0351894710667081,0.0064));
#15993=CARTESIAN_POINT('',(-0.0283049398676207,0.0211894710667082,0.0064));
#15994=CARTESIAN_POINT('',(-0.0283049398676207,0.0211894710667082,-0.0016));
#15995=CARTESIAN_POINT('',(-0.0283049398676207,0.0211894710667082,0.0084));
#15996=CARTESIAN_POINT('',(-0.0283049398676207,0.0281894710667081,0.0084));
#15997=CARTESIAN_POINT('',(-0.0283049398676207,0.0351894710667081,0.0084));
#15998=CARTESIAN_POINT('',(-0.0283049398676207,0.0351894710667081,-0.0016));
#15999=CARTESIAN_POINT('',(-0.0353049398676207,0.0211894710667082,-0.0016));
#16000=CARTESIAN_POINT('',(-0.0423049398676207,0.0211894710667082,-0.0016));
#16001=CARTESIAN_POINT('',(-0.0423049398676207,0.0211894710667082,0.0064));
#16002=CARTESIAN_POINT('',(-0.0423049398676207,0.0211894710667082,0.0084));
#16003=CARTESIAN_POINT('',(-0.0353049398676207,0.0211894710667082,0.0084));
#16004=CARTESIAN_POINT('',(0.,0.0211894710667082,0.0064));
#16005=CARTESIAN_POINT('',(-0.0423049398676207,0.0281894710667081,-0.0016));
#16006=CARTESIAN_POINT('',(-0.0423049398676207,0.0351894710667081,-0.0016));
#16007=CARTESIAN_POINT('',(-0.0423049398676207,0.0351894710667081,0.0064));
#16008=CARTESIAN_POINT('',(-0.0423049398676207,0.0351894710667081,0.0084));
#16009=CARTESIAN_POINT('',(-0.0423049398676207,0.0281894710667081,0.0084));
#16010=CARTESIAN_POINT('',(-0.0423049398676207,0.,0.0064));
#16011=CARTESIAN_POINT('',(-0.0353049398676207,0.0351894710667081,-0.0016));
#16012=CARTESIAN_POINT('',(0.,0.0351894710667081,0.0064));
#16013=CARTESIAN_POINT('',(-0.0353049398676207,0.0351894710667081,0.0084));
#16014=CARTESIAN_POINT('',(-0.0480049398676207,-0.0114105289332919,-0.0016));
#16015=CARTESIAN_POINT('',(-0.0480049398676207,0.,0.0064));
#16016=CARTESIAN_POINT('',(-0.0480049398676207,-0.00441052893329189,0.0064));
#16017=CARTESIAN_POINT('',(-0.0480049398676207,-0.0184105289332918,0.0064));
#16018=CARTESIAN_POINT('',(-0.0480049398676207,-0.0184105289332918,-0.0016));
#16019=CARTESIAN_POINT('',(-0.0480049398676207,-0.0184105289332918,0.0084));
#16020=CARTESIAN_POINT('',(-0.0480049398676207,-0.0114105289332919,0.0084));
#16021=CARTESIAN_POINT('',(-0.0480049398676207,-0.00441052893329189,0.0084));
#16022=CARTESIAN_POINT('',(-0.0480049398676207,-0.00441052893329189,-0.0016));
#16023=CARTESIAN_POINT('',(-0.0550049398676207,-0.0184105289332918,-0.0016));
#16024=CARTESIAN_POINT('',(-0.0620049398676207,-0.0184105289332918,-0.0016));
#16025=CARTESIAN_POINT('',(-0.0620049398676207,-0.0184105289332918,0.0064));
#16026=CARTESIAN_POINT('',(-0.0620049398676207,-0.0184105289332918,0.0084));
#16027=CARTESIAN_POINT('',(-0.0550049398676207,-0.0184105289332918,0.0084));
#16028=CARTESIAN_POINT('',(0.,-0.0184105289332918,0.0064));
#16029=CARTESIAN_POINT('',(-0.0620049398676207,-0.0114105289332919,-0.0016));
#16030=CARTESIAN_POINT('',(-0.0620049398676207,-0.00441052893329189,-0.0016));
#16031=CARTESIAN_POINT('',(-0.0620049398676207,-0.00441052893329189,0.0064));
#16032=CARTESIAN_POINT('',(-0.0620049398676207,-0.00441052893329189,0.0084));
#16033=CARTESIAN_POINT('',(-0.0620049398676207,-0.0114105289332919,0.0084));
#16034=CARTESIAN_POINT('',(-0.0620049398676207,0.,0.0064));
#16035=CARTESIAN_POINT('',(-0.0550049398676207,-0.00441052893329189,-0.0016));
#16036=CARTESIAN_POINT('',(0.,-0.00441052893329189,0.0064));
#16037=CARTESIAN_POINT('',(-0.0550049398676207,-0.00441052893329189,0.0084));
#16038=CARTESIAN_POINT('',(-0.0480049398676207,0.0281894710667081,-0.0016));
#16039=CARTESIAN_POINT('',(-0.0480049398676207,0.,0.0064));
#16040=CARTESIAN_POINT('',(-0.0480049398676207,0.0351894710667081,0.0064));
#16041=CARTESIAN_POINT('',(-0.0480049398676207,0.0211894710667082,0.0064));
#16042=CARTESIAN_POINT('',(-0.0480049398676207,0.0211894710667082,-0.0016));
#16043=CARTESIAN_POINT('',(-0.0480049398676207,0.0211894710667082,0.0084));
#16044=CARTESIAN_POINT('',(-0.0480049398676207,0.0281894710667081,0.0084));
#16045=CARTESIAN_POINT('',(-0.0480049398676207,0.0351894710667081,0.0084));
#16046=CARTESIAN_POINT('',(-0.0480049398676207,0.0351894710667081,-0.0016));
#16047=CARTESIAN_POINT('',(-0.0550049398676207,0.0211894710667082,-0.0016));
#16048=CARTESIAN_POINT('',(-0.0620049398676207,0.0211894710667082,-0.0016));
#16049=CARTESIAN_POINT('',(-0.0620049398676207,0.0211894710667082,0.0064));
#16050=CARTESIAN_POINT('',(-0.0620049398676207,0.0211894710667082,0.0084));
#16051=CARTESIAN_POINT('',(-0.0550049398676207,0.0211894710667082,0.0084));
#16052=CARTESIAN_POINT('',(0.,0.0211894710667082,0.0064));
#16053=CARTESIAN_POINT('',(-0.0620049398676207,0.0281894710667081,-0.0016));
#16054=CARTESIAN_POINT('',(-0.0620049398676207,0.0351894710667081,-0.0016));
#16055=CARTESIAN_POINT('',(-0.0620049398676207,0.0351894710667081,0.0064));
#16056=CARTESIAN_POINT('',(-0.0620049398676207,0.0351894710667081,0.0084));
#16057=CARTESIAN_POINT('',(-0.0620049398676207,0.0281894710667081,0.0084));
#16058=CARTESIAN_POINT('',(-0.0620049398676207,0.,0.0064));
#16059=CARTESIAN_POINT('',(-0.0550049398676207,0.0351894710667081,-0.0016));
#16060=CARTESIAN_POINT('',(0.,0.0351894710667081,0.0064));
#16061=CARTESIAN_POINT('',(-0.0550049398676207,0.0351894710667081,0.0084));
#16062=CARTESIAN_POINT('',(-0.0283049398676207,-0.0312105289332919,-0.0016));
#16063=CARTESIAN_POINT('',(-0.0283049398676207,0.,0.0064));
#16064=CARTESIAN_POINT('',(-0.0283049398676207,-0.0242105289332919,0.0064));
#16065=CARTESIAN_POINT('',(-0.0283049398676207,-0.0382105289332918,0.0064));
#16066=CARTESIAN_POINT('',(-0.0283049398676207,-0.0382105289332918,-0.0016));
#16067=CARTESIAN_POINT('',(-0.0283049398676207,-0.0382105289332918,0.0084));
#16068=CARTESIAN_POINT('',(-0.0283049398676207,-0.0312105289332919,0.0084));
#16069=CARTESIAN_POINT('',(-0.0283049398676207,-0.0242105289332919,0.0084));
#16070=CARTESIAN_POINT('',(-0.0283049398676207,-0.0242105289332919,-0.0016));
#16071=CARTESIAN_POINT('',(-0.0353049398676207,-0.0382105289332918,-0.0016));
#16072=CARTESIAN_POINT('',(-0.0423049398676207,-0.0382105289332918,-0.0016));
#16073=CARTESIAN_POINT('',(-0.0423049398676207,-0.0382105289332918,0.0064));
#16074=CARTESIAN_POINT('',(-0.0423049398676207,-0.0382105289332918,0.0084));
#16075=CARTESIAN_POINT('',(-0.0353049398676207,-0.0382105289332918,0.0084));
#16076=CARTESIAN_POINT('',(0.,-0.0382105289332918,0.0064));
#16077=CARTESIAN_POINT('',(-0.0423049398676207,-0.0312105289332919,-0.0016));
#16078=CARTESIAN_POINT('',(-0.0423049398676207,-0.0242105289332919,-0.0016));
#16079=CARTESIAN_POINT('',(-0.0423049398676207,-0.0242105289332919,0.0064));
#16080=CARTESIAN_POINT('',(-0.0423049398676207,-0.0242105289332919,0.0084));
#16081=CARTESIAN_POINT('',(-0.0423049398676207,-0.0312105289332919,0.0084));
#16082=CARTESIAN_POINT('',(-0.0423049398676207,0.,0.0064));
#16083=CARTESIAN_POINT('',(-0.0353049398676207,-0.0242105289332919,-0.0016));
#16084=CARTESIAN_POINT('',(0.,-0.0242105289332919,0.0064));
#16085=CARTESIAN_POINT('',(-0.0353049398676207,-0.0242105289332919,0.0084));
#16086=CARTESIAN_POINT('',(-0.0111456,-0.0519359,-0.0166));
#16087=CARTESIAN_POINT('',(-0.0111456,0.,0.0064));
#16088=CARTESIAN_POINT('',(-0.0111456,-0.0416159,0.0064));
#16089=CARTESIAN_POINT('',(-0.0111456,-0.0622559,0.0064));
#16090=CARTESIAN_POINT('',(-0.0111456,-0.0622559,-0.0166));
#16091=CARTESIAN_POINT('',(-0.0111456,-0.0622559,0.0084));
#16092=CARTESIAN_POINT('',(-0.0111456,-0.0519359,0.0084));
#16093=CARTESIAN_POINT('',(-0.0111456,-0.0416159,0.0084));
#16094=CARTESIAN_POINT('',(-0.0111456,-0.0416159,-0.0166));
#16095=CARTESIAN_POINT('',(-0.06494315,-0.0622559,-0.0166));
#16096=CARTESIAN_POINT('',(-0.1187407,-0.0622559,-0.0166));
#16097=CARTESIAN_POINT('',(-0.1187407,-0.0622559,0.0064));
#16098=CARTESIAN_POINT('',(-0.1187407,-0.0622559,0.0084));
#16099=CARTESIAN_POINT('',(-0.06494315,-0.0622559,0.0084));
#16100=CARTESIAN_POINT('',(0.,-0.0622559,0.0064));
#16101=CARTESIAN_POINT('',(-0.1187407,-0.0519359,-0.0166));
#16102=CARTESIAN_POINT('',(-0.1187407,-0.0416159,-0.0166));
#16103=CARTESIAN_POINT('',(-0.1187407,-0.0416159,0.0064));
#16104=CARTESIAN_POINT('',(-0.1187407,-0.0416159,0.0084));
#16105=CARTESIAN_POINT('',(-0.1187407,-0.0519359,0.0084));
#16106=CARTESIAN_POINT('',(-0.1187407,0.,0.0064));
#16107=CARTESIAN_POINT('',(-0.06494315,-0.0416159,-0.0166));
#16108=CARTESIAN_POINT('',(0.,-0.0416159,0.0064));
#16109=CARTESIAN_POINT('',(-0.06494315,-0.0416159,0.0084));
#16110=CARTESIAN_POINT('',(-0.196084766952967,-0.0720499669529664,-0.0166));
#16111=CARTESIAN_POINT('',(-0.196084766952967,-0.0720499669529664,0.0084));
#16112=CARTESIAN_POINT('',(-0.194484766952967,-0.0720499669529664,0.0084));
#16113=CARTESIAN_POINT('',(-0.196084766952967,-0.0720499669529664,0.0064));
#16114=CARTESIAN_POINT('',(-0.194484766952967,-0.0720499669529664,0.0064));
#16115=CARTESIAN_POINT('',(-0.196084766952967,0.0720241669529664,-0.0166));
#16116=CARTESIAN_POINT('',(-0.196084766952967,0.0720241669529664,0.0084));
#16117=CARTESIAN_POINT('',(-0.194484766952967,0.0720241669529664,0.0084));
#16118=CARTESIAN_POINT('',(-0.196084766952967,0.0720241669529664,0.0064));
#16119=CARTESIAN_POINT('',(-0.194484766952967,0.0720241669529664,0.0064));
#16120=CARTESIAN_POINT('',(-0.194317,0.0702564,0.0084));
#16121=CARTESIAN_POINT('',(-0.194317,0.0702564,0.0064));
#16122=CARTESIAN_POINT('',(-0.194317,0.0752564,0.0064));
#16123=CARTESIAN_POINT('',(-0.194317,0.0702564,0.0084));
#16124=CARTESIAN_POINT('',(-0.194317,0.0752564,0.0084));
#16125=CARTESIAN_POINT('',(-0.194317,0.0752564,0.0084));
#16126=CARTESIAN_POINT('',(-0.194317,-0.0702564,0.0084));
#16127=CARTESIAN_POINT('',(-0.194317,-0.0702564,0.0064));
#16128=CARTESIAN_POINT('',(-0.194317,-0.0752564,0.0064));
#16129=CARTESIAN_POINT('',(-0.194317,-0.0752564,0.0084));
#16130=CARTESIAN_POINT('',(-0.194317,-0.0752564,0.0084));
#16131=CARTESIAN_POINT('',(-0.194317,-0.0702564,0.0084));
#16132=CARTESIAN_POINT('',(-0.00280493986762068,0.00838947106670811,-0.0016));
#16133=CARTESIAN_POINT('',(-0.00280493986762068,0.0153894710667081,-0.0016));
#16134=CARTESIAN_POINT('',(-0.00280493986762068,0.0153894710667081,0.0064));
#16135=CARTESIAN_POINT('',(-0.00280493986762068,0.0153894710667081,0.0084));
#16136=CARTESIAN_POINT('',(-0.00280493986762068,0.00838947106670811,0.0084));
#16137=CARTESIAN_POINT('',(-0.00280493986762068,0.00138947106670813,0.0084));
#16138=CARTESIAN_POINT('',(-0.00280493986762068,0.00138947106670813,-0.0016));
#16139=CARTESIAN_POINT('',(-0.00280493986762068,0.00138947106670813,0.0064));
#16140=CARTESIAN_POINT('',(-0.00280493986762068,5.21335182542666E-19,0.0064));
#16141=CARTESIAN_POINT('',(-0.00280493986762068,0.0281894710667081,-0.0016));
#16142=CARTESIAN_POINT('',(-0.00280493986762068,0.0351894710667081,-0.0016));
#16143=CARTESIAN_POINT('',(-0.00280493986762068,0.0351894710667081,0.0064));
#16144=CARTESIAN_POINT('',(-0.00280493986762068,0.0351894710667081,0.0084));
#16145=CARTESIAN_POINT('',(-0.00280493986762068,0.0281894710667081,0.0084));
#16146=CARTESIAN_POINT('',(-0.00280493986762068,0.0211894710667082,0.0084));
#16147=CARTESIAN_POINT('',(-0.00280493986762068,0.0211894710667082,-0.0016));
#16148=CARTESIAN_POINT('',(-0.00280493986762068,0.0211894710667082,0.0064));
#16149=CARTESIAN_POINT('',(-0.00280493986762069,5.21335182542666E-19,0.0064));
#16150=CARTESIAN_POINT('',(-0.00280493986762068,0.0479894710667081,-0.0016));
#16151=CARTESIAN_POINT('',(-0.00280493986762068,0.0549894710667081,-0.0016));
#16152=CARTESIAN_POINT('',(-0.00280493986762068,0.0549894710667081,0.0064));
#16153=CARTESIAN_POINT('',(-0.00280493986762068,0.0549894710667081,0.0084));
#16154=CARTESIAN_POINT('',(-0.00280493986762068,0.0479894710667081,0.0084));
#16155=CARTESIAN_POINT('',(-0.00280493986762068,0.0409894710667082,0.0084));
#16156=CARTESIAN_POINT('',(-0.00280493986762068,0.0409894710667082,-0.0016));
#16157=CARTESIAN_POINT('',(-0.00280493986762068,0.0409894710667082,0.0064));
#16158=CARTESIAN_POINT('',(-0.00280493986762069,5.21335182542667E-19,0.0064));
#16159=CARTESIAN_POINT('',(-0.00280493986762068,-0.0114105289332919,-0.0016));
#16160=CARTESIAN_POINT('',(-0.00280493986762068,-0.00441052893329189,-0.0016));
#16161=CARTESIAN_POINT('',(-0.00280493986762068,-0.00441052893329189,0.0064));
#16162=CARTESIAN_POINT('',(-0.00280493986762068,-0.00441052893329189,0.0084));
#16163=CARTESIAN_POINT('',(-0.00280493986762068,-0.0114105289332919,0.0084));
#16164=CARTESIAN_POINT('',(-0.00280493986762068,-0.0184105289332918,0.0084));
#16165=CARTESIAN_POINT('',(-0.00280493986762068,-0.0184105289332918,-0.0016));
#16166=CARTESIAN_POINT('',(-0.00280493986762068,-0.0184105289332918,0.0064));
#16167=CARTESIAN_POINT('',(-0.00280493986762068,5.21335182542665E-19,0.0064));
#16168=CARTESIAN_POINT('',(-0.00280493986762068,-0.0312105289332919,-0.0016));
#16169=CARTESIAN_POINT('',(-0.00280493986762068,-0.0242105289332919,-0.0016));
#16170=CARTESIAN_POINT('',(-0.00280493986762068,-0.0242105289332919,0.0064));
#16171=CARTESIAN_POINT('',(-0.00280493986762068,-0.0242105289332919,0.0084));
#16172=CARTESIAN_POINT('',(-0.00280493986762068,-0.0312105289332919,0.0084));
#16173=CARTESIAN_POINT('',(-0.00280493986762068,-0.0382105289332918,0.0084));
#16174=CARTESIAN_POINT('',(-0.00280493986762068,-0.0382105289332918,-0.0016));
#16175=CARTESIAN_POINT('',(-0.00280493986762068,-0.0382105289332918,0.0064));
#16176=CARTESIAN_POINT('',(-0.00280493986762068,5.21335182542664E-19,0.0064));
#16177=CARTESIAN_POINT('',(-0.00280493986762068,-0.0510105289332919,-0.0016));
#16178=CARTESIAN_POINT('',(-0.00280493986762068,-0.0440105289332919,-0.0016));
#16179=CARTESIAN_POINT('',(-0.00280493986762068,-0.0440105289332919,0.0064));
#16180=CARTESIAN_POINT('',(-0.00280493986762068,-0.0440105289332919,0.0084));
#16181=CARTESIAN_POINT('',(-0.00280493986762068,-0.0510105289332919,0.0084));
#16182=CARTESIAN_POINT('',(-0.00280493986762068,-0.0580105289332919,0.0084));
#16183=CARTESIAN_POINT('',(-0.00280493986762068,-0.0580105289332919,-0.0016));
#16184=CARTESIAN_POINT('',(-0.00280493986762068,-0.0580105289332919,0.0064));
#16185=CARTESIAN_POINT('',(-0.00280493986762067,5.21335182542664E-19,0.0064));
#16186=CARTESIAN_POINT('',(0.,-0.0752564,0.0084));
#16187=CARTESIAN_POINT('',(-1.7000000000017E-5,-0.0752564,0.0084));
#16188=CARTESIAN_POINT('',(-1.7000000000017E-5,-0.0752564,0.0084));
#16189=CARTESIAN_POINT('',(-1.7000000000017E-5,-0.0752564,0.0064));
#16190=CARTESIAN_POINT('',(0.,-0.0752564,0.0084));
#16191=CARTESIAN_POINT('',(0.,-0.0752564,0.0064));
#16192=CARTESIAN_POINT('',(0.00419506013237932,-0.0580105289332919,-0.0016));
#16193=CARTESIAN_POINT('',(0.00419506013237932,-0.0580105289332919,0.0084));
#16194=CARTESIAN_POINT('',(-1.7000000000017E-5,-0.0580105289332919,0.0084));
#16195=CARTESIAN_POINT('',(-1.7000000000017E-5,-0.0580105289332919,-0.0016));
#16196=CARTESIAN_POINT('',(-1.7000000000017E-5,-0.0580105289332919,0.0064));
#16197=CARTESIAN_POINT('',(0.,-0.0580105289332919,0.0064));
#16198=CARTESIAN_POINT('',(0.00419506013237932,-0.0440105289332919,-0.0016));
#16199=CARTESIAN_POINT('',(-1.7000000000017E-5,-0.0440105289332919,-0.0016));
#16200=CARTESIAN_POINT('',(-1.7000000000017E-5,-0.0440105289332919,0.0084));
#16201=CARTESIAN_POINT('',(-1.7000000000017E-5,-0.0440105289332919,0.0064));
#16202=CARTESIAN_POINT('',(0.00419506013237932,-0.0440105289332919,0.0084));
#16203=CARTESIAN_POINT('',(0.,-0.0440105289332919,0.0064));
#16204=CARTESIAN_POINT('',(0.00419506013237932,-0.0382105289332918,-0.0016));
#16205=CARTESIAN_POINT('',(0.00419506013237932,-0.0382105289332918,0.0084));
#16206=CARTESIAN_POINT('',(-1.7000000000017E-5,-0.0382105289332918,0.0084));
#16207=CARTESIAN_POINT('',(-1.7000000000017E-5,-0.0382105289332918,-0.0016));
#16208=CARTESIAN_POINT('',(-1.7000000000017E-5,-0.0382105289332918,0.0064));
#16209=CARTESIAN_POINT('',(0.,-0.0382105289332918,0.0064));
#16210=CARTESIAN_POINT('',(0.00419506013237932,-0.0242105289332919,-0.0016));
#16211=CARTESIAN_POINT('',(-1.7000000000017E-5,-0.0242105289332919,-0.0016));
#16212=CARTESIAN_POINT('',(-1.7000000000017E-5,-0.0242105289332919,0.0084));
#16213=CARTESIAN_POINT('',(-1.7000000000017E-5,-0.0242105289332919,0.0064));
#16214=CARTESIAN_POINT('',(0.00419506013237932,-0.0242105289332919,0.0084));
#16215=CARTESIAN_POINT('',(0.,-0.0242105289332919,0.0064));
#16216=CARTESIAN_POINT('',(0.00419506013237932,-0.0184105289332918,-0.0016));
#16217=CARTESIAN_POINT('',(0.00419506013237932,-0.0184105289332918,0.0084));
#16218=CARTESIAN_POINT('',(-1.7000000000017E-5,-0.0184105289332918,0.0084));
#16219=CARTESIAN_POINT('',(-1.7000000000017E-5,-0.0184105289332918,-0.0016));
#16220=CARTESIAN_POINT('',(-1.7000000000017E-5,-0.0184105289332918,0.0064));
#16221=CARTESIAN_POINT('',(0.,-0.0184105289332918,0.0064));
#16222=CARTESIAN_POINT('',(0.00419506013237932,-0.00441052893329189,-0.0016));
#16223=CARTESIAN_POINT('',(-1.7000000000017E-5,-0.00441052893329189,-0.0016));
#16224=CARTESIAN_POINT('',(-1.7000000000017E-5,-0.00441052893329189,0.0084));
#16225=CARTESIAN_POINT('',(-1.7000000000017E-5,-0.00441052893329189,0.0064));
#16226=CARTESIAN_POINT('',(0.00419506013237932,-0.00441052893329189,0.0084));
#16227=CARTESIAN_POINT('',(0.,-0.00441052893329189,0.0064));
#16228=CARTESIAN_POINT('',(0.00419506013237932,0.00138947106670813,-0.0016));
#16229=CARTESIAN_POINT('',(0.00419506013237932,0.00138947106670813,0.0084));
#16230=CARTESIAN_POINT('',(-1.7000000000017E-5,0.00138947106670813,0.0084));
#16231=CARTESIAN_POINT('',(-1.7000000000017E-5,0.00138947106670813,-0.0016));
#16232=CARTESIAN_POINT('',(-1.7000000000017E-5,0.00138947106670813,0.0064));
#16233=CARTESIAN_POINT('',(0.,0.00138947106670813,0.0064));
#16234=CARTESIAN_POINT('',(0.00419506013237932,0.0153894710667081,-0.0016));
#16235=CARTESIAN_POINT('',(-1.7000000000017E-5,0.0153894710667081,-0.0016));
#16236=CARTESIAN_POINT('',(-1.7000000000017E-5,0.0153894710667081,0.0084));
#16237=CARTESIAN_POINT('',(-1.7000000000017E-5,0.0153894710667081,0.0064));
#16238=CARTESIAN_POINT('',(0.00419506013237932,0.0153894710667081,0.0084));
#16239=CARTESIAN_POINT('',(0.,0.0153894710667081,0.0064));
#16240=CARTESIAN_POINT('',(0.00419506013237932,0.0211894710667082,-0.0016));
#16241=CARTESIAN_POINT('',(0.00419506013237932,0.0211894710667082,0.0084));
#16242=CARTESIAN_POINT('',(-1.7000000000017E-5,0.0211894710667082,0.0084));
#16243=CARTESIAN_POINT('',(-1.7000000000017E-5,0.0211894710667082,-0.0016));
#16244=CARTESIAN_POINT('',(-1.7000000000017E-5,0.0211894710667082,0.0064));
#16245=CARTESIAN_POINT('',(0.,0.0211894710667082,0.0064));
#16246=CARTESIAN_POINT('',(0.00419506013237932,0.0351894710667081,-0.0016));
#16247=CARTESIAN_POINT('',(-1.7000000000017E-5,0.0351894710667081,-0.0016));
#16248=CARTESIAN_POINT('',(-1.7000000000017E-5,0.0351894710667081,0.0084));
#16249=CARTESIAN_POINT('',(-1.7000000000017E-5,0.0351894710667081,0.0064));
#16250=CARTESIAN_POINT('',(0.00419506013237932,0.0351894710667081,0.0084));
#16251=CARTESIAN_POINT('',(0.,0.0351894710667081,0.0064));
#16252=CARTESIAN_POINT('',(0.00419506013237932,0.0409894710667082,-0.0016));
#16253=CARTESIAN_POINT('',(0.00419506013237932,0.0409894710667082,0.0084));
#16254=CARTESIAN_POINT('',(-1.7000000000017E-5,0.0409894710667082,0.0084));
#16255=CARTESIAN_POINT('',(-1.7000000000017E-5,0.0409894710667082,-0.0016));
#16256=CARTESIAN_POINT('',(-1.7000000000017E-5,0.0409894710667082,0.0064));
#16257=CARTESIAN_POINT('',(0.,0.0409894710667082,0.0064));
#16258=CARTESIAN_POINT('',(0.00419506013237932,0.0549894710667081,-0.0016));
#16259=CARTESIAN_POINT('',(-1.7000000000017E-5,0.0549894710667081,-0.0016));
#16260=CARTESIAN_POINT('',(-1.7000000000017E-5,0.0549894710667081,0.0084));
#16261=CARTESIAN_POINT('',(-1.7000000000017E-5,0.0549894710667081,0.0064));
#16262=CARTESIAN_POINT('',(0.00419506013237932,0.0549894710667081,0.0084));
#16263=CARTESIAN_POINT('',(0.,0.0549894710667081,0.0064));
#16264=CARTESIAN_POINT('',(0.,0.0752564,0.0084));
#16265=CARTESIAN_POINT('',(0.,0.0752564,0.0084));
#16266=CARTESIAN_POINT('',(-1.7000000000017E-5,0.0752564,0.0084));
#16267=CARTESIAN_POINT('',(-1.7000000000017E-5,0.0752564,0.0084));
#16268=CARTESIAN_POINT('',(-1.7000000000017E-5,0.0752564,0.0064));
#16269=CARTESIAN_POINT('',(0.,0.0752564,0.0064));
#16270=CARTESIAN_POINT('',(0.,0.,0.0064));
#16271=CARTESIAN_POINT('',(-1.7000000000017E-5,0.,0.0064));
#16272=CARTESIAN_POINT('',(-1.7000000000017E-5,0.,0.0064));
#16273=CARTESIAN_POINT('',(-1.7000000000017E-5,0.,0.0064));
#16274=CARTESIAN_POINT('',(-1.7000000000017E-5,0.,0.0064));
#16275=CARTESIAN_POINT('',(-1.7000000000017E-5,0.,0.0064));
#16276=CARTESIAN_POINT('',(-1.7000000000017E-5,0.,0.0064));
#16277=CARTESIAN_POINT('',(-1.7000000000017E-5,0.,0.0064));
#16278=CARTESIAN_POINT('',(0.,0.,0.0084));
#16279=CARTESIAN_POINT('',(-1.7000000000017E-5,0.,0.0084));
#16280=CARTESIAN_POINT('',(-1.7000000000017E-5,0.,0.0084));
#16281=CARTESIAN_POINT('',(-1.7000000000017E-5,0.,0.0084));
#16282=CARTESIAN_POINT('',(-1.7000000000017E-5,0.,0.0084));
#16283=CARTESIAN_POINT('',(-1.7000000000017E-5,0.,0.0084));
#16284=CARTESIAN_POINT('',(-1.7000000000017E-5,0.,0.0084));
#16285=CARTESIAN_POINT('',(-1.7000000000017E-5,0.,0.0084));
#16286=CARTESIAN_POINT('',(-1.7000000000017E-5,0.,-0.0016));
#16287=CARTESIAN_POINT('',(-1.7000000000017E-5,0.,-0.0016));
#16288=CARTESIAN_POINT('',(-1.7000000000017E-5,0.,-0.0016));
#16289=CARTESIAN_POINT('',(-1.7000000000017E-5,0.,-0.0016));
#16290=CARTESIAN_POINT('',(-1.7000000000017E-5,0.,-0.0016));
#16291=CARTESIAN_POINT('',(-1.7000000000017E-5,0.,-0.0016));
#16292=CARTESIAN_POINT('',(-1.7000000000017E-5,0.,-0.0016));
#16293=MECHANICAL_DESIGN_GEOMETRIC_PRESENTATION_REPRESENTATION('',(#10343),
#16297);
#16294=MECHANICAL_DESIGN_GEOMETRIC_PRESENTATION_REPRESENTATION('',(#10344),
#16298);
#16295=MECHANICAL_DESIGN_GEOMETRIC_PRESENTATION_REPRESENTATION('',(#10345),
#16299);
#16296=MECHANICAL_DESIGN_GEOMETRIC_PRESENTATION_REPRESENTATION('',(#10346),
#16300);
#16297=(
GEOMETRIC_REPRESENTATION_CONTEXT(3)
GLOBAL_UNCERTAINTY_ASSIGNED_CONTEXT((#16301))
GLOBAL_UNIT_ASSIGNED_CONTEXT((#16313,#16309,#16305))
REPRESENTATION_CONTEXT('Left bottom case','TOP_LEVEL_ASSEMBLY_PART')
);
#16298=(
GEOMETRIC_REPRESENTATION_CONTEXT(3)
GLOBAL_UNCERTAINTY_ASSIGNED_CONTEXT((#16302))
GLOBAL_UNIT_ASSIGNED_CONTEXT((#16314,#16310,#16306))
REPRESENTATION_CONTEXT('Right top plate','TOP_LEVEL_ASSEMBLY_PART')
);
#16299=(
GEOMETRIC_REPRESENTATION_CONTEXT(3)
GLOBAL_UNCERTAINTY_ASSIGNED_CONTEXT((#16303))
GLOBAL_UNIT_ASSIGNED_CONTEXT((#16315,#16311,#16307))
REPRESENTATION_CONTEXT('Right bottom case','TOP_LEVEL_ASSEMBLY_PART')
);
#16300=(
GEOMETRIC_REPRESENTATION_CONTEXT(3)
GLOBAL_UNCERTAINTY_ASSIGNED_CONTEXT((#16304))
GLOBAL_UNIT_ASSIGNED_CONTEXT((#16316,#16312,#16308))
REPRESENTATION_CONTEXT('Left top plate','TOP_LEVEL_ASSEMBLY_PART')
);
#16301=UNCERTAINTY_MEASURE_WITH_UNIT(LENGTH_MEASURE(1.E-8),#16313,
'DISTANCE_ACCURACY_VALUE','Maximum Tolerance applied to model');
#16302=UNCERTAINTY_MEASURE_WITH_UNIT(LENGTH_MEASURE(1.E-8),#16314,
'DISTANCE_ACCURACY_VALUE','Maximum Tolerance applied to model');
#16303=UNCERTAINTY_MEASURE_WITH_UNIT(LENGTH_MEASURE(1.E-8),#16315,
'DISTANCE_ACCURACY_VALUE','Maximum Tolerance applied to model');
#16304=UNCERTAINTY_MEASURE_WITH_UNIT(LENGTH_MEASURE(1.E-8),#16316,
'DISTANCE_ACCURACY_VALUE','Maximum Tolerance applied to model');
#16305=(
NAMED_UNIT(*)
SI_UNIT($,.STERADIAN.)
SOLID_ANGLE_UNIT()
);
#16306=(
NAMED_UNIT(*)
SI_UNIT($,.STERADIAN.)
SOLID_ANGLE_UNIT()
);
#16307=(
NAMED_UNIT(*)
SI_UNIT($,.STERADIAN.)
SOLID_ANGLE_UNIT()
);
#16308=(
NAMED_UNIT(*)
SI_UNIT($,.STERADIAN.)
SOLID_ANGLE_UNIT()
);
#16309=(
NAMED_UNIT(*)
PLANE_ANGLE_UNIT()
SI_UNIT($,.RADIAN.)
);
#16310=(
NAMED_UNIT(*)
PLANE_ANGLE_UNIT()
SI_UNIT($,.RADIAN.)
);
#16311=(
NAMED_UNIT(*)
PLANE_ANGLE_UNIT()
SI_UNIT($,.RADIAN.)
);
#16312=(
NAMED_UNIT(*)
PLANE_ANGLE_UNIT()
SI_UNIT($,.RADIAN.)
);
#16313=(
LENGTH_UNIT()
NAMED_UNIT(*)
SI_UNIT($,.METRE.)
);
#16314=(
LENGTH_UNIT()
NAMED_UNIT(*)
SI_UNIT($,.METRE.)
);
#16315=(
LENGTH_UNIT()
NAMED_UNIT(*)
SI_UNIT($,.METRE.)
);
#16316=(
LENGTH_UNIT()
NAMED_UNIT(*)
SI_UNIT($,.METRE.)
);
#16317=PRODUCT_DEFINITION_SHAPE('','',#16321);
#16318=PRODUCT_DEFINITION_SHAPE('','',#16322);
#16319=PRODUCT_DEFINITION_SHAPE('','',#16323);
#16320=PRODUCT_DEFINITION_SHAPE('','',#16324);
#16321=PRODUCT_DEFINITION('','',#16329,#16325);
#16322=PRODUCT_DEFINITION('','',#16330,#16326);
#16323=PRODUCT_DEFINITION('','',#16331,#16327);
#16324=PRODUCT_DEFINITION('','',#16332,#16328);
#16325=PRODUCT_DEFINITION_CONTEXT('',#16353,'design');
#16326=PRODUCT_DEFINITION_CONTEXT('',#16354,'design');
#16327=PRODUCT_DEFINITION_CONTEXT('',#16355,'design');
#16328=PRODUCT_DEFINITION_CONTEXT('',#16356,'design');
#16329=PRODUCT_DEFINITION_FORMATION_WITH_SPECIFIED_SOURCE('','',#16337,
 .NOT_KNOWN.);
#16330=PRODUCT_DEFINITION_FORMATION_WITH_SPECIFIED_SOURCE('','',#16338,
 .NOT_KNOWN.);
#16331=PRODUCT_DEFINITION_FORMATION_WITH_SPECIFIED_SOURCE('','',#16339,
 .NOT_KNOWN.);
#16332=PRODUCT_DEFINITION_FORMATION_WITH_SPECIFIED_SOURCE('','',#16340,
 .NOT_KNOWN.);
#16333=PRODUCT_RELATED_PRODUCT_CATEGORY('','',(#16337));
#16334=PRODUCT_RELATED_PRODUCT_CATEGORY('','',(#16338));
#16335=PRODUCT_RELATED_PRODUCT_CATEGORY('','',(#16339));
#16336=PRODUCT_RELATED_PRODUCT_CATEGORY('','',(#16340));
#16337=PRODUCT('Left bottom case','Left bottom case','Left bottom case',
(#16345));
#16338=PRODUCT('Right top plate','Right top plate','Right top plate',(#16346));
#16339=PRODUCT('Right bottom case','Right bottom case',
'Right bottom case',(#16347));
#16340=PRODUCT('Left top plate','Left top plate','Left top plate',(#16348));
#16341=PRODUCT_CATEGORY('','');
#16342=PRODUCT_CATEGORY('','');
#16343=PRODUCT_CATEGORY('','');
#16344=PRODUCT_CATEGORY('','');
#16345=PRODUCT_CONTEXT('',#16353,'mechanical');
#16346=PRODUCT_CONTEXT('',#16354,'mechanical');
#16347=PRODUCT_CONTEXT('',#16355,'mechanical');
#16348=PRODUCT_CONTEXT('',#16356,'mechanical');
#16349=APPLICATION_PROTOCOL_DEFINITION('international standard',
'ap242_managed_model_based_3d_engineering',2020,#16353);
#16350=APPLICATION_PROTOCOL_DEFINITION('international standard',
'ap242_managed_model_based_3d_engineering',2020,#16354);
#16351=APPLICATION_PROTOCOL_DEFINITION('international standard',
'ap242_managed_model_based_3d_engineering',2020,#16355);
#16352=APPLICATION_PROTOCOL_DEFINITION('international standard',
'ap242_managed_model_based_3d_engineering',2020,#16356);
#16353=APPLICATION_CONTEXT('managed model based 3d engineering');
#16354=APPLICATION_CONTEXT('managed model based 3d engineering');
#16355=APPLICATION_CONTEXT('managed model based 3d engineering');
#16356=APPLICATION_CONTEXT('managed model based 3d engineering');
ENDSEC;
END-ISO-10303-21;
